FA_C,FA_DB,FA_iso,CE,norm_Intensity
12,0,0,10,29.93874581
12,0,0,11,39.05255552
12,0,0,12,49.19108992
12,0,0,13,58.72778958
12,0,0,14,66.69715832
12,0,0,15,70.8072491
12,0,0,16,72.06791293
12,0,0,17,71.82222658
12,0,0,18,68.91848763
12,0,0,19,62.26687829
12,0,0,20,55.18901434
12,0,0,21,47.45516751
12,0,0,22,38.95399075
12,0,0,23,31.85300162
12,0,0,24,24.25160142
12,0,0,25,17.95946309
12,0,0,26,13.01328555
12,0,0,27,8.937631754
12,0,0,28,5.897154909
12,0,0,29,3.788329117
12,0,0,30,2.421976945
12,0,0,31,1.413232304
12,0,0,32,0.817486933
12,0,0,33,0.407303386
12,0,0,34,0.220505554
12,0,0,35,0.093831513
12,0,0,36,0.008697109
12,0,0,37,0.002841331
14,0,0,10,28.96372051
14,0,0,11,38.47710312
14,0,0,12,48.90359876
14,0,0,13,58.49893357
14,0,0,14,64.66011771
14,0,0,15,71.62629836
14,0,0,16,73.96966871
14,0,0,17,74.40419654
14,0,0,18,70.66749225
14,0,0,19,67.32788472
14,0,0,20,60.51495496
14,0,0,21,52.64028719
14,0,0,22,44.16260031
14,0,0,23,35.46776695
14,0,0,24,28.059931
14,0,0,25,21.4713561
14,0,0,26,15.39432877
14,0,0,27,10.8273989
14,0,0,28,7.03525087
14,0,0,29,4.561675178
14,0,0,30,2.841679064
14,0,0,31,1.599412948
14,0,0,32,0.934063719
14,0,0,33,0.506327606
14,0,0,34,0.263898069
14,0,0,35,0.055866047
14,0,0,36,0.003675817
14,0,0,37,0.003513067
16,0,0,10,26.04650945
16,0,0,11,35.23090789
16,0,0,12,44.55832485
16,0,0,13,54.99163942
16,0,0,14,63.32472085
16,0,0,15,70.54567124
16,0,0,16,73.41291473
16,0,0,17,73.98180199
16,0,0,18,70.55831109
16,0,0,19,65.84922584
16,0,0,20,58.55370825
16,0,0,21,50.76247044
16,0,0,22,42.59283047
16,0,0,23,34.31785592
16,0,0,24,26.70688952
16,0,0,25,19.71721649
16,0,0,26,14.11960104
16,0,0,27,9.908290464
16,0,0,28,6.573720429
16,0,0,29,4.112042071
16,0,0,30,2.424811675
16,0,0,31,1.488791004
16,0,0,32,0.844744202
16,0,0,33,0.440180521
16,0,0,34,0.192953534
16,0,0,35,0.040134818
16,0,0,36,0.004082274
17,0,0,10,26.13970091
17,0,0,11,35.45211094
17,0,0,12,45.62459896
17,0,0,13,55.24207517
17,0,0,14,64.6612777
17,0,0,15,71.86917597
17,0,0,16,75.89170197
17,0,0,17,77.12723043
17,0,0,18,74.84787452
17,0,0,19,70.93131351
17,0,0,20,64.91870783
17,0,0,21,56.31864652
17,0,0,22,48.67985633
17,0,0,23,40.23270411
17,0,0,24,31.095456
17,0,0,25,23.75255723
17,0,0,26,17.23127042
17,0,0,27,11.81411188
17,0,0,28,8.108291729
17,0,0,29,5.14876736
17,0,0,30,3.144214788
17,0,0,31,1.690007655
17,0,0,32,1.078613571
17,0,0,33,0.537196004
17,0,0,34,0.310207549
17,0,0,35,0.102872431
17,0,0,36,0.007529849
18,0,0,10,24.08198439
18,0,0,11,32.31239467
18,0,0,12,42.53335706
18,0,0,13,51.99137629
18,0,0,14,61.34861355
18,0,0,15,69.19569191
18,0,0,16,72.23233002
18,0,0,17,73.03768787
18,0,0,18,73.39349448
18,0,0,19,67.5688757
18,0,0,20,60.74455165
18,0,0,21,53.75561061
18,0,0,22,45.30303379
18,0,0,23,37.00125575
18,0,0,24,29.1699258
18,0,0,25,22.02059721
18,0,0,26,15.97367635
18,0,0,27,11.02586749
18,0,0,28,7.411254157
18,0,0,29,4.599855397
18,0,0,30,2.806579855
18,0,0,31,1.643641652
18,0,0,32,0.864031807
18,0,0,33,0.426692697
18,0,0,34,0.247081136
18,0,0,35,0.067806768
18,0,0,36,0.018057094
18,1,9,10,26.79745148
18,1,9,11,36.57859112
18,1,9,12,46.46086166
18,1,9,13,58.07136703
18,1,9,14,66.58002047
18,1,9,15,73.65900604
18,1,9,16,77.92412821
18,1,9,17,79.04526684
18,1,9,18,76.44677492
18,1,9,19,71.36106891
18,1,9,20,64.29778862
18,1,9,21,56.32480643
18,1,9,22,46.12203017
18,1,9,23,37.06520262
18,1,9,24,28.42410314
18,1,9,25,20.72674798
18,1,9,26,14.57435063
18,1,9,27,9.492943203
18,1,9,28,6.185694484
18,1,9,29,3.654203352
18,1,9,30,2.082427075
18,1,9,31,1.1675739
18,1,9,32,0.623044807
18,1,9,33,0.261691779
18,1,9,34,0.089518061
18,1,9,35,0.023575407
18,2,9,10,25.95072399
18,2,9,11,34.88857688
18,2,9,12,45.94166623
18,2,9,13,55.02232115
18,2,9,14,63.16645473
18,2,9,15,69.92576246
18,2,9,16,72.17838194
18,2,9,17,72.07736766
18,2,9,18,68.59083574
18,2,9,19,63.10540371
18,2,9,20,55.4232771
18,2,9,21,46.89680071
18,2,9,22,38.2648488
18,2,9,23,30.2627339
18,2,9,24,22.90639972
18,2,9,25,16.43146601
18,2,9,26,11.51891343
18,2,9,27,7.660837571
18,2,9,28,4.952456033
18,2,9,29,2.953044666
18,2,9,30,1.718529985
18,2,9,31,0.959718062
18,2,9,32,0.528111144
18,2,9,33,0.288829199
18,2,9,34,0.063100517
18,2,9,35,0.011491197
18,3,6,10,29.0804191
18,3,6,11,38.59767396
18,3,6,12,49.31507755
18,3,6,13,58.99614134
18,3,6,14,66.94079966
18,3,6,15,72.32273836
18,3,6,16,74.34559922
18,3,6,17,73.15020751
18,3,6,18,69.03205408
18,3,6,19,61.71499671
18,3,6,20,53.67024757
18,3,6,21,45.54661116
18,3,6,22,36.32683334
18,3,6,23,28.37618766
18,3,6,24,20.95380264
18,3,6,25,14.73626106
18,3,6,26,9.933347064
18,3,6,27,6.58077187
18,3,6,28,3.960811558
18,3,6,29,2.409987459
18,3,6,30,1.360381219
18,3,6,31,0.720096964
18,3,6,32,0.375149219
18,3,6,33,0.140674158
18,3,6,34,0.027276115
18,3,6,35,0.003500281
18,4,8,10,29.98687185
18,4,8,11,40.5092698
18,4,8,12,50.78951033
18,4,8,13,60.61316754
18,4,8,14,69.316808
18,4,8,15,74.88656126
18,4,8,16,76.83354389
18,4,8,17,75.38418889
18,4,8,18,72.15975125
18,4,8,19,65.38981746
18,4,8,20,58.05997618
18,4,8,21,48.83045855
18,4,8,22,40.25781244
18,4,8,23,31.1058163
18,4,8,24,23.30057698
18,4,8,25,16.84971661
18,4,8,26,11.42502732
18,4,8,27,7.489879015
18,4,8,28,4.593490163
18,4,8,29,2.629418439
18,4,8,30,1.513097648
18,4,8,31,0.796868426
18,4,8,32,0.423784398
18,4,8,33,0.187020034
18,4,8,34,0.065627812
18,4,8,35,0.012883589
18,4,8,36,0.003811693
20,3,5,10,26.59138302
20,3,5,11,34.9655498
20,3,5,12,45.04060241
20,3,5,13,54.5977741
20,3,5,14,63.74427982
20,3,5,15,69.5485523
20,3,5,16,71.90257242
20,3,5,17,70.84869681
20,3,5,18,67.66763044
20,3,5,19,61.84226699
20,3,5,20,54.76372785
20,3,5,21,47.67694958
20,3,5,22,37.6348169
20,3,5,23,29.69249714
20,3,5,24,22.09369417
20,3,5,25,15.82190739
20,3,5,26,10.86528953
20,3,5,27,6.953855388
20,3,5,28,4.242995656
20,3,5,29,2.346022434
20,3,5,30,1.33066066
20,3,5,31,0.743178247
20,3,5,32,0.358825793
20,3,5,33,0.211365822
20,3,5,34,0.019761793
20,3,11,10,26.99352552
20,3,11,11,36.6793232
20,3,11,12,47.14149046
20,3,11,13,58.28214601
20,3,11,14,67.60748799
20,3,11,15,74.26143346
20,3,11,16,77.66901349
20,3,11,17,78.29699321
20,3,11,18,75.52398924
20,3,11,19,70.10909546
20,3,11,20,63.15700893
20,3,11,21,54.93345422
20,3,11,22,45.76874183
20,3,11,23,36.79769821
20,3,11,24,28.36579267
20,3,11,25,20.89132497
20,3,11,26,14.88911046
20,3,11,27,9.794346121
20,3,11,28,6.351883873
20,3,11,29,3.784214427
20,3,11,30,2.225912791
20,3,11,31,1.240344378
20,3,11,32,0.646045862
20,3,11,33,0.303941807
20,3,11,34,0.111677874
20,3,11,35,0.028220616
20,3,11,36,0.001930715
20,4,5,10,28.58742943
20,4,5,11,39.07544101
20,4,5,12,49.13740352
20,4,5,13,60.46739386
20,4,5,14,69.14282427
20,4,5,15,74.45874853
20,4,5,16,76.93669149
20,4,5,17,75.09836986
20,4,5,18,71.04621862
20,4,5,19,64.05479641
20,4,5,20,56.57056236
20,4,5,21,46.99855963
20,4,5,22,37.81708877
20,4,5,23,28.96966907
20,4,5,24,21.10425918
20,4,5,25,14.75043422
20,4,5,26,9.67511054
20,4,5,27,6.143073043
20,4,5,28,3.705757045
20,4,5,29,2.049238243
20,4,5,30,1.11513012
20,4,5,31,0.581674286
20,4,5,32,0.274697999
20,4,5,33,0.089422448
20,4,5,34,0.00804241
20,4,8,10,25.80251558
20,4,8,11,35.41448378
20,4,8,12,45.49243885
20,4,8,13,55.84093632
20,4,8,14,64.26157624
20,4,8,15,70.57542042
20,4,8,16,73.66150911
20,4,8,17,73.10539607
20,4,8,18,70.13396994
20,4,8,19,65.1892527
20,4,8,20,58.04982973
20,4,8,21,49.33589006
20,4,8,22,41.24303658
20,4,8,23,32.49964696
20,4,8,24,24.62408497
20,4,8,25,17.85028777
20,4,8,26,12.48660309
20,4,8,27,8.08355227
20,4,8,28,4.876868061
20,4,8,29,3.23704804
20,4,8,30,1.80174499
20,4,8,31,0.885395118
20,4,8,32,0.487525132
20,4,8,33,0.261658455
20,4,8,34,0.05838593
20,4,8,35,0.007138211
20,5,5,10,29.11709604
20,5,5,11,38.0562995
20,5,5,12,47.40367534
20,5,5,13,57.12386197
20,5,5,14,64.1528864
20,5,5,15,67.36274402
20,5,5,16,67.56316842
20,5,5,17,66.58407346
20,5,5,18,61.41099111
20,5,5,19,52.82712853
20,5,5,20,44.99666529
20,5,5,21,36.91937415
20,5,5,22,29.57002106
20,5,5,23,22.29632263
20,5,5,24,14.91970709
20,5,5,25,10.4993287
20,5,5,26,6.574543535
20,5,5,27,4.070767079
20,5,5,28,2.459221091
20,5,5,29,1.382937296
20,5,5,30,0.72242868
20,5,5,31,0.370747934
20,5,5,32,0.124286591
20,5,5,33,0.054248716
22,0,0,10,20.9768649
22,0,0,11,28.63147923
22,0,0,12,38.2963458
22,0,0,13,48.49550037
22,0,0,14,59.15540384
22,0,0,15,66.37057223
22,0,0,16,71.5479642
22,0,0,17,73.16566848
22,0,0,18,72.52624153
22,0,0,19,67.88925438
22,0,0,20,61.71794613
22,0,0,21,53.88604864
22,0,0,22,45.32359253
22,0,0,23,37.39391559
22,0,0,24,28.88814506
22,0,0,25,21.90407653
22,0,0,26,16.04429001
22,0,0,27,10.99761292
22,0,0,28,7.013414476
22,0,0,29,4.495485995
22,0,0,30,2.581279935
22,0,0,31,1.492589162
22,0,0,32,0.858747392
22,0,0,33,0.43826557
22,0,0,34,0.203311507
22,0,0,35,0.072867452
22,0,0,36,0.007559879
22,2,13,10,23.59678179
22,2,13,11,32.76292026
22,2,13,12,43.44348856
22,2,13,13,54.11473259
22,2,13,14,64.36601493
22,2,13,15,72.3931881
22,2,13,16,75.25741107
22,2,13,17,77.98285995
22,2,13,18,75.69129361
22,2,13,19,70.53134905
22,2,13,20,64.11842678
22,2,13,21,55.41885559
22,2,13,22,46.73022308
22,2,13,23,37.78065988
22,2,13,24,29.2141394
22,2,13,25,21.78777885
22,2,13,26,15.33430815
22,2,13,27,10.35371982
22,2,13,28,6.667344557
22,2,13,29,4.085499557
22,2,13,30,2.351174614
22,2,13,31,1.352018865
22,2,13,32,0.6855114
22,2,13,33,0.352505502
22,2,13,34,0.165361297
22,2,13,35,0.082758804
22,2,13,36,0.028575402
22,2,13,37,0.003477967
22,3,13,10,25.23542935
22,3,13,11,34.31267387
22,3,13,12,45.0440504
22,3,13,13,55.12277313
22,3,13,14,65.34461621
22,3,13,15,72.35541855
22,3,13,16,77.08738837
22,3,13,17,77.4154561
22,3,13,18,74.08199079
22,3,13,19,69.55038441
22,3,13,20,62.47900215
22,3,13,21,53.62274229
22,3,13,22,44.63526523
22,3,13,23,35.77174392
22,3,13,24,27.40441943
22,3,13,25,19.87791575
22,3,13,26,14.24515156
22,3,13,27,9.201680632
22,3,13,28,5.9597556
22,3,13,29,3.572630143
22,3,13,30,2.052389933
22,3,13,31,1.142880507
22,3,13,32,0.558865497
22,3,13,33,0.328585364
22,3,13,34,0.113259161
22,3,13,35,0.018515996
22,4,7,10,27.17208468
22,4,7,11,36.42130623
22,4,7,12,46.95212682
22,4,7,13,57.70602718
22,4,7,14,67.19264407
22,4,7,15,74.21220495
22,4,7,16,76.81551636
22,4,7,17,75.93071526
22,4,7,18,72.36526654
22,4,7,19,66.05172614
22,4,7,20,57.98586755
22,4,7,21,49.06072114
22,4,7,22,39.96237698
22,4,7,23,31.33176036
22,4,7,24,23.15496623
22,4,7,25,16.56615177
22,4,7,26,11.07461832
22,4,7,27,7.204616913
22,4,7,28,4.525997686
22,4,7,29,2.591322334
22,4,7,30,1.375849598
22,4,7,31,0.780671991
22,4,7,32,0.393837305
22,4,7,33,0.180766337
22,4,7,34,0.018763056
22,5,4,10,24.25877071
22,5,4,11,33.35843847
22,5,4,12,42.23829898
22,5,4,13,50.7161124
22,5,4,14,57.97300791
22,5,4,15,61.71732198
22,5,4,16,62.00711594
22,5,4,17,60.49603364
22,5,4,18,55.41185284
22,5,4,19,49.3519402
22,5,4,20,41.51885016
22,5,4,21,33.64936342
22,5,4,22,25.56423042
22,5,4,23,18.56250381
22,5,4,24,13.11904795
22,5,4,25,8.618200219
22,5,4,26,5.562313051
22,5,4,27,3.32511631
22,5,4,28,2.082589727
22,5,4,29,1.058272
22,5,4,30,0.591270814
22,5,4,31,0.098844342
22,5,4,32,0.036059498
22,6,4,10,29.63498417
22,6,4,11,40.46078494
22,6,4,12,51.62081741
22,6,4,13,61.8013702
22,6,4,14,70.14681906
22,6,4,15,75.83343197
22,6,4,16,76.95664385
22,6,4,17,74.00626591
22,6,4,18,68.14532218
22,6,4,19,59.97320076
22,6,4,20,51.55349173
22,6,4,21,41.343751
22,6,4,22,32.3775803
22,6,4,23,24.3177388
22,6,4,24,17.32504914
22,6,4,25,11.53566955
22,6,4,26,7.765492272
22,6,4,27,4.565240343
22,6,4,28,2.617396426
22,6,4,29,1.564264991
22,6,4,30,0.825652397
22,6,4,31,0.42617197
22,6,4,32,0.191454939
22,6,4,33,0.055986177
22,6,4,34,0.006734897
24,0,0,10,20.80094719
24,0,0,11,28.23803609
24,0,0,12,38.27327038
24,0,0,13,48.74070067
24,0,0,14,59.67363993
24,0,0,15,68.38307743
24,0,0,16,73.96568775
24,0,0,17,77.8183505
24,0,0,18,76.34397819
24,0,0,19,72.96468879
24,0,0,20,67.56902063
24,0,0,21,61.29725969
24,0,0,22,53.21901748
24,0,0,23,44.2942814
24,0,0,24,35.81594079
24,0,0,25,28.1153218
24,0,0,26,20.68799427
24,0,0,27,13.8921453
24,0,0,28,9.169814583
24,0,0,29,5.838088531
24,0,0,30,3.432345199
24,0,0,31,2.075627565
24,0,0,32,1.049698038
24,0,0,33,0.57462943
24,0,0,34,0.278598186
24,0,0,35,0.131400714
24,0,0,36,0.005535665
24,5,9,10,25.86605376
24,5,9,11,35.28025586
24,5,9,12,45.81650142
24,5,9,13,57.13350758
24,5,9,14,66.44332457
24,5,9,15,73.82710838
24,5,9,16,76.74253869
24,5,9,17,78.40471121
24,5,9,18,74.76395311
24,5,9,19,70.34956676
24,5,9,20,62.84891866
24,5,9,21,53.90622351
24,5,9,22,45.09491772
24,5,9,23,36.17392068
24,5,9,24,27.17057195
24,5,9,25,20.14742484
24,5,9,26,13.45612412
24,5,9,27,8.984833356
24,5,9,28,5.529982371
24,5,9,29,3.068674574
24,5,9,30,1.736506046
24,5,9,31,0.920117577
24,5,9,32,0.464318914
24,5,9,33,0.232369954
24,5,9,34,0.08607705
24,5,9,35,0.004662081
24,6,6,10,28.02898335
24,6,6,11,38.37513773
24,6,6,12,49.03210028
24,6,6,13,60.77558503
24,6,6,14,70.11461139
24,6,6,15,77.30920325
24,6,6,16,80.56258776
24,6,6,17,80.11944817
24,6,6,18,76.76493299
24,6,6,19,70.5031129
24,6,6,20,62.16212908
24,6,6,21,53.51680375
24,6,6,22,43.22953053
24,6,6,23,33.29272885
24,6,6,24,24.54001183
24,6,6,25,17.46521872
24,6,6,26,11.65855392
24,6,6,27,7.453323754
24,6,6,28,4.463016958
24,6,6,29,2.517173093
24,6,6,30,1.416473613
24,6,6,31,0.630140306
24,6,6,32,0.323934404
24,6,6,33,0.139714102
24,6,6,34,0.032584142
32,6,14,10,21.15538608
32,6,14,11,29.14767578
32,6,14,12,40.30191957
32,6,14,13,51.8858026
32,6,14,14,61.94040661
32,6,14,15,72.33546109
32,6,14,16,76.79991859
32,6,14,17,77.80986993
32,6,14,18,76.58907826
32,6,14,19,73.78557037
32,6,14,20,68.0362323
32,6,14,21,58.71123878
32,6,14,22,49.62044104
32,6,14,23,39.72727945
32,6,14,24,30.80236307
32,6,14,25,22.66193374
32,6,14,26,15.89792463
32,6,14,27,9.783848838
32,6,14,28,6.163485827
32,6,14,29,3.69124396
32,6,14,30,1.959322429
32,6,14,31,0.844260075
32,6,14,32,0.246756696
32,6,14,33,0.130958648
