Specie,CE,FA_C_x,FA_DB_x,FA_iso_x,sn_x,FA_C_y,FA_DB_y,FA_iso_y,sn_y,norm_Intensity,norm_Intensity_var
PG160204,11,16,0,0,0,20,4,5,1,0.00302467,1.31E-03
PG160204,12,16,0,0,0,20,4,5,1,0.004398403,1.91E-03
PG160204,13,16,0,0,0,20,4,5,1,0.009279117,4.03E-03
PG160204,14,16,0,0,0,20,4,5,1,0.03387609,1.47E-02
PG160204,15,16,0,0,0,20,4,5,1,0.07023232,3.05E-02
PG160204,16,16,0,0,0,20,4,5,1,0.1161775,5.05E-02
PG160204,17,16,0,0,0,20,4,5,1,0.2032935,8.83E-02
PG160204,18,16,0,0,0,20,4,5,1,0.3080636,1.34E-01
PG160204,19,16,0,0,0,20,4,5,1,0.426725,1.85E-01
PG160204,20,16,0,0,0,20,4,5,1,0.57957715,2.52E-01
PG160204,21,16,0,0,0,20,4,5,1,0.77345765,3.36E-01
PG160204,22,16,0,0,0,20,4,5,1,1.0290663,4.47E-01
PG160204,23,16,0,0,0,20,4,5,1,1.2926651,5.62E-01
PG160204,24,16,0,0,0,20,4,5,1,1.5383108,6.68E-01
PG160204,25,16,0,0,0,20,4,5,1,1.7815481,7.74E-01
PG160204,26,16,0,0,0,20,4,5,1,2.015492,8.76E-01
PG160204,27,16,0,0,0,20,4,5,1,2.1861622,9.50E-01
PG160204,28,16,0,0,0,20,4,5,1,2.2688034,9.86E-01
PG160204,29,16,0,0,0,20,4,5,1,2.301304,1.00E+00
PG160204,30,16,0,0,0,20,4,5,1,2.27367,9.88E-01
PG160204,31,16,0,0,0,20,4,5,1,2.2120361,9.61E-01
PG160204,32,16,0,0,0,20,4,5,1,2.1295328,9.25E-01
PG160204,33,16,0,0,0,20,4,5,1,1.9887667,8.64E-01
PG160204,34,16,0,0,0,20,4,5,1,1.8004408,7.82E-01
PG160204,35,16,0,0,0,20,4,5,1,1.6105098,7.00E-01
PG160204,36,16,0,0,0,20,4,5,1,1.4362262,6.24E-01
PG160204,37,16,0,0,0,20,4,5,1,1.2597585,5.47E-01
PG160204,38,16,0,0,0,20,4,5,1,1.0862962,4.72E-01
PG160204,39,16,0,0,0,20,4,5,1,0.94673246,4.11E-01
PG160204,40,16,0,0,0,20,4,5,1,0.8237418,3.58E-01
PG160204,41,16,0,0,0,20,4,5,1,0.70789266,3.08E-01
PG160204,42,16,0,0,0,20,4,5,1,0.601308,2.61E-01
PG160204,43,16,0,0,0,20,4,5,1,0.49229223,2.14E-01
PG160204,44,16,0,0,0,20,4,5,1,0.40996245,1.78E-01
PG160204,45,16,0,0,0,20,4,5,1,0.3586056,1.56E-01
PG160204,46,16,0,0,0,20,4,5,1,0.29517725,1.28E-01
PG160204,47,16,0,0,0,20,4,5,1,0.21252894,9.24E-02
PG160204,48,16,0,0,0,20,4,5,1,0.14814809,6.44E-02
PG160204,49,16,0,0,0,20,4,5,1,0.09783166,4.25E-02
PG160204,50,16,0,0,0,20,4,5,1,0.050977923,2.22E-02
PG160226,11,16,0,0,0,22,6,4,1,0.1486922,2.37E-02
PG160226,12,16,0,0,0,22,6,4,1,0.22845337,3.64E-02
PG160226,13,16,0,0,0,22,6,4,1,0.33087665,5.27E-02
PG160226,14,16,0,0,0,22,6,4,1,0.44522434,7.09E-02
PG160226,15,16,0,0,0,22,6,4,1,0.61852217,9.86E-02
PG160226,16,16,0,0,0,22,6,4,1,0.871211,1.39E-01
PG160226,17,16,0,0,0,22,6,4,1,1.2355077,1.97E-01
PG160226,18,16,0,0,0,22,6,4,1,1.7700635,2.82E-01
PG160226,19,16,0,0,0,22,6,4,1,2.451389,3.91E-01
PG160226,20,16,0,0,0,22,6,4,1,3.1901543,5.08E-01
PG160226,21,16,0,0,0,22,6,4,1,3.9913995,6.36E-01
PG160226,22,16,0,0,0,22,6,4,1,4.8321776,7.70E-01
PG160226,23,16,0,0,0,22,6,4,1,5.5383773,8.82E-01
PG160226,24,16,0,0,0,22,6,4,1,6.032129,9.61E-01
PG160226,25,16,0,0,0,22,6,4,1,6.2761483,1.00E+00
PG160226,26,16,0,0,0,22,6,4,1,6.248051,9.96E-01
PG160226,27,16,0,0,0,22,6,4,1,6.0705748,9.67E-01
PG160226,28,16,0,0,0,22,6,4,1,5.726708,9.12E-01
PG160226,29,16,0,0,0,22,6,4,1,5.223947,8.32E-01
PG160226,30,16,0,0,0,22,6,4,1,4.704018,7.50E-01
PG160226,31,16,0,0,0,22,6,4,1,4.165869,6.64E-01
PG160226,32,16,0,0,0,22,6,4,1,3.6087198,5.75E-01
PG160226,33,16,0,0,0,22,6,4,1,3.0818655,4.91E-01
PG160226,34,16,0,0,0,22,6,4,1,2.6191602,4.17E-01
PG160226,35,16,0,0,0,22,6,4,1,2.1616948,3.44E-01
PG160226,36,16,0,0,0,22,6,4,1,1.7192799,2.74E-01
PG160226,37,16,0,0,0,22,6,4,1,1.3824089,2.20E-01
PG160226,38,16,0,0,0,22,6,4,1,1.1195459,1.78E-01
PG160226,39,16,0,0,0,22,6,4,1,0.93317246,1.49E-01
PG160226,40,16,0,0,0,22,6,4,1,0.7859745,1.25E-01
PG160226,41,16,0,0,0,22,6,4,1,0.61628306,9.82E-02
PG160226,42,16,0,0,0,22,6,4,1,0.45782188,7.29E-02
PG160226,43,16,0,0,0,22,6,4,1,0.34085232,5.43E-02
PG160226,44,16,0,0,0,22,6,4,1,0.26045516,4.15E-02
PG160226,45,16,0,0,0,22,6,4,1,0.18029268,2.87E-02
PG160226,46,16,0,0,0,22,6,4,1,0.100859225,1.61E-02
PG160226,47,16,0,0,0,22,6,4,1,0.052091856,8.30E-03
PG160226,48,16,0,0,0,22,6,4,1,0.028788723,4.59E-03
PG160226,49,16,0,0,0,22,6,4,1,0.01719978,2.74E-03
PG160226,50,16,0,0,0,22,6,4,1,0.008940537,1.42E-03
PG170204,11,16,0,0,0,20,4,5,1,0.005505104,2.30E-03
PG170204,12,16,0,0,0,20,4,5,1,0.009630307,4.02E-03
PG170204,13,16,0,0,0,20,4,5,1,0.01905714,7.95E-03
PG170204,14,16,0,0,0,20,4,5,1,0.0394151,1.64E-02
PG170204,15,16,0,0,0,20,4,5,1,0.07423835,3.10E-02
PG170204,16,16,0,0,0,20,4,5,1,0.12950477,5.40E-02
PG170204,17,16,0,0,0,20,4,5,1,0.20895006,8.71E-02
PG170204,18,16,0,0,0,20,4,5,1,0.30124915,1.26E-01
PG170204,19,16,0,0,0,20,4,5,1,0.40832442,1.70E-01
PG170204,20,16,0,0,0,20,4,5,1,0.56050783,2.34E-01
PG170204,21,16,0,0,0,20,4,5,1,0.76729643,3.20E-01
PG170204,22,16,0,0,0,20,4,5,1,1.0153575,4.23E-01
PG170204,23,16,0,0,0,20,4,5,1,1.2790843,5.33E-01
PG170204,24,16,0,0,0,20,4,5,1,1.541936,6.43E-01
PG170204,25,16,0,0,0,20,4,5,1,1.8161947,7.57E-01
PG170204,26,16,0,0,0,20,4,5,1,2.0650814,8.61E-01
PG170204,27,16,0,0,0,20,4,5,1,2.2255077,9.28E-01
PG170204,28,16,0,0,0,20,4,5,1,2.3245678,9.70E-01
PG170204,29,16,0,0,0,20,4,5,1,2.397664,1.00E+00
PG170204,30,16,0,0,0,20,4,5,1,2.3920426,9.98E-01
PG170204,31,16,0,0,0,20,4,5,1,2.2854686,9.53E-01
PG170204,32,16,0,0,0,20,4,5,1,2.1394207,8.92E-01
PG170204,33,16,0,0,0,20,4,5,1,2.014688,8.40E-01
PG170204,34,16,0,0,0,20,4,5,1,1.8950698,7.90E-01
PG170204,35,16,0,0,0,20,4,5,1,1.7301981,7.22E-01
PG170204,36,16,0,0,0,20,4,5,1,1.5532204,6.48E-01
PG170204,37,16,0,0,0,20,4,5,1,1.3988618,5.83E-01
PG170204,38,16,0,0,0,20,4,5,1,1.226859,5.12E-01
PG170204,39,16,0,0,0,20,4,5,1,1.0526451,4.39E-01
PG170204,40,16,0,0,0,20,4,5,1,0.9281455,3.87E-01
PG170204,41,16,0,0,0,20,4,5,1,0.8197326,3.42E-01
PG170204,42,16,0,0,0,20,4,5,1,0.68880177,2.87E-01
PG170204,43,16,0,0,0,20,4,5,1,0.55015355,2.29E-01
PG170204,44,16,0,0,0,20,4,5,1,0.44420797,1.85E-01
PG170204,45,16,0,0,0,20,4,5,1,0.36284927,1.51E-01
PG170204,46,16,0,0,0,20,4,5,1,0.28253233,1.18E-01
PG170204,47,16,0,0,0,20,4,5,1,0.2184324,9.11E-02
PG170204,48,16,0,0,0,20,4,5,1,0.16880338,7.04E-02
PG170204,49,16,0,0,0,20,4,5,1,0.12615567,5.26E-02
PG170204,50,16,0,0,0,20,4,5,1,0.08347266,3.48E-02
PG180226,11,18,0,0,0,22,6,4,1,0.11627435,1.82E-02
PG180226,12,18,0,0,0,22,6,4,1,0.178377,2.80E-02
PG180226,13,18,0,0,0,22,6,4,1,0.27395752,4.29E-02
PG180226,14,18,0,0,0,22,6,4,1,0.39897957,6.25E-02
PG180226,15,18,0,0,0,22,6,4,1,0.548335,8.59E-02
PG180226,16,18,0,0,0,22,6,4,1,0.7694759,1.21E-01
PG180226,17,18,0,0,0,22,6,4,1,1.1097354,1.74E-01
PG180226,18,18,0,0,0,22,6,4,1,1.5739547,2.47E-01
PG180226,19,18,0,0,0,22,6,4,1,2.1718328,3.40E-01
PG180226,20,18,0,0,0,22,6,4,1,2.8971252,4.54E-01
PG180226,21,18,0,0,0,22,6,4,1,3.6670601,5.75E-01
PG180226,22,18,0,0,0,22,6,4,1,4.432142,6.95E-01
PG180226,23,18,0,0,0,22,6,4,1,5.2066827,8.16E-01
PG180226,24,18,0,0,0,22,6,4,1,5.8592167,9.18E-01
PG180226,25,18,0,0,0,22,6,4,1,6.252223,9.80E-01
PG180226,26,18,0,0,0,22,6,4,1,6.3805265,1.00E+00
PG180226,27,18,0,0,0,22,6,4,1,6.228255,9.76E-01
PG180226,28,18,0,0,0,22,6,4,1,5.8584504,9.18E-01
PG180226,29,18,0,0,0,22,6,4,1,5.4225373,8.50E-01
PG180226,30,18,0,0,0,22,6,4,1,4.9355226,7.74E-01
PG180226,31,18,0,0,0,22,6,4,1,4.3338614,6.79E-01
PG180226,32,18,0,0,0,22,6,4,1,3.718975,5.83E-01
PG180226,33,18,0,0,0,22,6,4,1,3.1964943,5.01E-01
PG180226,34,18,0,0,0,22,6,4,1,2.6951385,4.22E-01
PG180226,35,18,0,0,0,22,6,4,1,2.2364137,3.51E-01
PG180226,36,18,0,0,0,22,6,4,1,1.8653569,2.92E-01
PG180226,37,18,0,0,0,22,6,4,1,1.5377451,2.41E-01
PG180226,38,18,0,0,0,22,6,4,1,1.2496397,1.96E-01
PG180226,39,18,0,0,0,22,6,4,1,1.0014638,1.57E-01
PG180226,40,18,0,0,0,22,6,4,1,0.7939889,1.24E-01
PG180226,41,18,0,0,0,22,6,4,1,0.63363653,9.93E-02
PG180226,42,18,0,0,0,22,6,4,1,0.50967777,7.99E-02
PG180226,43,18,0,0,0,22,6,4,1,0.4042783,6.34E-02
PG180226,44,18,0,0,0,22,6,4,1,0.31507936,4.94E-02
PG180226,45,18,0,0,0,22,6,4,1,0.24636626,3.86E-02
PG180226,46,18,0,0,0,22,6,4,1,0.18684052,2.93E-02
PG180226,47,18,0,0,0,22,6,4,1,0.122757904,1.92E-02
PG180226,48,18,0,0,0,22,6,4,1,0.06832006,1.07E-02
PG180226,49,18,0,0,0,22,6,4,1,0.031862102,4.99E-03
PG180226,50,18,0,0,0,22,6,4,1,0.010509345,1.65E-03
PG204204,11,20,4,5,1,20,4,5,1,0.010158562,3.22E-03
PG204204,12,20,4,5,1,20,4,5,1,0.026634727,8.45E-03
PG204204,13,20,4,5,1,20,4,5,1,0.052776076,1.67E-02
PG204204,14,20,4,5,1,20,4,5,1,0.091812834,2.91E-02
PG204204,15,20,4,5,1,20,4,5,1,0.15171508,4.81E-02
PG204204,16,20,4,5,1,20,4,5,1,0.2387759,7.57E-02
PG204204,17,20,4,5,1,20,4,5,1,0.36384413,1.15E-01
PG204204,18,20,4,5,1,20,4,5,1,0.5222293,1.66E-01
PG204204,19,20,4,5,1,20,4,5,1,0.72263646,2.29E-01
PG204204,20,20,4,5,1,20,4,5,1,0.99942124,3.17E-01
PG204204,21,20,4,5,1,20,4,5,1,1.3249631,4.20E-01
PG204204,22,20,4,5,1,20,4,5,1,1.6534503,5.24E-01
PG204204,23,20,4,5,1,20,4,5,1,1.9956055,6.33E-01
PG204204,24,20,4,5,1,20,4,5,1,2.3322554,7.40E-01
PG204204,25,20,4,5,1,20,4,5,1,2.6228647,8.32E-01
PG204204,26,20,4,5,1,20,4,5,1,2.8649182,9.09E-01
PG204204,27,20,4,5,1,20,4,5,1,3.0636344,9.72E-01
PG204204,28,20,4,5,1,20,4,5,1,3.1527913,1.00E+00
PG204204,29,20,4,5,1,20,4,5,1,3.1153483,9.88E-01
PG204204,30,20,4,5,1,20,4,5,1,3.0613759,9.71E-01
PG204204,31,20,4,5,1,20,4,5,1,2.9518988,9.36E-01
PG204204,32,20,4,5,1,20,4,5,1,2.7349317,8.67E-01
PG204204,33,20,4,5,1,20,4,5,1,2.5176883,7.99E-01
PG204204,34,20,4,5,1,20,4,5,1,2.3364096,7.41E-01
PG204204,35,20,4,5,1,20,4,5,1,2.1316025,6.76E-01
PG204204,36,20,4,5,1,20,4,5,1,1.8931267,6.00E-01
PG204204,37,20,4,5,1,20,4,5,1,1.6734613,5.31E-01
PG204204,38,20,4,5,1,20,4,5,1,1.4668655,4.65E-01
PG204204,39,20,4,5,1,20,4,5,1,1.2413534,3.94E-01
PG204204,40,20,4,5,1,20,4,5,1,1.0424752,3.31E-01
PG204204,41,20,4,5,1,20,4,5,1,0.8989432,2.85E-01
PG204204,42,20,4,5,1,20,4,5,1,0.7608871,2.41E-01
PG204204,43,20,4,5,1,20,4,5,1,0.61848754,1.96E-01
PG204204,44,20,4,5,1,20,4,5,1,0.5002061,1.59E-01
PG204204,45,20,4,5,1,20,4,5,1,0.4096425,1.30E-01
PG204204,46,20,4,5,1,20,4,5,1,0.3362886,1.07E-01
PG204204,47,20,4,5,1,20,4,5,1,0.2584782,8.20E-02
PG204204,48,20,4,5,1,20,4,5,1,0.18816337,5.97E-02
PG204204,49,20,4,5,1,20,4,5,1,0.12910342,4.09E-02
PG204204,50,20,4,5,1,20,4,5,1,0.07461734,2.37E-02
PG210226,11,21,0,0,0,22,6,4,1,0.10808434,1.75E-02
PG210226,12,21,0,0,0,22,6,4,1,0.15489167,2.50E-02
PG210226,13,21,0,0,0,22,6,4,1,0.2290919,3.70E-02
PG210226,14,21,0,0,0,22,6,4,1,0.33052573,5.34E-02
PG210226,15,21,0,0,0,22,6,4,1,0.46483713,7.51E-02
PG210226,16,21,0,0,0,22,6,4,1,0.6613779,1.07E-01
PG210226,17,21,0,0,0,22,6,4,1,0.96181524,1.55E-01
PG210226,18,21,0,0,0,22,6,4,1,1.3891819,2.25E-01
PG210226,19,21,0,0,0,22,6,4,1,1.9477959,3.15E-01
PG210226,20,21,0,0,0,22,6,4,1,2.5807588,4.17E-01
PG210226,21,21,0,0,0,22,6,4,1,3.3342507,5.39E-01
PG210226,22,21,0,0,0,22,6,4,1,4.227641,6.83E-01
PG210226,23,21,0,0,0,22,6,4,1,4.9935255,8.07E-01
PG210226,24,21,0,0,0,22,6,4,1,5.516125,8.92E-01
PG210226,25,21,0,0,0,22,6,4,1,5.936186,9.60E-01
PG210226,26,21,0,0,0,22,6,4,1,6.1863475,1.00E+00
PG210226,27,21,0,0,0,22,6,4,1,6.1197352,9.89E-01
PG210226,28,21,0,0,0,22,6,4,1,5.825501,9.42E-01
PG210226,29,21,0,0,0,22,6,4,1,5.393281,8.72E-01
PG210226,30,21,0,0,0,22,6,4,1,4.8629217,7.86E-01
PG210226,31,21,0,0,0,22,6,4,1,4.3104177,6.97E-01
PG210226,32,21,0,0,0,22,6,4,1,3.7544212,6.07E-01
PG210226,33,21,0,0,0,22,6,4,1,3.2481093,5.25E-01
PG210226,34,21,0,0,0,22,6,4,1,2.7919438,4.51E-01
PG210226,35,21,0,0,0,22,6,4,1,2.3422391,3.79E-01
PG210226,36,21,0,0,0,22,6,4,1,1.9273697,3.12E-01
PG210226,37,21,0,0,0,22,6,4,1,1.5610025,2.52E-01
PG210226,38,21,0,0,0,22,6,4,1,1.2815175,2.07E-01
PG210226,39,21,0,0,0,22,6,4,1,1.0380912,1.68E-01
PG210226,40,21,0,0,0,22,6,4,1,0.8021359,1.30E-01
PG210226,41,21,0,0,0,22,6,4,1,0.63913935,1.03E-01
PG210226,42,21,0,0,0,22,6,4,1,0.5027335,8.13E-02
PG210226,43,21,0,0,0,22,6,4,1,0.38355246,6.20E-02
PG210226,44,21,0,0,0,22,6,4,1,0.30024025,4.85E-02
PG210226,45,21,0,0,0,22,6,4,1,0.2166625,3.50E-02
PG210226,46,21,0,0,0,22,6,4,1,0.14553584,2.35E-02
PG210226,47,21,0,0,0,22,6,4,1,0.10535618,1.70E-02
PG210226,48,21,0,0,0,22,6,4,1,0.071805626,1.16E-02
PG210226,49,21,0,0,0,22,6,4,1,0.03474492,5.62E-03
PG210226,50,21,0,0,0,22,6,4,1,0.010628455,1.72E-03
PG226226,11,22,6,4,1,22,6,4,1,0.22790472,2.78E-02
PG226226,12,22,6,4,1,22,6,4,1,0.3292637,4.02E-02
PG226226,13,22,6,4,1,22,6,4,1,0.46892887,5.73E-02
PG226226,14,22,6,4,1,22,6,4,1,0.6791513,8.30E-02
PG226226,15,22,6,4,1,22,6,4,1,0.99279684,1.21E-01
PG226226,16,22,6,4,1,22,6,4,1,1.4463351,1.77E-01
PG226226,17,22,6,4,1,22,6,4,1,2.064169,2.52E-01
PG226226,18,22,6,4,1,22,6,4,1,2.8556561,3.49E-01
PG226226,19,22,6,4,1,22,6,4,1,3.8878338,4.75E-01
PG226226,20,22,6,4,1,22,6,4,1,5.0790563,6.20E-01
PG226226,21,22,6,4,1,22,6,4,1,6.1805115,7.55E-01
PG226226,22,22,6,4,1,22,6,4,1,7.060854,8.63E-01
PG226226,23,22,6,4,1,22,6,4,1,7.722957,9.43E-01
PG226226,24,22,6,4,1,22,6,4,1,8.113775,9.91E-01
PG226226,25,22,6,4,1,22,6,4,1,8.186362,1.00E+00
PG226226,26,22,6,4,1,22,6,4,1,8.013413,9.79E-01
PG226226,27,22,6,4,1,22,6,4,1,7.5939417,9.28E-01
PG226226,28,22,6,4,1,22,6,4,1,6.9582744,8.50E-01
PG226226,29,22,6,4,1,22,6,4,1,6.2172866,7.59E-01
PG226226,30,22,6,4,1,22,6,4,1,5.4726334,6.69E-01
PG226226,31,22,6,4,1,22,6,4,1,4.7663975,5.82E-01
PG226226,32,22,6,4,1,22,6,4,1,4.055517,4.95E-01
PG226226,33,22,6,4,1,22,6,4,1,3.4039302,4.16E-01
PG226226,34,22,6,4,1,22,6,4,1,2.8595786,3.49E-01
PG226226,35,22,6,4,1,22,6,4,1,2.3792078,2.91E-01
PG226226,36,22,6,4,1,22,6,4,1,1.9644716,2.40E-01
PG226226,37,22,6,4,1,22,6,4,1,1.6078588,1.96E-01
PG226226,38,22,6,4,1,22,6,4,1,1.2968193,1.58E-01
PG226226,39,22,6,4,1,22,6,4,1,1.0414817,1.27E-01
PG226226,40,22,6,4,1,22,6,4,1,0.82809484,1.01E-01
PG226226,41,22,6,4,1,22,6,4,1,0.6418381,7.84E-02
PG226226,42,22,6,4,1,22,6,4,1,0.49696517,6.07E-02
PG226226,43,22,6,4,1,22,6,4,1,0.3892699,4.76E-02
PG226226,44,22,6,4,1,22,6,4,1,0.30372283,3.71E-02
PG226226,45,22,6,4,1,22,6,4,1,0.22892904,2.80E-02
PG226226,46,22,6,4,1,22,6,4,1,0.15510026,1.89E-02
PG226226,47,22,6,4,1,22,6,4,1,0.09842156,1.20E-02
PG226226,48,22,6,4,1,22,6,4,1,0.059284326,7.24E-03
PG226226,49,22,6,4,1,22,6,4,1,0.026936451,3.29E-03
PG226226,50,22,6,4,1,22,6,4,1,0.008259048,1.01E-03
