Species	PRI_240116_PG_FTMSMS-_1.mzXML	PRI_240116_PG_FTMSMS-_2.mzXML	PRI_240116_PG_FTMSMS-_3.mzXML	PRI_240116_PG_FTMSMS-_4.mzXML	PRI_Group-1	Mspecies	FAI.FC_240116_PG_FTMSMS-_1.mzXML	FAI.FC_240116_PG_FTMSMS-_2.mzXML	FAI.FC_240116_PG_FTMSMS-_3.mzXML	FAI.FC_240116_PG_FTMSMS-_4.mzXML	FAI.FC_Group-1
PG 30:0:0	0.040758036	0.058146637	0.04925853	0.054510944	[0.040758036..0.058146637]	Sum	[0.02988834..0.031055111]	[0.027591435..0.030523721]	[0.029168604..0.031762376]	[0.027683746..0.030571697]	[0.027591435..0.031762376]	
						PG 16:0/14:0	[0.015278262..0.016285788]	[0.013042083..0.015820652]	[0.01325194..0.01584023]	[0.013833839..0.015995674]	[0.013042083..0.016285788]	
						PG 14:0/16:0	[0.0136137055..0.014603123]	[0.012904799..0.015671402]	[0.014181903..0.016830247]	[0.012810135..0.01489355]	[0.012810135..0.016830247]	
						PG 15:0/15:0	[3.9169332E-4..4.2183732E-4]	[2.9758422E-4..3.78721E-4]	[3.2897166E-4..4.5808914E-4]	[2.2948436E-4..4.0703604E-4]	[2.2948436E-4..4.5808914E-4]	
PG 30:1:0	0.026734127	0.0	0.0	0.024001457	[0.0..0.026734127]	Sum	[0.012440716..0.013462405]	[0.012223968..0.0140449]	[0.012735536..0.015165668]	[0.0120039685..0.013267303]	[0.0120039685..0.015165668]	
						PG 18:1/12:0	[0.0..0.0]	[0.0..0.0]	[0.0..0.0]	[0.0..0.0]	[0.0..0.0]	
						PG 12:0/18:1	[0.0012154637..0.0013361237]	[0.0013768303..0.001479604]	[0.0013928303..0.0016399352]	[0.0012011804..0.001355985]	[0.0012011804..0.0016399352]	
						PG 16:0/14:1	[0.002487739..0.0034317095]	[0.0022796106..0.0032727094]	[0.0017857308..0.0032201188]	[0.0026899816..0.003818001]	[0.0017857308..0.003818001]	
						PG 14:1/16:0	[0.0020826373..0.0029848428]	[0.0024859102..0.0035254285]	[0.0032271543..0.0049994686]	[0.001582342..0.0025603068]	[0.001582342..0.0049994686]	
						PG 16:1/14:0	[5.94179E-4..8.1675226E-4]	[4.6825886E-4..6.589566E-4]	[5.716917E-4..7.0063316E-4]	[2.6951014E-4..6.6642166E-4]	[2.6951014E-4..8.1675226E-4]	
						PG 14:0/16:1	[0.005221573..0.0056607216]	[0.005173971..0.00576744]	[0.0049826857..0.0056681857]	[0.0052202945..0.0058327178]	[0.0049826857..0.0058327178]	
PG 31:0:0	0.025784194	0.0	0.0	0.029900307	[0.0..0.029900307]	Sum	[0.04231638..0.049342163]	[0.041543245..0.050480578]	[0.04268456..0.05082863]	[0.040522657..0.049528044]	[0.040522657..0.05082863]	
						PG 17:0/14:0	[2.2627052E-4..3.23281E-4]	[2.9822576E-4..4.812941E-4]	[2.1915718E-4..4.0152558E-4]	[2.588916E-4..3.8155395E-4]	[2.1915718E-4..4.812941E-4]	
						PG 14:0/17:0	[1.6310516E-4..2.475201E-4]	[5.8842743E-5..1.8353495E-4]	[1.0462478E-4..2.4386132E-4]	[9.321792E-5..1.9028781E-4]	[5.8842743E-5..2.475201E-4]	
						PG 16:0/15:0	[0.0..0.0]	[0.0..0.0]	[0.0..0.0]	[0.0..0.0]	[0.0..0.0]	
						PG 15:0/16:0	[0.042088248..0.04861946]	[0.04124375..0.04977727]	[0.042474963..0.050103977]	[0.040256474..0.048838533]	[0.040256474..0.050103977]	
PG 32:0:0	1.5732057	1.527058	1.6051594	1.5237985	[1.5237985..1.6051594]	Sum	[0.7767327..0.8267931]	[0.70246446..0.8236342]	[0.756363..0.8516325]	[0.7257969..0.794765]	[0.70246446..0.8516325]	
						PG 18:0/14:0	[2.3281152E-4..0.0014177846]	[3.277441E-4..0.0060858997]	[0.0011466732..0.0039442875]	[4.5380503E-4..0.005733762]	[2.3281152E-4..0.0060858997]	
						PG 14:0/18:0	[0.0028900746..0.0047698324]	[0.0..0.0042114425]	[0.0023985459..0.005669913]	[0.0..0.0032395753]	[0.0..0.005669913]	
						PG 16:0/16:0	[0.77512276..0.8183585]	[0.70384514..0.8149493]	[0.75408804..0.84142995]	[0.72830707..0.7858647]	[0.70384514..0.84142995]	
PG 32:1:0	2.8268137	2.8429682	2.8353355	2.8206487	[2.8206487..2.8429682]	Sum	[1.4254111..1.4676275]	[1.3710529..1.452417]	[1.3738668..1.4530742]	[1.3611149..1.4490991]	[1.3611149..1.4676275]	
						PG 18:1/14:0	[0.0..0.0]	[0.0..0.0]	[0.0..0.0]	[0.0..0.0]	[0.0..0.0]	
						PG 14:0/18:1	[0.23746201..0.24536073]	[0.22606213..0.25446808]	[0.2244022..0.23745227]	[0.22924042..0.24514306]	[0.2244022..0.25446808]	
						PG 16:0/16:1	[1.1324602..1.2308254]	[1.0814818..1.2158169]	[1.1021156..1.2186059]	[1.0775387..1.2073815]	[1.0775387..1.2308254]	
						PG 16:1/16:0	[0.0..0.04923302]	[0.0..0.05957502]	[0.0..0.031683754]	[0.0..0.04829526]	[0.0..0.05957502]	
PG 32:2:0	0.23614988	0.22814745	0.20479675	0.21439831	[0.20479675..0.23614988]	Sum	[0.1120628..0.124597445]	[0.113898925..0.11752686]	[0.111223035..0.123996146]	[0.113726966..0.118292004]	[0.111223035..0.124597445]	
						PG 18:1/14:1	[0.0..0.0]	[0.0..0.0]	[0.0..0.0]	[0.0..0.0]	[0.0..0.0]	
						PG 14:1/18:1	[0.002938872..0.0033634338]	[0.0029254658..0.0033246016]	[0.0030717722..0.0037489717]	[0.003232045..0.0033552016]	[0.0029254658..0.0037489717]	
						PG 18:2/14:0	[0.0..0.0]	[0.0..0.0]	[0.0..0.0]	[0.0..0.0]	[0.0..0.0]	
						PG 14:0/18:2	[0.07638199..0.08283351]	[0.07591687..0.078812465]	[0.07434029..0.081614524]	[0.07747424..0.07880525]	[0.07434029..0.08283351]	
						PG 16:0/16:2	[0.0072291843..0.011831058]	[0.0066205147..0.010406457]	[0.0064639295..0.011599874]	[0.007059188..0.011673893]	[0.0064639295..0.011831058]	
						PG 16:2/16:0	[0.0013154192..0.004783338]	[0.0020440696..0.0052920645]	[0.0023814477..0.006752165]	[8.972628E-4..0.0044174925]	[8.972628E-4..0.006752165]	
						PG 16:1/16:1	[0.022153076..0.024502238]	[0.022004852..0.0238333]	[0.022039473..0.024040738]	[0.022429725..0.023112742]	[0.022004852..0.024502238]	
PG 33:0:0	0.036277127	0.038257707	0.038979534	0.042934958	[0.036277127..0.042934958]	Sum	[0.023323148..0.026886968]	[0.022454688..0.027276685]	[0.023926478..0.028101046]	[0.022420267..0.026153928]	[0.022420267..0.028101046]	
						PG 18:0/15:0	[0.0..3.1086424E-4]	[0.0..2.5737047E-4]	[0.0..0.0]	[2.8478215E-5..1.1618734E-4]	[0.0..3.1086424E-4]	
						PG 15:0/18:0	[0.0020964565..0.0029052733]	[0.0023054893..0.002828247]	[0.0027025857..0.003344014]	[0.0022687644..0.0026089337]	[0.0020964565..0.003344014]	
						PG 17:0/16:0	[0.008054149..0.010593079]	[0.0079152305..0.010316818]	[0.008338994..0.011956713]	[0.007130915..0.00947269]	[0.007130915..0.011956713]	
						PG 16:0/17:0	[0.011678517..0.014627414]	[0.011491147..0.014607457]	[0.010911434..0.014878924]	[0.011952386..0.01497147]	[0.010911434..0.01497147]	
PG 33:1:0	0.3576424	0.33418772	0.33699772	0.32240722	[0.32240722..0.3576424]	Sum	[0.24376217..0.24926674]	[0.23321751..0.25233498]	[0.23204038..0.25651237]	[0.23013994..0.2579947]	[0.23013994..0.2579947]	
						PG 18:1/15:0	[0.0..0.0]	[0.0..0.0]	[0.0..0.0]	[0.0..0.0]	[0.0..0.0]	
						PG 15:0/18:1	[0.13011171..0.13333073]	[0.12547463..0.13696103]	[0.12324847..0.13940859]	[0.12688054..0.13888265]	[0.12324847..0.13940859]	
						PG 17:0/16:1	[0.0057407664..0.006395353]	[0.006298291..0.0068958006]	[0.006118651..0.0071758972]	[0.0058668675..0.0070769363]	[0.0057407664..0.0071758972]	
						PG 16:1/17:0	[5.0555996E-4..9.4822864E-4]	[1.9702684E-5..2.8357856E-4]	[0.0..6.4583076E-4]	[7.2268245E-5..7.656543E-4]	[0.0..9.4822864E-4]	
						PG 17:1/16:0	[0.013170668..0.01894048]	[0.015129123..0.019356787]	[0.009732761..0.020166853]	[0.008398368..0.017909132]	[0.008398368..0.020166853]	
						PG 16:0/17:1	[0.08917189..0.09557324]	[0.08392575..0.09213398]	[0.084592186..0.09984246]	[0.08299563..0.10241785]	[0.08299563..0.10241785]	
PG 33:2:0	0.13220844	0.14872426	0.13845679	0.16347624	[0.13220844..0.16347624]	Sum	[0.16132489..0.16881908]	[0.15701829..0.17064339]	[0.15890324..0.17407325]	[0.15604062..0.17256412]	[0.15604062..0.17407325]	
						PG 18:1/15:1	[0.0..0.0]	[0.0..0.0]	[0.0..0.0]	[0.0..0.0]	[0.0..0.0]	
						PG 15:1/18:1	[0.04110099..0.042849947]	[0.03953203..0.042696796]	[0.0407229..0.04348594]	[0.041257985..0.04450902]	[0.03953203..0.04450902]	
						PG 18:2/15:0	[0.0..0.0]	[0.0..0.0]	[0.0..0.0]	[0.0..0.0]	[0.0..0.0]	
						PG 15:0/18:2	[0.10832496..0.11254726]	[0.10519061..0.11341303]	[0.10578899..0.11478419]	[0.10294171..0.11395909]	[0.10294171..0.11478419]	
						PG 17:1/16:1	[0.0023033975..0.0027028965]	[0.0019476002..0.0027199339]	[0.002326509..0.0030591004]	[0.002299284..0.0028442754]	[0.0019476002..0.0030591004]	
						PG 16:1/17:1	[0.0014045107..0.0017714369]	[0.0015816628..0.002319289]	[9.475518E-4..0.0016066362]	[0.0012423232..0.0017314787]	[9.475518E-4..0.002319289]	
						PG 17:2/16:0	[0.0032593368..0.00395217]	[0.0045494074..0.0059487224]	[0.005465048..0.008250033]	[0.0041688783..0.0051463186]	[0.0032593368..0.008250033]	
						PG 16:0/17:2	[0.004563072..0.005272417]	[0.0033987795..0.0046933102]	[0.0023235749..0.0045320177]	[0.0040640007..0.005030887]	[0.0023235749..0.005272417]	
PG 34:2:0	40.817677	40.29445	40.126663	40.393803	[40.126663..40.817677]	Sum	[21.009727..22.169348]	[20.424856..22.137436]	[18.08063..21.748192]	[20.236578..22.07957]	[18.08063..22.169348]	
						PG 18:1/16:1	[0.0..0.0]	[0.0..0.0]	[0.0..0.012381955]	[0.0..0.052762643]	[0.0..0.052762643]	
						PG 16:1/18:1	[1.1167507..1.3465394]	[1.1125766..1.2565027]	[1.0773959..1.2381957]	[1.1751066..1.2562534]	[1.0773959..1.3465394]	
						PG 18:2/16:0	[0.0..0.0]	[0.0..0.0]	[0.0..0.0]	[0.0..0.0]	[0.0..0.0]	
						PG 16:0/18:2	[19.977392..20.71873]	[19.37767..20.811974]	[17.068258..20.408558]	[19.116692..20.728287]	[17.068258..20.811974]	
PG 34:3:0	1.3218759	1.3776245	1.3259012	1.3582466	[1.3218759..1.3776245]	Sum	[0.6852269..0.7578268]	[0.67780733..0.73639756]	[0.6782375..0.7646321]	[0.6697409..0.7228885]	[0.6697409..0.7646321]	
						PG 18:1/16:2	[0.0..0.0]	[0.0..0.0]	[0.0..0.0]	[0.0..0.0]	[0.0..0.0]	
						PG 16:2/18:1	[0.014266341..0.01849611]	[0.015267505..0.017522112]	[0.01623877..0.020078393]	[0.015765153..0.019112913]	[0.014266341..0.020078393]	
						PG 18:2/16:1	[0.0..0.0]	[0.0..0.0]	[0.0..0.0]	[0.0..0.0]	[0.0..0.0]	
						PG 16:1/18:2	[0.3829079..0.41422695]	[0.37549722..0.39330888]	[0.37210822..0.40823492]	[0.37824222..0.39595547]	[0.37210822..0.41422695]	
						PG 18:3 (6z-9z)/16:0	[0.0..0.0]	[0.0..0.008374471]	[0.0..0.0010148189]	[0.0..0.002507123]	[0.0..0.008374471]	
						PG 16:0/18:3 (6z-9z)	[0.27643228..0.3301838]	[0.2686919..0.32209504]	[0.28233024..0.33827296]	[0.26697847..0.31339037]	[0.26697847..0.33827296]	
PG 34:4:0	0.06788976	0.057925686	0.052552037	0.07079454	[0.052552037..0.07079454]	Sum	[0.028449338..0.03474773]	[0.027453102..0.033296756]	[0.02750549..0.036075346]	[0.028111096..0.033819947]	[0.027453102..0.036075346]	
						PG 20:4 (5z-8z)/14:0	[0.0..0.0]	[0.0..6.1829726E-4]	[0.0..0.001047488]	[0.0..5.3215865E-4]	[0.0..0.001047488]	
						PG 14:0/20:4 (5z-8z)	[0.008162637..0.010575169]	[0.006868857..0.010136019]	[0.006731256..0.010474879]	[0.007628996..0.0102338195]	[0.006731256..0.010575169]	
						PG 18:1/16:3 (7z)	[0.0..0.0]	[0.0..0.0]	[0.0..0.0]	[0.0..0.0]	[0.0..0.0]	
						PG 16:3 (7z)/18:1	[0.004711228..0.005913089]	[0.004834994..0.00506627]	[0.004629672..0.0058064456]	[0.0045829727..0.005442529]	[0.0045829727..0.005913089]	
						PG 18:2/16:2	[0.0..0.0]	[0.0..0.0]	[0.0..0.0]	[0.0..0.0]	[0.0..0.0]	
						PG 16:2/18:2	[0.008682022..0.010603893]	[0.008846498..0.0103082275]	[0.008550801..0.011012762]	[0.008807085..0.01018927]	[0.008550801..0.011012762]	
						PG 18:3 (6z-9z)/16:1	[0.0..2.7161223E-4]	[0.0..1.593359E-4]	[0.0..2.9733925E-4]	[0.0..4.2719947E-4]	[0.0..4.2719947E-4]	
						PG 16:1/18:3 (6z-9z)	[0.0043178573..0.0057789832]	[0.0042067114..0.005311197]	[0.004436617..0.0058301818]	[0.0042704567..0.0055480446]	[0.0042067114..0.0058301818]	
						PG 18:4 (8z)/16:0	[0.0018732251..0.0022735542]	[0.0017987184..0.002403127]	[0.0018662213..0.002679541]	[0.0014059084..0.0022738765]	[0.0014059084..0.002679541]	
						PG 16:0/18:4 (8z)	[0.0..0.0]	[0.0..1.6100954E-4]	[0.0..0.0]	[0.0..4.138455E-4]	[0.0..4.138455E-4]	
PG 35:1:0	0.5787549	0.5783446	0.5603427	0.5597697	[0.5597697..0.5787549]	Sum	[0.32058087..0.34456345]	[0.33107334..0.35523924]	[0.32609913..0.3523358]	[0.31452498..0.34290257]	[0.31452498..0.35523924]	
						PG 19:1/16:0	[0.015852291..0.024355186]	[0.0145806335..0.025645453]	[0.014620813..0.02214844]	[0.01346458..0.023073878]	[0.01346458..0.025645453]	
						PG 16:0/19:1	[0.053530205..0.064164996]	[0.056783464..0.07033201]	[0.05864217..0.0689814]	[0.054007925..0.068059646]	[0.053530205..0.07033201]	
						PG 18:0/17:1	[0.013845373..0.016446995]	[0.014053713..0.0183013]	[0.013360104..0.016971713]	[0.013119947..0.017427806]	[0.013119947..0.0183013]	
						PG 17:1/18:0	[0.0013319183..0.0028276662]	[0.0015858932..0.0033734185]	[0.0014574658..0.0042614564]	[0.0012025334..0.0028164245]	[0.0012025334..0.0042614564]	
						PG 18:1/17:0	[0.0..0.0]	[0.0..0.0]	[0.0..0.0]	[0.0..0.0]	[0.0..0.0]	
						PG 17:0/18:1	[0.22815396..0.24431741]	[0.2340137..0.24777068]	[0.23005824..0.2470464]	[0.22598179..0.24574941]	[0.22598179..0.24777068]	
PG 35:2:0	0.37325472	0.3521901	0.33507824	0.3259282	[0.3259282..0.37325472]	Sum	[0.24629198..0.25434044]	[0.233611..0.25079203]	[0.2405547..0.26319885]	[0.24265613..0.26526305]	[0.233611..0.26526305]	
						PG 19:1/16:1	[0.0..0.002398779]	[0.0010610839..0.0015400829]	[5.6110095E-4..0.0017713843]	[0.0011838635..0.0018720191]	[0.0..0.002398779]	
						PG 16:1/19:1	[2.7501816E-4..0.00312341]	[0.0012025618..0.0017162659]	[6.7888934E-4..0.0019140285]	[9.3883736E-4..0.0015923937]	[2.7501816E-4..0.00312341]	
						PG 19:2/16:0	[0.003882618..0.0065449458]	[0.004888167..0.007058685]	[0.0051183635..0.009089525]	[0.004556242..0.0064587896]	[0.003882618..0.009089525]	
						PG 16:0/19:2	[0.006066591..0.008901126]	[0.0056672576..0.00785584]	[0.004631495..0.008525945]	[0.0061545046..0.008246967]	[0.004631495..0.008901126]	
						PG 18:1/17:1	[0.0..0.0]	[0.0..0.0]	[0.0..0.0]	[0.0..0.0]	[0.0..0.0]	
						PG 17:1/18:1	[0.062324315..0.066848956]	[0.0595644..0.063074075]	[0.061810896..0.06727995]	[0.06388905..0.06783173]	[0.0595644..0.06783173]	
						PG 18:2/17:0	[0.0..0.0]	[0.0..0.0]	[0.0..0.0]	[0.0..0.0]	[0.0..0.0]	
						PG 17:0/18:2	[0.16785532..0.1741409]	[0.15967512..0.17282526]	[0.16520962..0.17933461]	[0.16553916..0.18058673]	[0.15967512..0.18058673]	
PG 35:3:0	0.052591547	0.04873614	0.047145285	0.044891357	[0.044891357..0.052591547]	Sum	[0.0538368..0.0602832]	[0.05451443..0.060409687]	[0.054283634..0.06328142]	[0.05474875..0.061203707]	[0.0538368..0.06328142]	
						PG 20:3 (5z-11z)/15:0	[0.0..0.0]	[0.0..0.0]	[0.0..0.0]	[0.0..0.0]	[0.0..0.0]	
						PG 15:0/20:3 (5z-11z)	[0.002453825..0.0032835735]	[0.0024639734..0.003315898]	[0.002638783..0.0035896567]	[0.0025853198..0.003624566]	[0.002453825..0.003624566]	
						PG 19:2/16:1	[1.123842E-4..1.8403064E-4]	[1.5828328E-4..3.548843E-4]	[1.0378883E-4..3.4295858E-4]	[1.7399566E-4..2.7618973E-4]	[1.0378883E-4..3.548843E-4]	
						PG 16:1/19:2	[1.656903E-4..2.404619E-4]	[6.690718E-5..2.520754E-4]	[0.0..1.5707503E-4]	[1.5453562E-4..2.5251633E-4]	[0.0..2.5251633E-4]	
						PG 19:3 (6z-9z)/16:0	[2.7245088E-4..0.0029390494]	[0.0010456945..0.0034084804]	[0.0014858409..0.0046059615]	[7.6828484E-4..0.0033322384]	[2.7245088E-4..0.0046059615]	
						PG 16:0/19:3 (6z-9z)	[0.0035078046..0.007324542]	[0.003695653..0.0066350703]	[0.0031959596..0.0066718697]	[0.0033877124..0.006611464]	[0.0031959596..0.007324542]	
						PG 18:1/17:2	[0.0..0.0]	[0.0..0.0]	[0.0..0.0]	[0.0..0.0]	[0.0..0.0]	
						PG 17:2/18:1	[0.004815114..0.0050387415]	[0.0052428306..0.0055305124]	[0.005022437..0.005942833]	[0.005315917..0.0056375093]	[0.004815114..0.005942833]	
						PG 18:2/17:1	[0.0..0.0]	[0.0..0.0]	[0.0..0.0]	[0.0..0.0]	[0.0..0.0]	
						PG 17:1/18:2	[0.038963728..0.04029375]	[0.038047217..0.040640626]	[0.03908844..0.04134383]	[0.038285434..0.04159735]	[0.038047217..0.04159735]	
						PG 18:3 (6z-9z)/17:0	[0.0..0.0]	[0.0..0.0]	[0.0..0.0]	[0.0..0.0]	[0.0..0.0]	
						PG 17:0/18:3 (6z-9z)	[0.0020942895..0.0024575496]	[0.0020461888..0.0026185752]	[0.001872859..0.0025549734]	[0.0020908483..0.0023847297]	[0.001872859..0.0026185752]	
PG 36:1:0	12.758817	13.501188	13.776358	13.585435	[12.758817..13.776358]	Sum	[8.547323..9.009945]	[8.438221..8.992351]	[7.9525414..9.264754]	[8.6789..9.302361]	[7.9525414..9.302361]	
						PG 20:1/16:0	[0.0..0.028939126]	[0.004085749..0.030457849]	[0.0..0.011509602]	[0.0023075214..0.02229049]	[0.0..0.030457849]	
						PG 16:0/20:1	[0.13274792..0.1743321]	[0.11834078..0.15664037]	[0.1232613..0.1717851]	[0.13399008..0.1702026]	[0.11834078..0.1743321]	
						PG 18:0/18:1	[8.33179..8.891972]	[8.263313..8.860069]	[7.7272015..9.135484]	[8.463132..9.176324]	[7.7272015..9.176324]	
						PG 18:1/18:0	[0.0..0.0]	[0.0..0.0]	[0.0..0.07308388]	[0.0..0.0]	[0.0..0.07308388]	
PG 36:2:0	16.99733	16.828737	16.936895	16.83523	[16.828737..16.99733]	Sum	[8.562338..8.903054]	[9.051389..9.657954]	[9.0237055..9.193031]	[9.144262..9.329432]	[8.562338..9.657954]	
						PG 20:2/16:0	[0.0..0.007494464]	[0.0..0.032076765]	[0.0..0.018914703]	[0.0..0.014167078]	[0.0..0.032076765]	
						PG 16:0/20:2	[0.15449142..0.18736161]	[0.15900925..0.20965205]	[0.17115593..0.19910215]	[0.15980954..0.19676496]	[0.15449142..0.20965205]	
						PG 18:0/18:2	[6.485388..6.756233]	[6.8094215..7.310474]	[6.7591047..6.9057837]	[6.9014215..7.032744]	[6.485388..7.310474]	
						PG 18:2/18:0	[0.0..0.0]	[0.0..0.0]	[0.0..0.0]	[0.0..0.0]	[0.0..0.0]	
						PG 18:1/18:1	[1.8982298..2.009996]	[1.9886769..2.132927]	[2.0405216..2.1338603]	[2.0406876..2.150622]	[1.8982298..2.150622]	
PG 36:3:0	3.8836963	3.8328123	3.9009821	3.7870777	[3.7870777..3.9009821]	Sum	[1.8243234..2.0270438]	[1.8851396..2.087263]	[1.9069718..2.1637237]	[1.9603659..2.2033415]	[1.8243234..2.2033415]	
						PG 20:3 (5z-11z)/16:0	[0.0..0.0017895267]	[0.0..0.03993853]	[0.0..0.0020448007]	[0.0..0.025579542]	[0.0..0.03993853]	
						PG 16:0/20:3 (5z-11z)	[0.46883953..0.59650886]	[0.45092613..0.614439]	[0.5079986..0.6816002]	[0.49660274..0.67314583]	[0.45092613..0.6816002]	
						PG 18:0/18:3 (6z-9z)	[0.042924922..0.056772724]	[0.055147555..0.068508744]	[0.04683087..0.06390228]	[0.04907524..0.06140393]	[0.042924922..0.068508744]	
						PG 18:3 (6z-9z)/18:0	[0.0..0.007494]	[0.0..0.0016442096]	[0.0..0.0015336548]	[0.0..0.005035123]	[0.0..0.007494]	
						PG 18:1/18:2	[1.1316786..1.2221432]	[1.1746064..1.2039576]	[1.1497653..1.340492]	[1.2145994..1.3066628]	[1.1316786..1.340492]	
						PG 18:2/18:1	[0.14750235..0.1694742]	[0.16449928..0.18627787]	[0.09870376..0.19977096]	[0.14057861..0.19745131]	[0.09870376..0.19977096]	
PG 36:4:0	5.3445168	5.1469746	5.241809	5.2084064	[5.1469746..5.3445168]	Sum	[2.0190742..2.8793502]	[2.121977..2.6312203]	[2.1583443..2.7215242]	[2.0666492..2.9088676]	[2.0190742..2.9088676]	
						PG 20:4 (5z-8z)/16:0	[0.0..0.056984574]	[0.0..0.065874286]	[0.0..0.06367857]	[0.0..0.16443619]	[0.0..0.16443619]	
						PG 16:0/20:4 (5z-8z)	[1.8156691..2.590208]	[1.9108255..2.3526528]	[1.9272221..2.4491756]	[1.8414968..2.5297875]	[1.8156691..2.590208]	
						PG 18:3 (6z-9z)/18:1	[0.010032006..0.020172382]	[0.012960011..0.022423133]	[0.008611934..0.022433102]	[0.012973011..0.021445833]	[0.008611934..0.022433102]	
						PG 18:1/18:3 (6z-9z)	[0.012267877..0.02283666]	[0.009366296..0.018166423]	[0.0087559465..0.022594256]	[0.008002299..0.015925122]	[0.008002299..0.02283666]	
						PG 18:2/18:2	[0.16915122..0.20424242]	[0.17854701..0.19266382]	[0.17997698..0.2063514]	[0.19255124..0.2065233]	[0.16915122..0.2065233]	
PG 36:5:0	0.11592208	0.108148426	0.13493554	0.124971874	[0.108148426..0.13493554]	Sum	[0.053226884..0.074045666]	[0.05692725..0.06889242]	[0.05710127..0.07429641]	[0.059981797..0.0728715]	[0.053226884..0.07429641]	
						PG 22:5 (4z-7z)/14:0	[0.0..0.0010665242]	[0.0..4.0217573E-4]	[0.0..6.928476E-4]	[0.0..1.6556293E-4]	[0.0..0.0010665242]	
						PG 14:0/22:5 (4z-7z)	[0.0029183056..0.005413829]	[0.0038572154..0.0050908322]	[0.0036038102..0.0058222488]	[0.004292821..0.0050170585]	[0.0029183056..0.0058222488]	
						PG 20:4 (5z-8z)/16:1	[0.0..0.0022234293]	[0.0..8.8558457E-4]	[0.0..0.0012177262]	[0.0..0.0021300376]	[0.0..0.0022234293]	
						PG 16:1/20:4 (5z-8z)	[0.02482699..0.03833499]	[0.026936907..0.036899354]	[0.02756211..0.03928149]	[0.027057432..0.038036387]	[0.02482699..0.03928149]	
						PG 20:5 (5z)/16:0	[0.0018609753..0.00549306]	[0.001744696..0.005218815]	[0.0022916594..0.0059975153]	[0.0021750755..0.0056442665]	[0.001744696..0.0059975153]	
						PG 16:0/20:5 (5z)	[0.0035045464..0.007232069]	[0.0036073911..0.007235175]	[0.0031466247..0.0069022723]	[0.0039080624..0.00762684]	[0.0031466247..0.00762684]	
						PG 18:2/18:3 (6z-9z)	[0.0..0.0]	[0.0..0.0]	[0.0..0.0]	[0.0..0.0]	[0.0..0.0]	
						PG 18:3 (6z-9z)/18:2	[0.016220871..0.01827371]	[0.016505301..0.017574068]	[0.015758673..0.018416943]	[0.017346716..0.018849168]	[0.015758673..0.018849168]	
PG 37:1:0	0.04033063	0.044610925	0.050919242	0.053897865	[0.04033063..0.053897865]	Sum	[0.13390532..0.1985718]	[0.11667057..0.18820828]	[0.12367744..0.1893951]	[0.12574646..0.19851846]	[0.11667057..0.1985718]	
						PG 16:0/21:1	[0.0..0.0]	[0.0..0.0]	[0.0..0.0]	[0.0..0.0]	[0.0..0.0]	
						PG 21:1/16:0	[0.08964078..0.14959288]	[0.075959794..0.13883632]	[0.079765655..0.13843629]	[0.0833744..0.14667949]	[0.075959794..0.14959288]	
						PG 20:1/17:0	[2.3328581E-5..1.9738791E-4]	[0.0..2.0865328E-4]	[0.0..4.4319822E-5]	[5.7057246E-6..1.682921E-4]	[0.0..2.0865328E-4]	
						PG 17:0/20:1	[6.4153597E-4..8.3417835E-4]	[6.219278E-4..9.615359E-4]	[6.617907E-4..9.044862E-4]	[5.8269704E-4..9.122719E-4]	[5.8269704E-4..9.615359E-4]	
						PG 19:0/18:1	[0.02854321..0.03164922]	[0.025744064..0.03200648]	[0.028043237..0.032409515]	[0.027680214..0.033731952]	[0.025744064..0.033731952]	
						PG 18:1/19:0	[0.0..0.0]	[0.0..0.0]	[0.0..0.0]	[0.0..0.0]	[0.0..0.0]	
						PG 19:1/18:0	[0.0060405103..0.008369777]	[0.006360267..0.008874082]	[0.0065957555..0.009802944]	[0.0052433703..0.008749895]	[0.0052433703..0.009802944]	
						PG 18:0/19:1	[0.006909864..0.00927042]	[0.006318053..0.008825765]	[0.0064289654..0.009615736]	[0.006635042..0.0103905]	[0.006318053..0.0103905]	
PG 37:2:0	0.07520863	0.09185106	0.080572665	0.08665637	[0.07520863..0.09185106]	Sum	[0.072253816..0.08500376]	[0.06690772..0.08323561]	[0.06999718..0.08524676]	[0.06916487..0.083838575]	[0.06690772..0.08524676]	
						PG 22:2/15:0	[0.0..7.892919E-5]	[0.0..6.9973794E-5]	[1.1621348E-4..3.920171E-4]	[0.0..0.0]	[0.0..3.920171E-4]	
						PG 15:0/22:2	[0.0..1.5785838E-4]	[0.0..1.3994759E-4]	[0.0..2.3246612E-4]	[0.0..0.0]	[0.0..2.3246612E-4]	
						PG 20:2/17:0	[0.0..0.0]	[0.0..3.0496853E-4]	[0.0..3.0782388E-4]	[0.0..6.910856E-4]	[0.0..6.910856E-4]	
						PG 17:0/20:2	[0.0010578681..0.0014491003]	[0.0010466891..0.0016396157]	[0.0010165385..0.0013560525]	[0.0..0.0013821712]	[0.0..0.0016396157]	
						PG 19:0/18:2	[0.03285949..0.03641709]	[0.030209726..0.03370803]	[0.031988993..0.035334885]	[0.031293664..0.035398807]	[0.030209726..0.03641709]	
						PG 18:2/19:0	[0.0..0.0]	[0.0..0.0]	[0.0..0.0]	[0.0..0.0]	[0.0..0.0]	
						PG 19:1/18:1	[0.034003645..0.04323195]	[0.030458098..0.043614693]	[0.031755578..0.04221503]	[0.03264213..0.04186233]	[0.030458098..0.043614693]	
						PG 18:1/19:1	[0.0..0.0]	[0.0..0.0]	[0.0..0.0]	[0.0..0.0]	[0.0..0.0]	
						PG 19:2/18:0	[0.0017988861..0.0027974048]	[0.0018972316..0.0034670972]	[0.0026661528..0.0040636663]	[0.002566984..0.0034183606]	[0.0017988861..0.0040636663]	
						PG 18:0/19:2	[0.0016686501..0.0026456811]	[0.0011993513..0.0026550281]	[0.0012258174..0.0022067965]	[0.0015013542..0.0022922533]	[0.0011993513..0.0026550281]	
PG 37:4:0	0.049879402	0.06594739	0.07175162	0.057696953	[0.049879402..0.07175162]	Sum	[0.050802507..0.064454466]	[0.050254185..0.06477038]	[0.052892517..0.06706913]	[0.0542596..0.06806539]	[0.050254185..0.06806539]	
						PG 22:4 (7z-10z)/15:0	[0.0..0.0]	[0.0..0.0]	[0.0..0.0]	[0.0..0.0]	[0.0..0.0]	
						PG 15:0/22:4 (7z-10z)	[0.010591972..0.012732701]	[0.01109663..0.012418265]	[0.011027018..0.013210449]	[0.011660179..0.013324525]	[0.010591972..0.013324525]	
						PG 21:4 (5z-8z)/16:0	[0.004335532..0.0068568652]	[0.0037079488..0.009004886]	[0.0040389136..0.009156378]	[0.0036553368..0.008276393]	[0.0036553368..0.009156378]	
						PG 16:0/21:4 (5z-8z)	[8.495298E-4..0.0031647072]	[1.08208624E-4..0.0044430196]	[4.1461407E-4..0.0042282636]	[5.461161E-4..0.004455831]	[1.08208624E-4..0.004455831]	
						PG 20:3 (5z-11z)/17:1	[0.0..0.0]	[0.0..0.0]	[0.0..0.0]	[0.0..0.0]	[0.0..0.0]	
						PG 17:1/20:3 (5z-11z)	[0.0012163549..0.0017037964]	[0.0010901853..0.0017570206]	[0.0012042362..0.0017587814]	[0.0012884334..0.0017267541]	[0.0010901853..0.0017587814]	
						PG 20:4 (5z-8z)/17:0	[0.0..0.0]	[0.0..0.0]	[0.0..0.0]	[0.0..0.0]	[0.0..0.0]	
						PG 17:0/20:4 (5z-8z)	[0.027005881..0.034553815]	[0.026644383..0.03451313]	[0.027712617..0.03527474]	[0.02865916..0.034674827]	[0.026644383..0.03527474]	
						PG 19:2/18:2	[0.0014245408..0.0016425817]	[0.0012071254..0.0016941554]	[0.0013851515..0.0016603937]	[0.001425304..0.0019229439]	[0.0012071254..0.0019229439]	
						PG 18:2/19:2	[0.0..0.0]	[0.0..0.0]	[0.0..0.0]	[0.0..0.0]	[0.0..0.0]	
						PG 19:3 (6z-9z)/18:1	[0.003759991..0.004794127]	[0.003353936..0.0050129727]	[0.0035639477..0.0051728697]	[0.0039157597..0.00568712]	[0.003353936..0.00568712]	
						PG 18:1/19:3 (6z-9z)	[0.0..0.0]	[0.0..0.0]	[0.0..0.0]	[0.0..0.0]	[0.0..0.0]	
PG 38:1:0	0.021976754	0.0189791	0.018244032	0.024458388	[0.018244032..0.024458388]	Sum	[0.19936341..0.2837398]	[0.18664354..0.28717622]	[0.19768713..0.3010643]	[0.20349368..0.31005287]	[0.18664354..0.31005287]	
						PG 22:1/16:0	[0.1179127..0.19141977]	[0.109785065..0.1930051]	[0.11855122..0.2059866]	[0.12620378..0.2148231]	[0.109785065..0.2148231]	
						PG 16:0/22:1	[0.0..0.0]	[0.0..0.0]	[0.0..0.0]	[0.0..0.0]	[0.0..0.0]	
						PG 20:0/18:1	[0.05729953..0.067030944]	[0.049888633..0.066738315]	[0.053451583..0.06700942]	[0.051946625..0.06671526]	[0.049888633..0.067030944]	
						PG 18:1/20:0	[0.0..0.0]	[0.0..0.0]	[0.0..0.0]	[0.0..0.0]	[0.0..0.0]	
						PG 20:1/18:0	[7.978679E-4..0.0034924957]	[0.0019054362..0.0037144958]	[0.0023989773..0.003992851]	[0.0..0.0026157117]	[0.0..0.003992851]	
						PG 18:0/20:1	[0.019467976..0.02308396]	[0.019576091..0.024835609]	[0.021565543..0.024750203]	[0.022683144..0.02753381]	[0.019467976..0.02753381]	
PG 38:2:0	0.2147505	0.22370003	0.2017258	0.20073217	[0.20073217..0.22370003]	Sum	[0.1546268..0.1719308]	[0.15765628..0.17974147]	[0.17784145..0.18876849]	[0.16817628..0.18650812]	[0.1546268..0.18876849]	
						PG 22:2/16:0	[0.020723581..0.022421194]	[0.02680837..0.032163486]	[0.03864062..0.04827558]	[0.032835115..0.037099633]	[0.020723581..0.04827558]	
						PG 16:0/22:2	[0.0..0.0]	[0.0..0.0]	[0.0..0.0]	[0.0..0.0]	[0.0..0.0]	
						PG 20:0/18:2	[0.030070506..0.035385545]	[0.028239371..0.03497215]	[0.02968123..0.034235287]	[0.030148046..0.03496073]	[0.028239371..0.035385545]	
						PG 18:2/20:0	[0.0..0.0]	[0.0..0.0]	[0.0..0.0]	[0.0..0.0]	[0.0..0.0]	
						PG 20:1/18:1	[0.055904448..0.06470245]	[0.052494586..0.06458109]	[0.05600357..0.06447739]	[0.05577781..0.06493723]	[0.052494586..0.06493723]	
						PG 18:1/20:1	[0.0..0.0]	[0.0..0.0]	[0.0..0.0]	[0.0..0.0]	[0.0..0.0]	
						PG 20:2/18:0	[0.0013317915..0.0037342606]	[0.0..0.0030588843]	[0.0..0.0042027887]	[8.24706E-4..0.0028228436]	[0.0..0.0042027887]	
						PG 18:0/20:2	[0.04390155..0.047138978]	[0.042351905..0.050145637]	[0.042127665..0.048869632]	[0.04325125..0.04950058]	[0.042127665..0.050145637]	
PG 38:3:0	0.84346217	0.8054389	0.79292357	0.81512415	[0.79292357..0.84346217]	Sum	[0.41444683..0.50482273]	[0.40690866..0.4991004]	[0.41090232..0.5458437]	[0.4319128..0.51845694]	[0.40690866..0.5458437]	
						PG 22:3 (13z)/16:0	[6.7658356E-4..0.006266877]	[3.5792147E-4..0.0040727593]	[0.0017104847..0.0064952685]	[0.0016312022..0.0045427894]	[3.5792147E-4..0.0064952685]	
						PG 16:0/22:3 (13z)	[0.007008385..0.0131590525]	[0.0081986375..0.014765659]	[0.008110548..0.0132618025]	[0.008530582..0.0133656915]	[0.007008385..0.014765659]	
						PG 20:1/18:2	[0.04417411..0.0518747]	[0.041918077..0.049980603]	[0.04354264..0.050777726]	[0.042260498..0.049840346]	[0.041918077..0.0518747]	
						PG 18:2/20:1	[0.0..0.0]	[0.0..0.0]	[0.0..0.0]	[0.0..0.0]	[0.0..0.0]	
						PG 20:2/18:1	[0.04624977..0.053325318]	[0.047552966..0.050927978]	[0.044360872..0.05701437]	[0.047794484..0.05624458]	[0.044360872..0.05701437]	
						PG 18:1/20:2	[0.0..0.0049592545]	[0.0012364802..0.0040178834]	[0.0023937556..0.00771758]	[0.0..0.004780789]	[0.0..0.00771758]	
						PG 20:3 (5z-11z)/18:0	[0.0..0.010669228]	[0.0..0.008303598]	[0.0..0.025955588]	[0.0..0.0047709947]	[0.0..0.025955588]	
						PG 18:0/20:3 (5z-11z)	[0.29296046..0.38104382]	[0.28926083..0.37743625]	[0.29449755..0.39931676]	[0.30769044..0.39758292]	[0.28926083..0.39931676]	
PG 38:4:0	5.475292	5.7040377	5.429949	5.7278705	[5.429949..5.7278705]	Sum	[2.3267305..3.5020645]	[2.48364..3.3082395]	[2.5097..3.5248227]	[2.6030278..3.5465772]	[2.3267305..3.5465772]	
						PG 22:4 (7z-10z)/16:0	[0.0..0.019193046]	[0.0..0.012182856]	[0.0..0.019510813]	[0.0..0.02623481]	[0.0..0.02623481]	
						PG 16:0/22:4 (7z-10z)	[0.093237884..0.15604101]	[0.10197604..0.145034]	[0.10468945..0.14452454]	[0.095426664..0.16396756]	[0.093237884..0.16396756]	
						PG 20:3 (5z-11z)/18:1	[0.0..0.00982481]	[0.0..0.0040502166]	[0.0..0.011236566]	[0.0011432155..0.020641139]	[0.0..0.020641139]	
						PG 18:1/20:3 (5z-11z)	[0.035136953..0.05646443]	[0.043841057..0.06532608]	[0.040142577..0.063483424]	[0.040284738..0.07772183]	[0.035136953..0.07772183]	
						PG 20:4 (5z-8z)/18:0	[0.0..0.2086923]	[0.0..0.11929605]	[0.0..0.16914181]	[0.0..0.14157133]	[0.0..0.2086923]	
						PG 18:0/20:4 (5z-8z)	[2.1900606..3.0690045]	[2.3307972..2.9824014]	[2.3562844..3.1322558]	[2.448348..3.1460297]	[2.1900606..3.1460297]	
PG 38:5:0	2.8080502	2.851628	2.8319516	2.6661398	[2.6661398..2.851628]	Sum	[1.0922976..1.6914723]	[1.2187159..1.5960287]	[1.2325228..1.7083364]	[1.2386531..1.672348]	[1.0922976..1.7083364]	
						PG 22:5 (4z-7z)/16:0	[0.0..0.06645464]	[0.0..0.0195848]	[0.0..0.038992774]	[0.0..0.038568202]	[0.0..0.06645464]	
						PG 16:0/22:5 (4z-7z)	[0.9342771..1.3562173]	[1.0441254..1.3056535]	[1.0451806..1.392599]	[1.0504..1.3774357]	[0.9342771..1.392599]	
						PG 20:4 (5z-8z)/18:1	[0.0..0.035911962]	[0.0..0.020233998]	[0.0..0.029537873]	[0.0..0.020949312]	[0.0..0.035911962]	
						PG 18:1/20:4 (5z-8z)	[0.15412636..0.24101987]	[0.17114301..0.25612652]	[0.1831267..0.25463685]	[0.18337888..0.24359664]	[0.15412636..0.25612652]	
PG 38:6:0	1.4522967	1.42117	1.4207127	1.4131297	[1.4131297..1.4522967]	Sum	[0.53599113..0.73605967]	[0.55261356..0.73458415]	[0.5673171..0.76788414]	[0.5500925..0.73823404]	[0.53599113..0.76788414]	
						PG 22:5 (4z-7z)/16:1	[0.00984735..0.022384016]	[0.0085339565..0.018019805]	[0.008073514..0.017953381]	[0.0038094232..0.01691052]	[0.0038094232..0.022384016]	
						PG 16:1/22:5 (4z-7z)	[0.0..0.008461158]	[0.0..0.005441981]	[0.0..0.008025162]	[0.0..0.011025659]	[0.0..0.011025659]	
						PG 22:6 (4z)/16:0	[0.0..0.016593162]	[0.0..0.027599208]	[0.0..0.008676605]	[0.0..0.044974357]	[0.0..0.044974357]	
						PG 16:0/22:6 (4z)	[0.5047888..0.6913817]	[0.51548725..0.68998027]	[0.5416826..0.7230504]	[0.5016694..0.6919132]	[0.5016694..0.7230504]	
						PG 20:4 (5z-8z)/18:2	[0.0..0.0070941346]	[0.0..0.0078808]	[0.0..0.0054060207]	[0.0..0.0063086627]	[0.0..0.0078808]	
						PG 18:2/20:4 (5z-8z)	[0.0051041786..0.01657508]	[0.0055505354..0.015824901]	[0.007338351..0.016788885]	[0.007573628..0.017236784]	[0.0051041786..0.017236784]	
PG 39:4:0	0.0	0.0	0.0	0.032607075	[0.0..0.032607075]	Sum	[0.048954617..0.061872758]	[0.043886933..0.06250552]	[0.046618078..0.06375472]	[0.039507825..0.050685667]	[0.039507825..0.06375472]	
						PG 23:4 (7z-10z)/16:0	[0.026875252..0.04014122]	[0.023750309..0.037295762]	[0.026191907..0.041283213]	[0.017119804..0.026282165]	[0.017119804..0.041283213]	
						PG 16:0/23:4 (7z-10z)	[0.0..0.0]	[0.0..0.0]	[0.0..0.0]	[0.0..0.0]	[0.0..0.0]	
						PG 22:4 (7z-10z)/17:0	[0.0..0.0]	[0.0..0.0]	[0.0..0.0]	[0.0..0.0]	[0.0..0.0]	
						PG 17:0/22:4 (7z-10z)	[0.01031065..0.013864298]	[0.011166945..0.014675905]	[0.010265287..0.013136316]	[0.011351723..0.014400619]	[0.010265287..0.014675905]	
						PG 20:4 (5z-8z)/19:0	[0.0..3.075283E-4]	[0.0..4.8402086E-4]	[0.0..0.0028484575]	[0.0..6.314948E-4]	[0.0..0.0028484575]	
						PG 19:0/20:4 (5z-8z)	[0.007612495..0.010983153]	[0.008006659..0.011524307]	[0.0048954245..0.01139383]	[0.0076960977..0.010887843]	[0.0048954245..0.011524307]	
PG 39:5:0	0.02981678	0.0	0.0	0.0	[0.0..0.02981678]	Sum	[0.049026..0.05694453]	[0.04686045..0.057918932]	[0.04970965..0.05858944]	[0.048586793..0.058900286]	[0.04686045..0.058900286]	
						PG 22:4 (7z-10z)/17:1	[0.0..0.0]	[0.0..0.0]	[0.0..0.0]	[0.0..0.0]	[0.0..0.0]	
						PG 17:1/22:4 (7z-10z)	[0.0034399421..0.0048023947]	[0.0037316214..0.0049858866]	[0.0037618938..0.0045162267]	[0.0039363173..0.0048930715]	[0.0034399421..0.0049858866]	
						PG 22:5 (4z-7z)/17:0	[0.0..0.0]	[0.0..0.0]	[0.0..0.0]	[0.0..0.0]	[0.0..0.0]	
						PG 17:0/22:5 (4z-7z)	[0.02412965..0.031065745]	[0.0274775..0.03163104]	[0.025007606..0.030860309]	[0.02480187..0.032250725]	[0.02412965..0.032250725]	
						PG 21:4 (5z-8z)/18:1	[0.011104154..0.018948354]	[0.0106147025..0.018992027]	[0.012080441..0.021175763]	[0.011203652..0.02053994]	[0.0106147025..0.021175763]	
						PG 18:1/21:4 (5z-8z)	[0.0..0.0]	[0.0..0.0]	[0.0..0.0]	[0.0..0.0]	[0.0..0.0]	
						PG 20:4 (5z-8z)/19:1	[0.0..0.0]	[0.0..0.0]	[0.0..0.0]	[0.0..0.0]	[0.0..0.0]	
						PG 19:1/20:4 (5z-8z)	[0.0023332722..0.0034303307]	[0.002223191..0.0033067644]	[0.0023063566..0.0036043231]	[0.002570321..0.0035420107]	[0.002223191..0.0036043231]	
PG 40:5:0	0.8612341	0.91333616	0.8849515	0.8925721	[0.8612341..0.91333616]	Sum	[0.44782078..0.6046028]	[0.4683498..0.58207226]	[0.45902714..0.61536014]	[0.46008798..0.60702896]	[0.44782078..0.61536014]	
						PG 24:5 (6z-9z)/16:0	[0.05564661..0.078781605]	[0.049715962..0.0802548]	[0.05104649..0.078131124]	[0.047922067..0.065715365]	[0.047922067..0.0802548]	
						PG 16:0/24:5 (6z-9z)	[0.0..0.0]	[0.0..0.0]	[0.0..0.0]	[0.0..0.0]	[0.0..0.0]	
						PG 22:5 (4z-7z)/18:0	[0.0..0.03383123]	[0.0..0.027454333]	[0.0..0.039341297]	[0.0..0.028832234]	[0.0..0.039341297]	
						PG 18:0/22:5 (4z-7z)	[0.35318932..0.49751806]	[0.3774304..0.49025592]	[0.36650032..0.51092595]	[0.38123342..0.51486135]	[0.35318932..0.51486135]	
						PG 20:1/20:4 (5z-8z)	[0.013697958..0.020513423]	[0.010037953..0.016801165]	[0.0135274315..0.018078685]	[0.011328688..0.019276636]	[0.010037953..0.020513423]	
						PG 20:4 (5z-8z)/20:1	[0.0..0.0]	[0.0..0.0]	[0.0..0.0]	[0.0..0.0]	[0.0..0.0]	
PG 40:6:0	0.47744644	0.46609253	0.48486814	0.45487309	[0.45487309..0.48486814]	Sum	[0.5224959..0.6245915]	[0.5070571..0.57214427]	[0.51321375..0.5971888]	[0.4930252..0.57517976]	[0.4930252..0.6245915]	
						PG 22:5 (4z-7z)/18:1	[0.30128792..0.45063594]	[0.2904885..0.40140995]	[0.28952733..0.4193522]	[0.26560307..0.40867943]	[0.26560307..0.45063594]	
						PG 18:1/22:5 (4z-7z)	[0.0..0.0]	[0.0..0.0]	[0.0..0.0]	[0.0..0.0]	[0.0..0.0]	
						PG 22:6 (4z)/18:0	[0.0..0.0059350803]	[0.0..0.023591515]	[0.0..0.010574047]	[0.0..0.017210884]	[0.0..0.023591515]	
						PG 18:0/22:6 (4z)	[0.16237475..0.21196716]	[0.14040466..0.20694311]	[0.16718018..0.21579689]	[0.15002872..0.21785928]	[0.14040466..0.21785928]	
						PG 20:2/20:4 (5z-8z)	[0.0038205264..0.00630703]	[0.004218874..0.007276785]	[0.0..0.009299205]	[0.0053545428..0.008468101]	[0.0..0.009299205]	
						PG 20:4 (5z-8z)/20:2	[0.0..3.090445E-4]	[0.0..0.0]	[0.0..0.0]	[0.0..1.8629822E-4]	[0.0..3.090445E-4]	
PG 40:7:0	0.08235602	0.08859771	0.083775714	0.083618715	[0.08235602..0.08859771]	Sum	[0.034592208..0.04235821]	[0.03272407..0.0387016]	[0.032571804..0.038313154]	[0.032367334..0.038299568]	[0.032367334..0.04235821]	
						PG 18:1/22:6 (4z)	[0.0..0.008641281]	[0.0..0.012034062]	[0.0..0.009443833]	[0.0..0.008521778]	[0.0..0.012034062]	
						PG 22:6 (4z)/18:1	[0.02710128..0.04174532]	[0.02258966..0.038082473]	[0.024653463..0.037624832]	[0.024790762..0.037706982]	[0.02258966..0.04174532]	
