PRM,EC,CLASS,PRC,PRDB,PROH,SPECIE,PRERR,PRI:20220709_Ultimate_Neg_MSMS_NCE25_S50_C200_1.mzXML,PRI:20220709_Ultimate_Neg_MSMS_NCE25_S50_C200_2.mzXML,PRI:20220709_Ultimate_Neg_MSMS_NCE25_S50_C200_3.mzXML,FA1M,FA1C,FA1DB,FA1ERR,FA1I:20220709_Ultimate_Neg_MSMS_NCE25_S50_C200_1.mzXML,FA1I:20220709_Ultimate_Neg_MSMS_NCE25_S50_C200_2.mzXML,FA1I:20220709_Ultimate_Neg_MSMS_NCE25_S50_C200_3.mzXML,FA2M,FA2C,FA2DB,FA2ERR,FA2I:20220709_Ultimate_Neg_MSMS_NCE25_S50_C200_1.mzXML,FA2I:20220709_Ultimate_Neg_MSMS_NCE25_S50_C200_2.mzXML,FA2I:20220709_Ultimate_Neg_MSMS_NCE25_S50_C200_3.mzXML,FACO2M,FACO2I:20220709_Ultimate_Neg_MSMS_NCE25_S50_C200_1.mzXML,FACO2I:20220709_Ultimate_Neg_MSMS_NCE25_S50_C200_2.mzXML,FACO2I:20220709_Ultimate_Neg_MSMS_NCE25_S50_C200_3.mzXML
#NCE,25,,,,,,,,,,,,,,,,,,,,,,,,,,,
###,PCfa,,,,,,,,,,,,,,,,,,,,,,,,,,,
795.591743,C42 D5 H76 O10 N1 P1 ,PC,33,1,0,PCd5 33:1:0,0,4877652.5,5053404.6,4694391.9,269.248605,17,0,0,1165322.6,1370028.3,1169512.6,253.2172736,16,1,-0.12,3108387.1,3680175.9,3248515.6,None, None, None, None
823.6229727,C44 D5 H80 O10 N1 P1 ,PC,35,1,0,PCd5 35:1:0,-0.09,6951177.8,7230788.6,6628679.2,281.2484015,18,1,-0.72,4986808.7,5973717.8,5019516.3,269.248605,17,0,0,1768616,2101843.7,1776835.5,None, None, None, None
847.6223013,C46 D5 H80 O10 N1 P1 ,PC,37,3,0,PCd5 37:3:0,-0.88,4574151.1,4726187.5,4350837.2,305.2481778,20,3,-1.4,3205869,3877304.7,2828511.6,269.248605,17,0,0,1218143.3,1475503.1,1045326.4,None, None, None, None
873.6376618,C48 D5 H82 O10 N1 P1 ,PC,39,4,0,PCd5 39:4:0,-1.18,2187572.9,2268073.3,2068244.4,331.2635586,22,4,-2.1,1438633.9,1804662.8,1502493.9,269.248605,17,0,0,558349.3,689337.3,598411,None, None, None, None
###,PCCO,,,,,,,,,,,,,,,,,,,,,,,,,,,
873.6376618,C48 D5 H82 O10 N1 P1 ,PC,39,4,0,PC 39:4:0,-1.18,2187572.9,2268073.3,2068244.4,269.248605,17,0,0,558349.3,689337.3,598411,331.2635586,22,4,-2.1,1438633.9,1804662.8,1502493.9,287.2742499,25337.6,32166.8,27153.5
###,PEfa,,,,,,,,,,,,,,,,,,,,,,,,,,,
679.508013,C36 D5 H64 O8 N1 P1 ,PE,31,1,0,PEd5 31:1:0,0,1782642.5,1842955.9,1747249,225.1859168,14,1,-0.39,1249340.7,1316894.7,1229027,269.248605,17,0,0,488755.8,510659.4,461570.8,None, None, None, None
707.5393638,C38 D5 H68 O8 N1 P1 ,PE,33,1,0,PEd5 33:1:0,0.07,3044625.5,3182849.1,2954947.4,253.2172685,16,1,-0.14,2218809.7,2454986.2,2206623,269.248605,17,0,0,776698,893454.3,815622.8,None, None, None, None
735.5710197,C40 D5 H72 O8 N1 P1 ,PE,35,1,0,PEd5 35:1:0,0.55,4696289.3,4847229.4,4519812,269.248605,17,0,0,1247317.6,1435800.5,1386616.6,281.2483914,18,1,-0.76,3570405.5,4042981.6,3944995.7,None, None, None, None
759.5705362,C42 D5 H72 O8 N1 P1 ,PE,37,3,0,PEd5 37:3:0,-0.1,2879505.9,2976907.7,2750606.1,269.248605,17,0,0,782223.5,847217.1,869494.6,305.2481778,20,3,-1.4,2033770.4,2225157,2238700.6,None, None, None, None
785.586102,C44 D5 H74 O8 N1 P1 ,PE,39,4,0,PEd5 39:4:0,-0.21,1421989.8,1450042.4,1352358.4,269.248605,17,0,0,410177.9,416773.1,425288.7,331.2635688,22,4,-2.07,919984.3,942658.3,949047.7,None, None, None, None
###,PECO,,,,,,,,,,,,,,,,,,,,,,,,,,,
759.5705362,C42 D5 H72 O8 N1 P1 ,PE,37,3,0,PEd5 37:3:0,-0.1,2879505.9,2976907.7,2750606.1,269.248605,17,0,0,782223.5,847217.1,869494.6,305.2481778,20,3,-1.4,2033770.4,2225157,2238700.6,261.2587826,6278.1,0,7390
785.586102,C44 D5 H74 O8 N1 P1 ,PE,39,4,0,PEd5 39:4:0,-0.21,1421989.8,1450042.4,1352358.4,269.248605,17,0,0,410177.9,416773.1,425288.7,331.2635688,22,4,-2.07,919984.3,942658.3,949047.7,287.2742499,19864.3,24616.5,23001.3
###,PGfa,,,,,,,,,,,,,,,,,,,,,,,,,,,
710.5025039,H65 C37 D5 O10 P1 ,PG,31,1,0,PGd5 31:1:0,-0.13,2007248.5,2072460.6,1959468.5,269.248605,17,0,0,429110.4,464154.6,456208.6,225.1859117,14,1,-0.41,1054655.5,1105993.4,1116592.6,None, None, None, None
738.5341395,H69 C39 D5 O10 P1 ,PG,33,1,0,PGd5 33:1:0,0.33,3522130.3,3636327.3,3415435.2,269.248605,17,0,0,763997.9,787896.1,802071.5,253.2172685,16,1,-0.14,1934489.9,2011251.1,1938248.2,None, None, None, None
766.5651647,H73 C41 D5 O10 P1 ,PG,35,1,0,PGd5 35:1:0,-0.04,4965419.7,5121757,4768484,281.2483914,18,1,-0.76,2934268.7,3061049.5,2875760.4,269.248605,17,0,0,1174043.1,1178833.2,1128651.9,None, None, None, None
790.5651288,H73 C43 D5 O10 P1 ,PG,37,3,0,PGd5 37:3:0,-0.08,3379437.6,3511558.7,3230102.4,305.2481676,20,3,-1.43,2024613.1,2213892.9,2150275.6,269.248605,17,0,0,787673.8,870724.2,802909.6,None, None, None, None
816.5807363,H75 C45 D5 O10 P1 ,PG,39,4,0,PGd5 39:4:0,-0.13,1605512.4,1672094.2,1533281.5,331.2635586,22,4,-2.1,926899.2,1009794.8,996036.9,269.248605,17,0,0,366348.7,391624,395251.8,None, None, None, None
###,PGCO,,,,,,,,,,,,,,,,,,,,,,,,,,,
790.5651288,H73 C43 D5 O10 P1 ,PG,37,3,0,PGd5 37:3:0,-0.08,3379437.6,3511558.7,3230102.4,269.248605,17,0,0,787673.8,870724.2,802909.6,305.2481676,20,3,-1.43,2024613.1,2213892.9,2150275.6,261.2587368,0,9400.6,0
816.5807363,H75 C45 D5 O10 P1 ,PG,39,4,0,PGd5 39:4:0,-0.13,1605512.4,1672094.2,1533281.5,269.248605,17,0,0,366348.7,391624,395251.8,331.2635586,22,4,-2.1,926899.2,1009794.8,996036.9,287.2742194,20622.5,20368.6,18357.5
###,PIfa,,,,,,,,,,,,,,,,,,,,,,,,,,,
798.5183787,H69 C40 D5 O13 P1 ,PI,31,1,0,PId5 31:1:0,-0.32,1877365.3,1895760.2,1802236.9,225.1859168,14,1,-0.39,164922.8,178431.8,166445.5,269.248605,17,0,0,214253.8,245195.9,231958.9,None, None, None, None
826.549466,H73 C42 D5 O13 P1 ,PI,33,1,0,PId5 33:1:0,-0.57,3631656.4,3687020.8,3461095.7,253.2172685,16,1,-0.14,328275.2,359864.5,331168.4,269.248605,17,0,0,348897,428440.5,414047.8,None, None, None, None
854.5801463,H77 C44 D5 O13 P1 ,PI,35,1,0,PId5 35:1:0,-1.28,4415374.2,4451808.4,4201102.6,269.248605,17,0,0,435605.2,530211.9,457297.9,281.2484015,18,1,-0.72,415263.1,501208.4,425904.3,None, None, None, None
878.5799836,H77 C46 D5 O13 P1 ,PI,37,3,0,PId5 37:3:0,-1.43,3170884.1,3210322.7,2989262.8,269.248605,17,0,0,330301.4,368638.6,303209,305.2481778,20,3,-1.4,376196.4,425881.5,330735.5,None, None, None, None
904.5956086,H79 C48 D5 O13 P1 ,PI,39,4,0,PId5 39:4:0,-1.41,1434685.5,1465750.7,1353596.1,269.248605,17,0,0,148201.1,153362.5,154868.8,331.2635484,22,4,-2.13,191322.8,194572.9,182860.5,None, None, None, None
###,PICO,,,,,,,,,,,,,,,,,,,,,,,,,,,
###,PSfa,,,,,,,,,,,,,,,,,,,,,,,,,,,
723.498039,C37 D5 H64 O10 N1 P1 ,PS,31,1,0,PSd5 31:1:0,0.27,1807767.4,1819000.8,1747307.4,225.185927,14,1,-0.35,215620.6,228618,200879.2,269.248605,17,0,0,557923.3,594779.1,520297.3,None, None, None, None
751.5292677,C39 D5 H68 O10 N1 P1 ,PS,33,1,0,PSd5 33:1:0,0.17,3365167.6,3458657.2,3286759.6,253.2172838,16,1,-0.08,443922.3,463493.8,434365,269.248605,17,0,0,1023682.2,1064274.3,1056554.8,None, None, None, None
779.5604557,C41 D5 H72 O10 N1 P1 ,PS,35,1,0,PSd5 35:1:0,0.02,4594830.7,4672062.4,4384155.5,269.248605,17,0,0,1384990.4,1455850.6,1360595.1,281.2484117,18,1,-0.69,650916.9,664504,591388.5,None, None, None, None
803.559903,C43 D5 H72 O10 N1 P1 ,PS,37,3,0,PSd5 37:3:0,-0.67,3457600.8,3482068.9,3241343.5,269.248605,17,0,0,1099262.7,1234265.2,1077429.4,305.2481676,20,3,-1.43,418037.6,495375.3,443023.7,None, None, None, None
829.5757721,C45 D5 H74 O10 N1 P1 ,PS,39,4,0,PSd5 39:4:0,-0.39,1376413.3,1401880.7,1319442,269.248605,17,0,0,484265.2,519212.7,480978.7,331.2635586,22,4,-2.1,191310.3,228025.5,207114.3,None, None, None, None
###,PSCO,,,,,,,,,,,,,,,,,,,,,,,,,,,
#NCE,30,,,,,,,,,,,,,,,,,,,,,,,,,,,
###,PCfa,,,,,,,,,,,,,,,,,,,,,,,,,,,
795.591743,C42 D5 H76 O10 N1 P1 ,PC,33,1,0,PCd5 33:1:0,0,4877652.5,5053404.6,4694391.9,269.248605,17,0,0,1428648.1,1595632.5,1382944.1,253.2172736,16,1,-0.12,3463524.8,3974207.6,3377783.4,None, None, None, None
823.6229727,C44 D5 H80 O10 N1 P1 ,PC,35,1,0,PCd5 35:1:0,-0.09,6951177.8,7230788.6,6628679.2,281.2483812,18,1,-0.8,5214992.8,6202019.3,5648559.4,269.248605,17,0,0,1947653.9,2351894.4,2175088.3,None, None, None, None
847.6223013,C46 D5 H80 O10 N1 P1 ,PC,37,3,0,PCd5 37:3:0,-0.88,4574151.1,4726187.5,4350837.2,305.2481574,20,3,-1.47,3517693.6,3491641.9,3471488.5,269.248605,17,0,0,1587242.7,1482982.6,1563754.9,None, None, None, None
873.6376618,C48 D5 H82 O10 N1 P1 ,PC,39,4,0,PCd5 39:4:0,-1.18,2187572.9,2268073.3,2068244.4,331.2635586,22,4,-2.1,1364431.2,1498522.3,1436451.9,269.248605,17,0,0,684163.3,738267.2,706906.9,None, None, None, None
###,PCCO,,,,,,,,,,,,,,,,,,,,,,,,,,,
847.6223013,C46 D5 H80 O10 N1 P1 ,PC,37,3,0,PC 37:3:0,-0.88,4574151.1,4726187.5,4350837.2,269.248605,17,0,0,1587242.7,1482982.6,1563754.9,305.2481574,20,3,-1.47,3517693.6,3491641.9,3471488.5,261.2587674,15724.6,0,17721.2
873.6376618,C48 D5 H82 O10 N1 P1 ,PC,39,4,0,PC 39:4:0,-1.18,2187572.9,2268073.3,2068244.4,269.248605,17,0,0,684163.3,738267.2,706906.9,331.2635586,22,4,-2.1,1364431.2,1498522.3,1436451.9,287.2742398,45326.5,44931.7,41964.7
###,PEfa,,,,,,,,,,,,,,,,,,,,,,,,,,,
679.508013,C36 D5 H64 O8 N1 P1 ,PE,31,1,0,PEd5 31:1:0,0,1782642.5,1842955.9,1747249,225.185927,14,1,-0.35,1290632.2,1405698.2,1239391,269.248605,17,0,0,536463.5,581376.2,509398.1,None, None, None, None
707.5393638,C38 D5 H68 O8 N1 P1 ,PE,33,1,0,PEd5 33:1:0,0.07,3044625.5,3182849.1,2954947.4,253.2172685,16,1,-0.14,2287457.2,2496787.6,2278370.4,269.248605,17,0,0,892927.8,962846.4,923761.4,None, None, None, None
735.5710197,C40 D5 H72 O8 N1 P1 ,PE,35,1,0,PEd5 35:1:0,0.55,4696289.3,4847229.4,4519812,269.248605,17,0,0,1445914,1644693.1,1315679.6,281.2483914,18,1,-0.76,3805388,4390889.8,3463280.7,None, None, None, None
759.5705362,C42 D5 H72 O8 N1 P1 ,PE,37,3,0,PEd5 37:3:0,-0.1,2879505.9,2976907.7,2750606.1,269.248605,17,0,0,871621.2,923255.9,903749.2,305.2481676,20,3,-1.43,1914584,2072503.2,1972412.9,None, None, None, None
785.586102,C44 D5 H74 O8 N1 P1 ,PE,39,4,0,PEd5 39:4:0,-0.21,1421989.8,1450042.4,1352358.4,269.248605,17,0,0,456657,515547.4,443496.1,331.2635586,22,4,-2.1,715533.6,839296.2,752167,None, None, None, None
###,PECO,,,,,,,,,,,,,,,,,,,,,,,,,,,
759.5705362,C42 D5 H72 O8 N1 P1 ,PE,37,3,0,PEd5 37:3:0,-0.1,2879505.9,2976907.7,2750606.1,269.248605,17,0,0,871621.2,923255.9,903749.2,305.2481676,20,3,-1.43,1914584,2072503.2,1972412.9,261.2587775,10033.7,10582.4,13412.8
785.586102,C44 D5 H74 O8 N1 P1 ,PE,39,4,0,PEd5 39:4:0,-0.21,1421989.8,1450042.4,1352358.4,269.248605,17,0,0,456657,515547.4,443496.1,331.2635586,22,4,-2.1,715533.6,839296.2,752167,287.2742296,27283.5,34141.9,26597.5
###,PGfa,,,,,,,,,,,,,,,,,,,,,,,,,,,
710.5025039,H65 C37 D5 O10 P1 ,PG,31,1,0,PGd5 31:1:0,-0.13,2007248.5,2072460.6,1959468.5,269.248605,17,0,0,562746.5,588987.9,553189.4,225.1859117,14,1,-0.41,1284503.8,1440122.4,1313877.2,None, None, None, None
738.5341395,H69 C39 D5 O10 P1 ,PG,33,1,0,PGd5 33:1:0,0.33,3522130.3,3636327.3,3415435.2,269.248605,17,0,0,951610.8,1082642.7,1034000.1,253.2172736,16,1,-0.12,2369147.7,2721455.6,2529754.8,None, None, None, None
766.5651647,H73 C41 D5 O10 P1 ,PG,35,1,0,PGd5 35:1:0,-0.04,4965419.7,5121757,4768484,281.2483914,18,1,-0.76,3590804.9,4233073.2,3846682.8,269.248605,17,0,0,1437876,1666511.9,1531773.7,None, None, None, None
790.5651288,H73 C43 D5 O10 P1 ,PG,37,3,0,PGd5 37:3:0,-0.08,3379437.6,3511558.7,3230102.4,305.2481778,20,3,-1.4,2234139.1,2569071.3,2291783.2,269.248605,17,0,0,949826.4,1074976.7,968246.6,None, None, None, None
816.5807363,H75 C45 D5 O10 P1 ,PG,39,4,0,PGd5 39:4:0,-0.13,1605512.4,1672094.2,1533281.5,331.2635484,22,4,-2.13,853535.1,1026884.9,928852.1,269.248605,17,0,0,433515.4,525076.5,453162.3,None, None, None, None
###,PGCO,,,,,,,,,,,,,,,,,,,,,,,,,,,
790.5651288,H73 C43 D5 O10 P1 ,PG,37,3,0,PGd5 37:3:0,-0.08,3379437.6,3511558.7,3230102.4,269.248605,17,0,0,949826.4,1074976.7,968246.6,305.2481778,20,3,-1.4,2234139.1,2569071.3,2291783.2,261.2586961,12230.3,12476.5,14300.9
816.5807363,H75 C45 D5 O10 P1 ,PG,39,4,0,PGd5 39:4:0,-0.13,1605512.4,1672094.2,1533281.5,269.248605,17,0,0,433515.4,525076.5,453162.3,331.2635484,22,4,-2.13,853535.1,1026884.9,928852.1,287.2742499,29159,32699.9,33320.6
###,PIfa,,,,,,,,,,,,,,,,,,,,,,,,,,,
798.5183787,H69 C40 D5 O13 P1 ,PI,31,1,0,PId5 31:1:0,-0.32,1877365.3,1895760.2,1802236.9,225.1859168,14,1,-0.39,394660,456442,352986.8,269.248605,17,0,0,492736.8,579897.5,478205.2,None, None, None, None
826.549466,H73 C42 D5 O13 P1 ,PI,33,1,0,PId5 33:1:0,-0.57,3631656.4,3687020.8,3461095.7,253.2172787,16,1,-0.1,760963.4,891490.9,784248.1,269.248605,17,0,0,917990.7,985398.9,884317.7,None, None, None, None
854.5801463,H77 C44 D5 O13 P1 ,PI,35,1,0,PId5 35:1:0,-1.28,4415374.2,4451808.4,4201102.6,269.248605,17,0,0,1082093.5,1237837.6,1114813.4,281.2483914,18,1,-0.76,1101202.5,1223613.2,1136253.7,None, None, None, None
878.5799836,H77 C46 D5 O13 P1 ,PI,37,3,0,PId5 37:3:0,-1.43,3170884.1,3210322.7,2989262.8,269.248605,17,0,0,743848.9,901769.8,771196.7,305.2481778,20,3,-1.4,806229.3,957528.3,831365.1,None, None, None, None
904.5956086,H79 C48 D5 O13 P1 ,PI,39,4,0,PId5 39:4:0,-1.41,1434685.5,1465750.7,1353596.1,269.248605,17,0,0,367425.5,386435.9,363633.5,331.2635586,22,4,-2.1,354589.9,386356.9,353118.3,None, None, None, None
###,PICO,,,,,,,,,,,,,,,,,,,,,,,,,,,
904.5956086,H79 C48 D5 O13 P1 ,PI,39,4,0,PId5 39:4:0,-1.41,1434685.5,1465750.7,1353596.1,269.248605,17,0,0,367425.5,386435.9,363633.5,331.2635586,22,4,-2.1,354589.9,386356.9,353118.3,287.2742398,10166.8,10970.1,10149.6
###,PSfa,,,,,,,,,,,,,,,,,,,,,,,,,,,
723.498039,C37 D5 H64 O10 N1 P1 ,PS,31,1,0,PSd5 31:1:0,0.27,1807767.4,1819000.8,1747307.4,225.1859219,14,1,-0.37,300811,337634.4,341419.7,269.248605,17,0,0,876102,1024044.3,941539.1,None, None, None, None
751.5292677,C39 D5 H68 O10 N1 P1 ,PS,33,1,0,PSd5 33:1:0,0.17,3365167.6,3458657.2,3286759.6,253.2172736,16,1,-0.12,616587.6,670755.1,648323.7,269.248605,17,0,0,1667979,1805395.1,1753817.8,None, None, None, None
779.5604557,C41 D5 H72 O10 N1 P1 ,PS,35,1,0,PSd5 35:1:0,0.02,4594830.7,4672062.4,4384155.5,269.248605,17,0,0,2318550.1,2786951.8,2575248.9,281.2483914,18,1,-0.76,928032.1,1108887.7,1024865.3,None, None, None, None
803.559903,C43 D5 H72 O10 N1 P1 ,PS,37,3,0,PSd5 37:3:0,-0.67,3457600.8,3482068.9,3241343.5,269.248605,17,0,0,1695284,2026231.3,1823602.6,305.2481879,20,3,-1.37,577134.6,703346.9,636624.8,None, None, None, None
829.5757721,C45 D5 H74 O10 N1 P1 ,PS,39,4,0,PSd5 39:4:0,-0.39,1376413.3,1401880.7,1319442,269.248605,17,0,0,748245,927390.6,810230.1,331.2635383,22,4,-2.16,237081,312340,257198.9,None, None, None, None
###,PSCO,,,,,,,,,,,,,,,,,,,,,,,,,,,
829.5757721,C45 D5 H74 O10 N1 P1 ,PS,39,4,0,PSd5 39:4:0,-0.39,1376413.3,1401880.7,1319442,269.248605,17,0,0,748245,927390.6,810230.1,331.2635383,22,4,-2.16,237081,312340,257198.9,287.2741635,4797.4,5232.5,0
#NCE,35,,,,,,,,,,,,,,,,,,,,,,,,,,,
###,PCfa,,,,,,,,,,,,,,,,,,,,,,,,,,,
795.591743,C42 D5 H76 O10 N1 P1 ,PC,33,1,0,PCd5 33:1:0,0,4877652.5,5053404.6,4694391.9,269.248605,17,0,0,1455620.6,1539214.1,1434053.4,253.2172685,16,1,-0.14,3156443.7,3689746.3,3390310.8,None, None, None, None
823.6229727,C44 D5 H80 O10 N1 P1 ,PC,35,1,0,PCd5 35:1:0,-0.09,6951177.8,7230788.6,6628679.2,281.2483812,18,1,-0.8,4965309.5,5732583.5,4718415.6,269.248605,17,0,0,2016385.3,2331943.4,1904209.7,None, None, None, None
847.6223013,C46 D5 H80 O10 N1 P1 ,PC,37,3,0,PCd5 37:3:0,-0.88,4574151.1,4726187.5,4350837.2,305.2481574,20,3,-1.47,2541680.4,2797615.6,2660533.1,269.248605,17,0,0,1422510.5,1566490.5,1388163.1,None, None, None, None
873.6376618,C48 D5 H82 O10 N1 P1 ,PC,39,4,0,PCd5 39:4:0,-1.18,2187572.9,2268073.3,2068244.4,331.2635586,22,4,-2.1,893552.7,931873.9,936976.9,269.248605,17,0,0,689901.8,673785.1,688925.5,None, None, None, None
###,PCCO,,,,,,,,,,,,,,,,,,,,,,,,,,,
847.6223013,C46 D5 H80 O10 N1 P1 ,PC,37,3,0,PC 37:3:0,-0.88,4574151.1,4726187.5,4350837.2,269.248605,17,0,0,1422510.5,1566490.5,1388163.1,305.2481574,20,3,-1.47,2541680.4,2797615.6,2660533.1,261.2587979,20569,21887.3,18561.2
873.6376618,C48 D5 H82 O10 N1 P1 ,PC,39,4,0,PC 39:4:0,-1.18,2187572.9,2268073.3,2068244.4,269.248605,17,0,0,689901.8,673785.1,688925.5,331.2635586,22,4,-2.1,893552.7,931873.9,936976.9,287.2742398,38387.9,42862.3,44629.1
###,PEfa,,,,,,,,,,,,,,,,,,,,,,,,,,,
679.508013,C36 D5 H64 O8 N1 P1 ,PE,31,1,0,PEd5 31:1:0,0,1782642.5,1842955.9,1747249,225.1859168,14,1,-0.39,1118670.1,1159540.3,1083548.1,269.248605,17,0,0,508045.7,530443.3,487532.6,None, None, None, None
707.5393638,C38 D5 H68 O8 N1 P1 ,PE,33,1,0,PEd5 33:1:0,0.07,3044625.5,3182849.1,2954947.4,253.2172838,16,1,-0.08,1988197.1,2145412,2226995.6,269.248605,17,0,0,844135.7,901019.9,945465.3,None, None, None, None
735.5710197,C40 D5 H72 O8 N1 P1 ,PE,35,1,0,PEd5 35:1:0,0.55,4696289.3,4847229.4,4519812,269.248605,17,0,0,1322146.4,1483998.5,1477510.6,281.2483914,18,1,-0.76,3254264.9,3688708.5,3726731.8,None, None, None, None
759.5705362,C42 D5 H72 O8 N1 P1 ,PE,37,3,0,PEd5 37:3:0,-0.1,2879505.9,2976907.7,2750606.1,269.248605,17,0,0,832287.5,924533.2,876539.7,305.2481778,20,3,-1.4,1540783.6,1669235.1,1598813.4,None, None, None, None
785.586102,C44 D5 H74 O8 N1 P1 ,PE,39,4,0,PEd5 39:4:0,-0.21,1421989.8,1450042.4,1352358.4,269.248605,17,0,0,419568.9,448699.3,396099.5,331.2635586,22,4,-2.1,445277.8,496205.2,432857.8,None, None, None, None
###,PECO,,,,,,,,,,,,,,,,,,,,,,,,,,,
759.5705362,C42 D5 H72 O8 N1 P1 ,PE,37,3,0,PEd5 37:3:0,-0.1,2879505.9,2976907.7,2750606.1,269.248605,17,0,0,832287.5,924533.2,876539.7,305.2481778,20,3,-1.4,1540783.6,1669235.1,1598813.4,261.2587877,11180.9,13546.4,16421.7
785.586102,C44 D5 H74 O8 N1 P1 ,PE,39,4,0,PEd5 39:4:0,-0.21,1421989.8,1450042.4,1352358.4,269.248605,17,0,0,419568.9,448699.3,396099.5,331.2635586,22,4,-2.1,445277.8,496205.2,432857.8,287.2742296,23661.5,23899.2,20163.3
###,PGfa,,,,,,,,,,,,,,,,,,,,,,,,,,,
710.5025039,H65 C37 D5 O10 P1 ,PG,31,1,0,PGd5 31:1:0,-0.13,2007248.5,2072460.6,1959468.5,269.248605,17,0,0,537973.9,627521.3,574566.9,225.1859219,14,1,-0.37,1174224.6,1320469,1244373.4,None, None, None, None
738.5341395,H69 C39 D5 O10 P1 ,PG,33,1,0,PGd5 33:1:0,0.33,3522130.3,3636327.3,3415435.2,269.248605,17,0,0,902362.5,1103889.8,933797.8,253.2172787,16,1,-0.1,2095202.9,2550801.7,2240796.8,None, None, None, None
766.5651647,H73 C41 D5 O10 P1 ,PG,35,1,0,PGd5 35:1:0,-0.04,4965419.7,5121757,4768484,281.2484015,18,1,-0.72,3452905.1,3663135.1,3384198.5,269.248605,17,0,0,1411951.5,1537637.5,1417535.6,None, None, None, None
790.5651288,H73 C43 D5 O10 P1 ,PG,37,3,0,PGd5 37:3:0,-0.08,3379437.6,3511558.7,3230102.4,305.2481778,20,3,-1.4,1842258,2077643.7,1763468.3,269.248605,17,0,0,947950.1,1083792.2,914552.4,None, None, None, None
816.5807363,H75 C45 D5 O10 P1 ,PG,39,4,0,PGd5 39:4:0,-0.13,1605512.4,1672094.2,1533281.5,331.2635484,22,4,-2.13,577654,650937.9,605895.7,269.248605,17,0,0,435881.1,507507.1,452124.4,None, None, None, None
###,PGCO,,,,,,,,,,,,,,,,,,,,,,,,,,,
790.5651288,H73 C43 D5 O10 P1 ,PG,37,3,0,PGd5 37:3:0,-0.08,3379437.6,3511558.7,3230102.4,269.248605,17,0,0,947950.1,1083792.2,914552.4,305.2481778,20,3,-1.4,1842258,2077643.7,1763468.3,261.2587674,15240.2,19596.4,16647.2
816.5807363,H75 C45 D5 O10 P1 ,PG,39,4,0,PGd5 39:4:0,-0.13,1605512.4,1672094.2,1533281.5,269.248605,17,0,0,435881.1,507507.1,452124.4,331.2635484,22,4,-2.13,577654,650937.9,605895.7,287.2742194,23595.5,27014.2,27044.8
###,PIfa,,,,,,,,,,,,,,,,,,,,,,,,,,,
798.5183787,H69 C40 D5 O13 P1 ,PI,31,1,0,PId5 31:1:0,-0.32,1877365.3,1895760.2,1802236.9,225.1859168,14,1,-0.39,527314.2,594525.5,562379.5,269.248605,17,0,0,669013.3,751155.2,672091.2,None, None, None, None
826.549466,H73 C42 D5 O13 P1 ,PI,33,1,0,PId5 33:1:0,-0.57,3631656.4,3687020.8,3461095.7,253.2172787,16,1,-0.1,1135193.5,1213672.1,1198945.5,269.248605,17,0,0,1260071.1,1378192.1,1304468.8,None, None, None, None
854.5801463,H77 C44 D5 O13 P1 ,PI,35,1,0,PId5 35:1:0,-1.28,4415374.2,4451808.4,4201102.6,269.248605,17,0,0,1491715.9,1671361.5,1425851.8,281.248371,18,1,-0.83,1522853.3,1705132.6,1430192.7,None, None, None, None
878.5799836,H77 C46 D5 O13 P1 ,PI,37,3,0,PId5 37:3:0,-1.43,3170884.1,3210322.7,2989262.8,269.248605,17,0,0,1015190.2,1073525.2,1050744.7,305.2481778,20,3,-1.4,917855,990645,981078.5,None, None, None, None
904.5956086,H79 C48 D5 O13 P1 ,PI,39,4,0,PId5 39:4:0,-1.41,1434685.5,1465750.7,1353596.1,269.248605,17,0,0,466330.7,518220.6,457586.2,331.2635586,22,4,-2.1,338101.7,389730.5,347666.7,None, None, None, None
###,PICO,,,,,,,,,,,,,,,,,,,,,,,,,,,
878.5799836,H77 C46 D5 O13 P1 ,PI,37,3,0,PId5 37:3:0,-1.43,3170884.1,3210322.7,2989262.8,269.248605,17,0,0,1015190.2,1073525.2,1050744.7,305.2481778,20,3,-1.4,917855,990645,981078.5,261.2589199,0,0,7572.1
904.5956086,H79 C48 D5 O13 P1 ,PI,39,4,0,PId5 39:4:0,-1.41,1434685.5,1465750.7,1353596.1,269.248605,17,0,0,466330.7,518220.6,457586.2,331.2635586,22,4,-2.1,338101.7,389730.5,347666.7,287.2742296,12753.1,13550.6,13223.3
###,PSfa,,,,,,,,,,,,,,,,,,,,,,,,,,,
723.498039,C37 D5 H64 O10 N1 P1 ,PS,31,1,0,PSd5 31:1:0,0.27,1807767.4,1819000.8,1747307.4,225.1859219,14,1,-0.37,342272.7,366834.7,360315.3,269.248605,17,0,0,1038855.1,1094528,1058878.9,None, None, None, None
751.5292677,C39 D5 H68 O10 N1 P1 ,PS,33,1,0,PSd5 33:1:0,0.17,3365167.6,3458657.2,3286759.6,253.2172889,16,1,-0.06,729647.8,791941.2,668863.1,269.248605,17,0,0,2086265.6,2218602.1,1911228.7,None, None, None, None
779.5604557,C41 D5 H72 O10 N1 P1 ,PS,35,1,0,PSd5 35:1:0,0.02,4594830.7,4672062.4,4384155.5,269.248605,17,0,0,2760738.6,3064259.8,2451195.1,281.2484117,18,1,-0.69,991256.3,1102879.7,886050.1,None, None, None, None
803.559903,C43 D5 H72 O10 N1 P1 ,PS,37,3,0,PSd5 37:3:0,-0.67,3457600.8,3482068.9,3241343.5,269.248605,17,0,0,1921663.8,2131140.6,1912371.9,305.2481676,20,3,-1.43,539776,649519.7,556916.1,None, None, None, None
829.5757721,C45 D5 H74 O10 N1 P1 ,PS,39,4,0,PSd5 39:4:0,-0.39,1376413.3,1401880.7,1319442,269.248605,17,0,0,840635.9,973629.7,911194.4,331.2635586,22,4,-2.1,205989.6,231603.6,231008.8,None, None, None, None
###,PSCO,,,,,,,,,,,,,,,,,,,,,,,,,,,
829.5757721,C45 D5 H74 O10 N1 P1 ,PS,39,4,0,PSd5 39:4:0,-0.39,1376413.3,1401880.7,1319442,269.248605,17,0,0,840635.9,973629.7,911194.4,331.2635586,22,4,-2.1,205989.6,231603.6,231008.8,287.2742499,7309.8,8475.9,7291
