Species	PRI_240604_eggPE_25-35_1.mzXML	PRI_240604_eggPE_25-35_2.mzXML	PRI_240604_eggPE_25-35_3.mzXML	PRI_Group-1	Mspecies	FAI.FC_240604_eggPE_25-35_1.mzXML	FAI.FC_240604_eggPE_25-35_2.mzXML	FAI.FC_240604_eggPE_25-35_3.mzXML	FAI.FC_Group-1
PE 32:0:0	0.012652836	-4.1407543E-6	0.002665074	[-4.1407543E-6..0.012652836]	Sum	[0.41823387..0.41823387]	[0.43130457..0.43130457]	[0.4591563..0.4591563]	[0.41823387..0.4591563]	
					PE 14:0-18:0	[0.1777484..0.1777484]	[0.18644257..0.18644257]	[0.20076768..0.20076768]	[0.1777484..0.20076768]	
					PE 16:0/16:0	[0.24048547..0.24048547]	[0.24486199..0.24486199]	[0.25838864..0.25838864]	[0.24048547..0.25838864]	
PE 32:1:0	0.7940509	0.86419016	0.8525686	[0.7940509..0.86419016]	Sum	[0.77500266..0.77500266]	[0.84647363..0.84647363]	[0.7956185..0.7956185]	[0.77500266..0.84647363]	
					PE 14:0-18:1	[0.072106004..0.072106004]	[0.08301207..0.08301207]	[0.07557519..0.07557519]	[0.072106004..0.08301207]	
					PE 16:0-16:1	[0.70289665..0.70289665]	[0.76346153..0.76346153]	[0.7200433..0.7200433]	[0.70289665..0.76346153]	
PE 33:1:0	0.13993746	0.14227502	0.14055671	[0.13993746..0.14227502]	Sum	[1.0689027..1.0689027]	[1.0393662..1.0393662]	[1.0882518..1.0882518]	[1.0393662..1.0882518]	
					PE 15:0-18:1	[0.7767202..0.7767202]	[0.7501274..0.7501274]	[0.779862..0.779862]	[0.7501274..0.779862]	
					PE 16:1-17:0	[0.08636724..0.08636724]	[0.083137825..0.083137825]	[0.08762862..0.08762862]	[0.083137825..0.08762862]	
					PE 16:0-17:1	[0.20581523..0.20581523]	[0.20610102..0.20610102]	[0.22076134..0.22076134]	[0.20581523..0.22076134]	
PE 34:1:0	40.8	40.8	40.8	[40.8..40.8]	Sum	[40.8..40.8]	[40.8..40.8]	[40.8..40.8]	[40.8..40.8]	
					PE 16:1-18:0	[0.7604182..0.7604182]	[0.7226953..0.7226953]	[0.7122348..0.7122348]	[0.7122348..0.7604182]	
					PE 16:0-18:1	[40.03958..40.03958]	[40.0773..40.0773]	[40.087765..40.087765]	[40.03958..40.087765]	
PE 34:2:0	13.398535	14.289033	14.115873	[13.398535..14.289033]	Sum	[12.746338..12.746338]	[11.922415..11.922415]	[10.957196..10.957196]	[10.957196..12.746338]	
					PE 16:1-18:1	[0.6869766..0.6869766]	[0.6392624..0.6392624]	[0.5705761..0.5705761]	[0.5705761..0.6869766]	
					PE 16:0-18:2	[12.059361..12.059361]	[11.283153..11.283153]	[10.38662..10.38662]	[10.38662..12.059361]	
PE 34:3:0	0.42300886	0.43530998	0.45319498	[0.42300886..0.45319498]	Sum	[0.35558832..0.35558832]	[0.37268057..0.37268057]	[0.35870478..0.35870478]	[0.35558832..0.37268057]	
					PE 16:1-18:2	[0.1750916..0.1750916]	[0.1795969..0.1795969]	[0.174417..0.174417]	[0.174417..0.1795969]	
					PE 16:0-18:3 (0z-9z)	[0.18049675..0.18049675]	[0.19308369..0.19308369]	[0.18428776..0.18428776]	[0.18049675..0.19308369]	
PE 36:1:0	27.21127	25.718096	26.409624	[25.718096..27.21127]	Sum	[30.247759..30.247759]	[28.02408..28.02408]	[30.4134..30.4134]	[28.02408..30.4134]	
					PE 16:0-20:1	[0.5149792..0.5149792]	[0.5169063..0.5169063]	[0.6099201..0.6099201]	[0.5149792..0.6099201]	
					PE 18:0-18:1	[29.732779..29.732779]	[27.507174..27.507174]	[29.803482..29.803482]	[27.507174..29.803482]	
PE 36:2:0	23.70668	23.747976	23.676054	[23.676054..23.747976]	Sum	[21.327381..21.327381]	[19.68555..19.68555]	[19.85049..19.85049]	[19.68555..21.327381]	
					PE 16:0-20:2	[0.44344357..0.44344357]	[0.44095114..0.44095114]	[0.4124738..0.4124738]	[0.4124738..0.44344357]	
					PE 18:0-18:2	[15.5595875..15.5595875]	[14.336432..14.336432]	[14.478274..14.478274]	[14.336432..15.5595875]	
					PE 18:1/18:1	[5.324348..5.324348]	[4.908166..4.908166]	[4.959744..4.959744]	[4.908166..5.324348]	
PE 36:3:0	2.0506277	2.1845822	2.2045603	[2.0506277..2.2045603]	Sum	[3.449344..3.449344]	[3.5698588..3.5698588]	[3.4541779..3.4541779]	[3.449344..3.5698588]	
					PE 16:0-20:3 (0z-11z)	[0.38214356..0.38214356]	[0.39203873..0.39203873]	[0.35895148..0.35895148]	[0.35895148..0.39203873]	
					PE 18:0-18:3 (0z-9z)	[0.19645984..0.19645984]	[0.20281036..0.20281036]	[0.21085869..0.21085869]	[0.19645984..0.21085869]	
					PE 18:1-18:2	[2.8707402..2.8707402]	[2.9750097..2.9750097]	[2.8843677..2.8843677]	[2.8707402..2.9750097]	
PE 36:4:0	6.2442765	6.6962953	6.5121827	[6.2442765..6.6962953]	Sum	[2.7968187..2.7968187]	[2.777499..2.777499]	[2.719425..2.719425]	[2.719425..2.7968187]	
					PE 16:0-20:4 (0z-8z)	[2.5465655..2.5465655]	[2.5247788..2.5247788]	[2.48091..2.48091]	[2.48091..2.5465655]	
					PE 18:1-18:3 (0z-9z)	[0.047235012..0.047235012]	[0.046214584..0.046214584]	[0.04913691..0.04913691]	[0.046214584..0.04913691]	
					PE 18:2/18:2	[0.20301814..0.20301814]	[0.2065058..0.2065058]	[0.18937786..0.18937786]	[0.18937786..0.2065058]	
PE 36:5:0	0.07399289	0.0937164	0.09161243	[0.07399289..0.0937164]	Sum	[0.102560915..0.102560915]	[0.13325807..0.13325807]	[0.13684678..0.13684678]	[0.102560915..0.13684678]	
					PE 14:0-22:5 (0z-7z)	[0.002520109..0.002520109]	[0.0025475875..0.0025475875]	[0.0016145263..0.0016145263]	[0.0016145263..0.0025475875]	
					PE 16:1-20:4 (0z-8z)	[0.013714773..0.013714773]	[0.014370831..0.014370831]	[0.015220041..0.015220041]	[0.013714773..0.015220041]	
					PE 16:0-20:5	[0.061036725..0.061036725]	[0.09176315..0.09176315]	[0.09317233..0.09317233]	[0.061036725..0.09317233]	
					PE 18:2-18:3 (0z-9z)	[0.02528931..0.02528931]	[0.0245765..0.0245765]	[0.026839895..0.026839895]	[0.0245765..0.026839895]	
PE 37:1:0	0.18631399	0.18542351	0.1963577	[0.18542351..0.1963577]	Sum	[1.0341927..1.0341927]	[1.0574054..1.0574054]	[1.0356052..1.0356052]	[1.0341927..1.0574054]	
					PE 17:0-20:1	[0.029226137..0.029226137]	[0.025800167..0.025800167]	[0.026394164..0.026394164]	[0.025800167..0.029226137]	
					PE 18:1-19:0	[0.38738585..0.38738585]	[0.43830636..0.43830636]	[0.42198852..0.42198852]	[0.38738585..0.43830636]	
					PE 18:0-19:1	[0.6175808..0.6175808]	[0.5932988..0.5932988]	[0.58722246..0.58722246]	[0.58722246..0.6175808]	
PE 38:1:0	0.11621528	0.115425594	0.13585648	[0.115425594..0.13585648]	Sum	[0.7887437..0.7887437]	[0.8964871..0.8964871]	[0.8605478..0.8605478]	[0.7887437..0.8964871]	
					PE 18:1-20:0	[0.36571676..0.36571676]	[0.46913522..0.46913522]	[0.43472156..0.43472156]	[0.36571676..0.46913522]	
					PE 18:0-20:1	[0.42302692..0.42302692]	[0.42735195..0.42735195]	[0.4258262..0.4258262]	[0.42302692..0.42735195]	
PE 38:4:0	22.83455	22.554546	22.678589	[22.554546..22.83455]	Sum	[10.344414..10.344414]	[9.614734..9.614734]	[9.145882..9.145882]	[9.145882..10.344414]	
					PE 16:0-22:4 (0z-10z)	[0.17299598..0.17299598]	[0.2428663..0.2428663]	[0.19088708..0.19088708]	[0.17299598..0.2428663]	
					PE 18:1-20:3 (0z-11z)	[0.07812412..0.07812412]	[0.059422426..0.059422426]	[0.054657992..0.054657992]	[0.054657992..0.07812412]	
					PE 18:0-20:4 (0z-8z)	[10.093294..10.093294]	[9.312445..9.312445]	[8.900336..8.900336]	[8.900336..10.093294]	
PE 38:5:0	4.181021	4.206884	4.2987995	[4.181021..4.2987995]	Sum	[1.7892514..1.7892514]	[1.8165882..1.8165882]	[1.8284235..1.8284235]	[1.7892514..1.8284235]	
					PE 16:0-22:5 (0z-7z)	[1.316135..1.316135]	[1.3023314..1.3023314]	[1.315699..1.315699]	[1.3023314..1.316135]	
					PE 18:1-20:4 (0z-8z)	[0.47311643..0.47311643]	[0.5142566..0.5142566]	[0.5127245..0.5127245]	[0.47311643..0.5142566]	
PE 38:6:0	2.2777429	2.251058	2.2961624	[2.251058..2.2961624]	Sum	[1.0553601..1.0553601]	[1.2906071..1.2906071]	[1.2290062..1.2290062]	[1.0553601..1.2906071]	
					PE 16:0-22:6	[1.0299212..1.0299212]	[1.2512567..1.2512567]	[1.1929146..1.1929146]	[1.0299212..1.2512567]	
					PE 18:2-20:4 (0z-8z)	[0.02543891..0.02543891]	[0.039350446..0.039350446]	[0.036091678..0.036091678]	[0.02543891..0.039350446]	
PE 40:4:0	-3.8297553E-6	-4.3995515E-6	-4.584262E-6	[-4.584262E-6..-3.8297553E-6]	Sum	[0.7355021..0.7355021]	[0.8102176..0.8102176]	[0.80870056..0.80870056]	[0.7355021..0.8102176]	
					PE 16:0-24:4	[0.21734911..0.21734911]	[0.31351817..0.31351817]	[0.2892266..0.2892266]	[0.21734911..0.31351817]	
					PE 18:0-22:4 (0z-10z)	[0.4991786..0.4991786]	[0.4877615..0.4877615]	[0.50480884..0.50480884]	[0.4877615..0.50480884]	
					PE 20:0-20:4 (0z-8z)	[0.018974401..0.018974401]	[0.008937965..0.008937965]	[0.0146651575..0.0146651575]	[0.008937965..0.018974401]	
PE 40:5:0	1.897669	1.798722	1.8205848	[1.798722..1.897669]	Sum	[0.96202445..0.96202445]	[1.0577024..1.0577024]	[1.0826672..1.0826672]	[0.96202445..1.0826672]	
					PE 18:1-22:4 (0z-10z)	[0.058344834..0.058344834]	[0.07367267..0.07367267]	[0.06997501..0.06997501]	[0.058344834..0.07367267]	
					PE 18:0-22:5 (0z-7z)	[0.88148665..0.88148665]	[0.9633981..0.9633981]	[0.9860671..0.9860671]	[0.88148665..0.9860671]	
					PE 20:1-20:4 (0z-8z)	[0.022192966..0.022192966]	[0.020631647..0.020631647]	[0.026625082..0.026625082]	[0.020631647..0.026625082]	
PE 40:6:0	1.2624865	1.1432754	1.2243153	[1.1432754..1.2624865]	Sum	[1.091944..1.091944]	[1.1887052..1.1887052]	[1.1934506..1.1934506]	[1.091944..1.1934506]	
					PE 18:1-22:5 (0z-7z)	[0.11474047..0.11474047]	[0.11977177..0.11977177]	[0.13571268..0.13571268]	[0.11474047..0.13571268]	
					PE 18:0-22:6	[0.958822..0.958822]	[1.0689335..1.0689335]	[1.0378826..1.0378826]	[0.958822..1.0689335]	
					PE 20:2-20:4 (0z-8z)	[0.01838153..0.01838153]	[0.0..0.0]	[0.019855449..0.019855449]	[0.0..0.019855449]	
PE 40:7:0	0.07533309	0.0	0.0	[0.0..0.07533309]	Sum	[0.17639218..0.17639218]	[0.21210164..0.21210164]	[0.21505839..0.21505839]	[0.17639218..0.21505839]	
					PE 18:1-22:6	[0.17639218..0.17639218]	[0.21210164..0.21210164]	[0.21505839..0.21505839]	[0.17639218..0.21505839]	
