Species	PRI_240116_PS_FTMSMS-_1.mzXML	PRI_240116_PS_FTMSMS-_2.mzXML	PRI_240116_PS_FTMSMS-_3.mzXML	PRI_240116_PS_FTMSMS-_4.mzXML	PRI_Group-1	Mspecies	FAI.FC_240116_PS_FTMSMS-_1.mzXML	FAI.FC_240116_PS_FTMSMS-_2.mzXML	FAI.FC_240116_PS_FTMSMS-_3.mzXML	FAI.FC_240116_PS_FTMSMS-_4.mzXML	FAI.FC_Group-1
PS 34:0:0	0.066672534	0.047767468	0.05021161	0.048172943	[0.047767468..0.066672534]	Sum	[0.076156914..0.079817526]	[0.07850728..0.08231128]	[0.06519228..0.082935855]	[0.06916239..0.08726501]	[0.06519228..0.08726501]
						PS 18:0/16:0	[0.076156914..0.079817526]	[0.07850728..0.08231128]	[0.059897177..0.08148777]	[0.06493104..0.0868036]	[0.059897177..0.0868036]
						PS 16:0/18:0	[0.0..0.0]	[0.0..0.0]	[0.0..0.006681997]	[0.0..0.006683877]	[0.0..0.006683877]
PS 34:1:0	3.3853378	3.4090514	3.3926728	3.419477	[3.3853378..3.419477]	Sum	[3.1541398..3.774344]	[2.984311..3.7017314]	[3.037607..3.3573427]	[3.084152..3.8044143]	[2.984311..3.8044143]
						PS 18:0/16:1	[0.72125846..0.8768626]	[0.6571044..0.8501558]	[0.70293796..0.77213156]	[0.7001089..0.88428825]	[0.6571044..0.88428825]
						PS 16:1/18:0	[0.0..0.0]	[0.0..0.0]	[0.0..0.0]	[0.0..0.0]	[0.0..0.0]
						PS 16:0/18:1	[2.2127693..2.8794756]	[2.1812847..2.833903]	[2.216268..2.569135]	[2.2088754..2.9023519]	[2.1812847..2.9023519]
						PS 18:1/16:0	[0.0..0.27642965]	[0.0..0.24371567]	[0.0..0.14130242]	[0.0..0.22928582]	[0.0..0.27642965]
PS 34:2:0	0.14635737	0.16418362	0.16541938	0.12335486	[0.12335486..0.16541938]	Sum	[0.16957502..0.19502907]	[0.19319595..0.20364696]	[0.16705948..0.20424521]	[0.19175977..0.24561703]	[0.16705948..0.24561703]
						PS 18:0/16:2	[0.022802548..0.03895159]	[0.033394787..0.052019972]	[0.028648876..0.0517646]	[0.046306986..0.097168386]	[0.022802548..0.097168386]
						PS 16:2/18:0	[0.0..0.0]	[0.0..0.0]	[0.0..0.0]	[0.0..0.0]	[0.0..0.0]
						PS 16:1/18:1	[0.0030599586..0.015383843]	[0.003683598..0.014138395]	[0.0024981396..0.012851677]	[0.0037448679..0.013030689]	[0.0024981396..0.015383843]
						PS 18:1/16:1	[0.09169325..0.114028335]	[0.09534018..0.11381408]	[0.08793451..0.10441988]	[0.09237341..0.112157]	[0.08793451..0.114028335]
						PS 16:0/18:2	[0.041897766..0.046167005]	[0.042205434..0.04600922]	[0.037418824..0.041603196]	[0.04180133..0.046958104]	[0.037418824..0.046958104]
						PS 18:2/16:0	[0.0..0.0]	[0.0..0.0]	[0.0..0.0019969535]	[0.0..0.0]	[0.0..0.0019969535]
PS 35:0:0	0.0964951	0.080786005	0.06511707	0.08988041	[0.06511707..0.0964951]	Sum	[0.03197651..0.040053263]	[0.02704347..0.03151234]	[0.018535135..0.020874256]	[0.01975852..0.020936526]	[0.018535135..0.040053263]
						PS 18:0/17:0	[0.03197651..0.040053263]	[0.02704347..0.03151234]	[0.018535135..0.020874256]	[0.01975852..0.020936526]	[0.018535135..0.040053263]
						PS 17:0/18:0	[0.0..0.0]	[0.0..0.0]	[0.0..0.0]	[0.0..0.0]	[0.0..0.0]
PS 35:1:0	0.96432084	0.98527527	1.0199807	1.023333	[0.96432084..1.023333]	Sum	[0.974703..1.1437953]	[0.9288082..1.1462016]	[0.9135012..0.9889166]	[0.95702964..1.1482118]	[0.9135012..1.1482118]
						PS 18:0/17:1	[0.28988978..0.34049627]	[0.27398613..0.34522188]	[0.27063972..0.28820252]	[0.28720385..0.3395087]	[0.27063972..0.34522188]
						PS 17:1/18:0	[0.0..0.0]	[0.0..0.0]	[0.0..0.003746633]	[0.0..0.0]	[0.0..0.003746633]
						PS 17:0/18:1	[0.65110457..0.7981278]	[0.6486172..0.7958541]	[0.62160075..0.69618225]	[0.6507679..0.80361956]	[0.62160075..0.80361956]
						PS 18:1/17:0	[0.0..0.04389703]	[0.0..0.027059041]	[0.0..0.035505295]	[0.0..0.032948405]	[0.0..0.04389703]
PS 36:2:0	13.240287	13.305329	13.187891	13.269274	[13.187891..13.305329]	Sum	[12.581318..14.472876]	[12.09139..13.942414]	[11.5841465..13.311397]	[11.208442..14.544294]	[11.208442..14.544294]
						PS 18:0/18:2	[1.0297521..1.1320161]	[0.9643539..1.1201664]	[1.0302464..1.0999398]	[0.90897393..1.166235]	[0.90897393..1.166235]
						PS 18:2/18:0	[0.0..0.030564435]	[0.0..0.0]	[0.0..0.0]	[0.0..0.0]	[0.0..0.030564435]
						PS 18:1/18:1	[11.449302..13.3410635]	[11.127036..12.822248]	[10.5539..12.211457]	[10.299467..13.378059]	[10.299467..13.378059]
PS 36:3:0	0.25503334	0.27909303	0.27647665	0.2647384	[0.25503334..0.27909303]	Sum	[0.29883713..0.3426476]	[0.30997056..0.33787164]	[0.28789204..0.32357264]	[0.2989569..0.33561468]	[0.28789204..0.3426476]
						PS 16:1/20:2	[0.0..7.215297E-4]	[0.0..3.987483E-4]	[0.0..9.193013E-4]	[1.2357859E-4..0.0014657057]	[0.0..0.0014657057]
						PS 20:2/16:1	[0.0019610145..0.0032501337]	[0.0022598088..0.0032954405]	[0.0017705119..0.0030141026]	[0.001379961..0.0030072238]	[0.001379961..0.0032954405]
						PS 16:0/20:3 (5z-11z)	[0.030728398..0.037387025]	[0.033707872..0.036358118]	[0.031263676..0.035707887]	[0.033246364..0.03682963]	[0.030728398..0.037387025]
						PS 20:3 (5z-11z)/16:0	[0.0..3.7387022E-4]	[0.0..1.8179059E-4]	[0.0..0.0]	[0.0..0.0]	[0.0..3.7387022E-4]
						PS 18:0/18:3 (6z-9z)	[0.028236827..0.03282899]	[0.028242806..0.031461246]	[0.025568211..0.026777662]	[0.027021673..0.029655153]	[0.025568211..0.03282899]
						PS 18:3 (6z-9z)/18:0	[0.0..0.0]	[0.0..0.0]	[0.0..0.0]	[0.0..0.0]	[0.0..0.0]
						PS 18:2/18:1	[0.09944392..0.11904461]	[0.10354193..0.11742589]	[0.09592841..0.11030477]	[0.09704298..0.11430388]	[0.09592841..0.11904461]
						PS 18:1/18:2	[0.13219632..0.15612848]	[0.14014514..0.15630159]	[0.12805644..0.14581384]	[0.13434903..0.15620646]	[0.12805644..0.15630159]
PS 36:4:0	0.1851847	0.1713616	0.1960684	0.21698087	[0.1713616..0.21698087]	Sum	[0.18390168..0.24390781]	[0.16865699..0.24563104]	[0.18463525..0.2300401]	[0.17741218..0.242582]	[0.16865699..0.24563104]
						PS 20:3 (5z-11z)/16:1	[0.0..0.0]	[0.0..0.0]	[0.0..0.0]	[0.0..0.0]	[0.0..0.0]
						PS 16:1/20:3 (5z-11z)	[0.009273987..0.013372639]	[0.009212067..0.0132921]	[0.010429575..0.01300975]	[0.009521914..0.013935697]	[0.009212067..0.013935697]
						PS 20:4 (5z-8z)/16:0	[0.0..0.0]	[0.0..0.0]	[0.0..0.0]	[0.0..0.0]	[0.0..0.0]
						PS 16:0/20:4 (5z-8z)	[0.17048247..0.22756621]	[0.15665962..0.2298838]	[0.17092705..0.21489851]	[0.16471332..0.2260858]	[0.15665962..0.2298838]
						PS 18:2/18:2	[0.0022572572..0.0037177526]	[0.0024551249..0.0028566015]	[0.0021318302..0.0033619707]	[0.0023265022..0.0032579615]	[0.0021318302..0.0037177526]
PS 37:0:0	0.16177213	0.14690103	0.15660541	0.143223	[0.143223..0.16177213]	Sum	[0.074006975..0.09534442]	[0.06665858..0.09466507]	[0.061320063..0.077020206]	[0.060481068..0.08648587]	[0.060481068..0.09534442]
						PS 19:0/18:0	[0.0..0.0]	[0.0..0.0]	[0.0..0.0]	[0.0..0.0]	[0.0..0.0]
						PS 18:0/19:0	[0.074006975..0.09534442]	[0.06665858..0.09466507]	[0.061320063..0.077020206]	[0.060481068..0.08648587]	[0.060481068..0.09534442]
PS 37:1:0	0.9051892	0.9230885	0.8903879	0.9388346	[0.8903879..0.9388346]	Sum	[0.84514624..0.9773233]	[0.8316679..0.9691413]	[0.82593924..0.84734607]	[0.84925747..0.95385665]	[0.82593924..0.9773233]
						PS 17:0/20:1	[0.056606874..0.06506772]	[0.05494361..0.068294264]	[0.052502643..0.063564]	[0.05363641..0.06666023]	[0.052502643..0.068294264]
						PS 20:1/17:0	[0.0..0.0]	[0.0..0.0]	[0.0..0.0]	[0.0..0.0]	[0.0..0.0]
						PS 19:0/18:1	[0.17929748..0.25147355]	[0.17087121..0.24919786]	[0.16880432..0.23129265]	[0.15456772..0.23825254]	[0.15456772..0.25147355]
						PS 18:1/19:0	[0.12392124..0.18632084]	[0.12728162..0.20014314]	[0.11424779..0.17023714]	[0.12953925..0.20967768]	[0.11424779..0.20967768]
						PS 18:0/19:1	[0.45090547..0.52471787]	[0.42860404..0.5070955]	[0.42141414..0.44655362]	[0.44769856..0.49969557]	[0.42141414..0.52471787]
						PS 19:1/18:0	[0.0..0.0]	[0.0..0.0]	[0.0..0.0]	[0.0..0.0]	[0.0..0.0]
PS 37:2:0	0.28073403	0.25567043	0.2660978	0.28368735	[0.25567043..0.28368735]	Sum	[0.27871662..0.3301229]	[0.2754172..0.3270747]	[0.26816428..0.28701064]	[0.27521735..0.32448918]	[0.26816428..0.3301229]
						PS 17:1/20:1	[1.2066077E-4..0.001765175]	[7.038964E-4..0.0024581435]	[7.392682E-4..0.0027304247]	[5.995686E-4..0.0024056435]	[1.2066077E-4..0.0027304247]
						PS 20:1/17:1	[0.006378933..0.008399504]	[0.0055857585..0.008509681]	[0.005128186..0.007246435]	[0.005762088..0.008540035]	[0.005128186..0.008540035]
						PS 17:0/20:2	[0.012920958..0.015880767]	[0.012433998..0.01684996]	[0.012088524..0.014000783]	[0.012079493..0.015261501]	[0.012079493..0.01684996]
						PS 20:2/17:0	[0.0..1.5880767E-4]	[0.0..0.0]	[0.0..0.0]	[0.0..7.325521E-4]	[0.0..7.325521E-4]
						PS 19:0/18:2	[0.0023518207..0.003024969]	[0.0022050035..0.003119106]	[0.0011559951..0.0029343267]	[0.0020302804..0.003252295]	[0.0011559951..0.003252295]
						PS 18:2/19:0	[5.801574E-4..9.1417984E-4]	[7.4414583E-4..0.0014221211]	[5.3883786E-4..0.0022361837]	[6.4034254E-4..0.0013643976]	[5.3883786E-4..0.0022361837]
						PS 18:1/19:1	[0.105389394..0.15835717]	[0.107373886..0.15403633]	[0.10076311..0.13662195]	[0.101676784..0.1536456]	[0.10076311..0.15835717]
						PS 19:1/18:1	[0.088678606..0.1386283]	[0.09148346..0.13597512]	[0.08800555..0.12302886]	[0.090702854..0.14099243]	[0.08800555..0.14099243]
						PS 18:0/19:2	[0.032302134..0.037027545]	[0.030837318..0.036950752]	[0.029133571..0.030860875]	[0.02899824..0.035654213]	[0.02899824..0.037027545]
						PS 19:2/18:0	[0.0..0.0]	[0.0..0.0]	[0.0..0.0]	[0.0..0.0]	[0.0..0.0]
PS 37:3:0	0.0	0.0	0.033673726	0.036518387	[0.0..0.036518387]	Sum	[0.084657036..0.0987142]	[0.08275323..0.094823726]	[0.08589752..0.09089288]	[0.0892808..0.09859515]	[0.08275323..0.0987142]
						PS 17:0/20:3 (5z-11z)	[0.012432908..0.015877565]	[0.013777785..0.0150879165]	[0.011942134..0.014025846]	[0.013333592..0.01569122]	[0.011942134..0.015877565]
						PS 20:3 (5z-11z)/17:0	[0.0..0.0]	[0.0..0.0]	[0.0..6.732405E-4]	[0.0..0.0]	[0.0..6.732405E-4]
						PS 18:2/19:1	[0.0012401973..0.0016269027]	[0.0010170524..0.0018508005]	[8.952634E-4..0.0013542651]	[9.578493E-4..0.0017162084]	[8.952634E-4..0.0018508005]
						PS 19:1/18:2	[7.1940274E-4..0.0010572453]	[7.1145926E-4..0.0015133325]	[8.085642E-4..0.001245165]	[6.628068E-4..0.00135835]	[6.628068E-4..0.0015133325]
						PS 18:1/19:2	[0.034639027..0.041110456]	[0.032954868..0.038756426]	[0.036244124..0.041797858]	[0.03715076..0.04288965]	[0.032954868..0.04288965]
						PS 19:2/18:1	[0.0..0.0]	[0.0..0.0]	[0.0..0.0]	[0.0..0.0]	[0.0..0.0]
						PS 18:0/19:3 (6z-9z)	[0.033999648..0.039736822]	[0.03362359..0.03955117]	[0.032768644..0.035716064]	[0.03175753..0.03778944]	[0.03175753..0.039736822]
						PS 19:3 (6z-9z)/18:0	[0.0..0.0]	[0.0..0.0]	[0.0..0.0]	[0.0..0.0]	[0.0..0.0]
PS 37:4:0	0.0628144	0.05316759	0.057050154	0.06315333	[0.05316759..0.06315333]	Sum	[0.053541727..0.07283848]	[0.049700893..0.07128737]	[0.05399745..0.068131156]	[0.052213803..0.07590892]	[0.049700893..0.07590892]
						PS 17:1/20:3 (5z-11z)	[0.0036298116..0.005496661]	[0.004185398..0.0057806275]	[0.0043632593..0.005916269]	[0.004253577..0.0057398174]	[0.0036298116..0.005916269]
						PS 20:3 (5z-11z)/17:1	[0.0..0.0]	[0.0..0.0]	[0.0..0.0]	[0.0..0.0]	[0.0..0.0]
						PS 17:0/20:4 (5z-8z)	[0.049911916..0.067446694]	[0.045515496..0.06550674]	[0.049634192..0.062214885]	[0.04796023..0.07022075]	[0.045515496..0.07022075]
						PS 20:4 (5z-8z)/17:0	[0.0..0.0]	[0.0..0.0]	[0.0..0.0]	[0.0..0.0]	[0.0..0.0]
PS 38:3:0	2.853302	2.8963892	2.785687	2.9600925	[2.785687..2.9600925]	Sum	[2.5918667..3.5796475]	[2.8578432..3.383399]	[2.647104..3.0548859]	[2.7985168..3.325]	[2.5918667..3.5796475]
						PS 18:1/20:2	[0.28456664..0.40883857]	[0.28068218..0.4055162]	[0.32487416..0.3876357]	[0.3120929..0.3762594]	[0.28068218..0.40883857]
						PS 20:2/18:1	[0.17674641..0.26915738]	[0.17524074..0.27180883]	[0.164292..0.21741307]	[0.21998215..0.26857573]	[0.164292..0.27180883]
						PS 18:0/20:3 (5z-11z)	[2.0995367..2.941834]	[2.3297038..2.7556648]	[2.1171298..2.5067406]	[2.2417245..2.6915667]	[2.0995367..2.941834]
						PS 20:3 (5z-11z)/18:0	[0.0..0.0]	[0.0..0.0]	[0.0..0.0]	[0.0..0.0]	[0.0..0.0]
PS 38:4:0	9.343163	9.45896	9.969876	10.113878	[9.343163..10.113878]	Sum	[9.446093..12.508038]	[8.763236..11.965515]	[9.475262..11.864572]	[9.2672205..11.90771]	[8.763236..12.508038]
						PS 18:1/20:3 (5z-11z)	[1.2836397..2.1107492]	[1.1698582..1.948894]	[1.5161829..1.9086674]	[1.3349702..1.9529845]	[1.1698582..2.1107492]
						PS 20:3 (5z-11z)/18:1	[0.0..0.0]	[0.0..0.0]	[0.0..0.0]	[0.0..0.0]	[0.0..0.0]
						PS 18:0/20:4 (5z-8z)	[8.162453..10.398289]	[7.5933785..10.035464]	[7.9590783..9.955905]	[7.932249..9.959461]	[7.5933785..10.398289]
						PS 20:4 (5z-8z)/18:0	[0.0..0.0]	[0.0..0.0]	[0.0..0.0]	[0.0..0.0]	[0.0..0.0]
PS 38:5:0	1.0251813	0.99344414	1.0632143	1.1676884	[0.99344414..1.1676884]	Sum	[1.2908188..1.5662308]	[1.1959658..1.543673]	[1.3183059..1.4971464]	[1.265054..1.6162016]	[1.1959658..1.6162016]
						PS 16:0/22:5 (4z-7z)	[0.22942805..0.28655422]	[0.24324393..0.2803205]	[0.2235499..0.2820348]	[0.22055462..0.30260146]	[0.22055462..0.30260146]
						PS 22:5 (4z-7z)/16:0	[0.0..0.0]	[0.0..0.0]	[0.0..0.0]	[0.0..0.0]	[0.0..0.0]
						PS 18:1/20:4 (5z-8z)	[1.0067843..1.2865264]	[0.93038803..1.2633525]	[1.0392965..1.2597623]	[0.9775212..1.3387403]	[0.93038803..1.3387403]
						PS 20:4 (5z-8z)/18:1	[0.0..0.0]	[0.0..0.0]	[0.0..0.0]	[0.0..0.0]	[0.0..0.0]
PS 38:6:0	0.24718222	0.26682243	0.2657517	0.3030141	[0.24718222..0.3030141]	Sum	[0.26887313..0.34301406]	[0.2925895..0.32818404]	[0.26637322..0.3358962]	[0.27965313..0.33630735]	[0.26637322..0.34301406]
						PS 16:0/22:6 (4z)	[0.25627205..0.33090466]	[0.27862534..0.31674036]	[0.25245917..0.32376495]	[0.26575193..0.32181147]	[0.25245917..0.33090466]
						PS 22:6 (4z)/16:0	[0.0..0.0]	[0.0..0.0]	[0.0..0.0]	[0.0..0.0]	[0.0..0.0]
						PS 18:2/20:4 (5z-8z)	[0.012109393..0.013732558]	[0.011443662..0.015234605]	[0.012131273..0.013914046]	[0.012334883..0.014917107]	[0.011443662..0.015234605]
						PS 20:4 (5z-8z)/18:2	[0.0..0.0]	[0.0..0.0]	[0.0..0.0]	[0.0..0.0]	[0.0..0.0]
PS 39:1:0	0.2979511	0.3239563	0.3230999	0.32752723	[0.2979511..0.32752723]	Sum	[0.45064437..0.5596781]	[0.5028467..0.5617334]	[0.445165..0.5535787]	[0.48239818..0.64017355]	[0.445165..0.64017355]
						PS 23:0/16:1	[0.0..0.0018400444]	[0.001266723..0.0029682629]	[0.0..0.0015015989]	[0.0..0.0019970778]	[0.0..0.0029682629]
						PS 16:1/23:0	[0.0..0.0018400444]	[2.036692E-4..0.001584367]	[0.0..0.0015015989]	[0.0..0.0019970778]	[0.0..0.0019970778]
						PS 22:0/17:1	[0.0..0.003559554]	[0.0036271042..0.0060306266]	[0.0026367817..0.003102688]	[0.0..0.0045661037]	[0.0..0.0060306266]
						PS 17:1/22:0	[0.0..0.003559554]	[5.858759E-5..0.0019451667]	[0.0..0.0]	[0.0021620085..0.008067321]	[0.0..0.008067321]
						PS 21:0/18:1	[0.03734994..0.14505486]	[0.029912606..0.13763306]	[0.03405007..0.13701709]	[0.02918266..0.13840103]	[0.02918266..0.14505486]
						PS 18:1/21:0	[0.14709735..0.29147494]	[0.16258056..0.29726076]	[0.13885666..0.2769357]	[0.14641215..0.29590344]	[0.13885666..0.29726076]
						PS 18:0/21:1	[0.15810402..0.19116086]	[0.17966615..0.19470459]	[0.16596761..0.19618754]	[0.19226396..0.26975447]	[0.15810402..0.26975447]
						PS 21:1/18:0	[0.0..0.0]	[0.0..0.0]	[0.0..0.0]	[0.0..0.0]	[0.0..0.0]
						PS 20:0/19:1	[0.0..0.0031676604]	[0.0027014364..0.004350326]	[0.0..0.0030376038]	[0.0..0.0019161198]	[0.0..0.004350326]
						PS 19:1/20:0	[0.0..0.0031676604]	[0.0..0.0]	[0.0..0.0030376038]	[0.0..0.0019161198]	[0.0..0.0031676604]
						PS 20:1/19:0	[0.0047998377..0.012001275]	[0.007822056..0.012448347]	[0.0059498996..0.008360043]	[0.008021535..0.015747784]	[0.0047998377..0.015747784]
						PS 19:0/20:1	[0.016592987..0.02736425]	[0.017481321..0.024060111]	[0.02071132..0.0245518]	[0.015423862..0.024910763]	[0.015423862..0.02736425]
PS 39:3:0	0.1987327	0.18755038	0.18643008	0.19956085	[0.18643008..0.19956085]	Sum	[1.7863272..2.5531201]	[1.6279536..2.4444427]	[1.8534192..2.5355668]	[1.8525732..2.6106155]	[1.6279536..2.6106155]
						PS 18:0/21:3 (5z-11z)	[1.7863272..2.5531201]	[1.6279536..2.4444427]	[1.8534192..2.5355668]	[1.8525732..2.6106155]	[1.6279536..2.6106155]
						PS 21:3 (5z-11z)/18:0	[0.0..0.0]	[0.0..0.0]	[0.0..0.0]	[0.0..0.0]	[0.0..0.0]
PS 39:4:0	0.1257236	0.14786674	0.13639499	0.13768908	[0.1257236..0.14786674]	Sum	[0.49629304..0.62683374]	[0.4557587..0.5774699]	[0.5435405..0.6049]	[0.50033..0.6311111]	[0.4557587..0.6311111]
						PS 17:0/22:4 (7z-10z)	[0.042028755..0.056688346]	[0.050854366..0.058103956]	[0.05118136..0.05441979]	[0.04883934..0.05911658]	[0.042028755..0.05911658]
						PS 22:4 (7z-10z)/17:0	[0.0..0.0077096154]	[0.0..5.810396E-4]	[0.0..0.0]	[0.0..0.0]	[0.0..0.0077096154]
						PS 18:1/21:3 (5z-11z)	[0.34613353..0.43077406]	[0.3023092..0.39245108]	[0.3815366..0.43071216]	[0.35053042..0.44812945]	[0.3023092..0.44812945]
						PS 21:3 (5z-11z)/18:1	[0.0..0.0]	[0.0..0.0]	[0.0..0.0]	[0.0..0.0]	[0.0..0.0]
						PS 18:0/21:4 (5z-8z)	[0.068175815..0.095161594]	[0.070312284..0.089589916]	[0.076493725..0.08729241]	[0.066011086..0.08912781]	[0.066011086..0.095161594]
						PS 21:4 (5z-8z)/18:0	[0.0..0.0]	[0.0..0.0]	[0.0..0.0]	[0.0..0.0]	[0.0..0.0]
						PS 19:0/20:4 (5z-8z)	[0.017271517..0.02829065]	[0.020641144..0.033009265]	[0.02054342..0.02934372]	[0.01575079..0.032675263]	[0.01575079..0.033009265]
						PS 20:4 (5z-8z)/19:0	[0.0023652078..0.011514357]	[0.0015399419..0.01055043]	[0.0021939576..0.00886988]	[0.0..0.014083039]	[0.0..0.014083039]
PS 39:5:0	0.042477578	0.0	0.0445443	0.05092581	[0.0..0.05092581]	Sum	[0.04387512..0.052892424]	[0.044622384..0.05134801]	[0.04214197..0.049238205]	[0.045108564..0.054302864]	[0.04214197..0.054302864]
						PS 17:1/22:4 (7z-10z)	[8.266933E-4..0.0012240411]	[6.905276E-4..8.7884744E-4]	[6.7645876E-4..0.0012137798]	[4.0918242E-4..0.001242721]	[4.0918242E-4..0.001242721]
						PS 22:4 (7z-10z)/17:1	[0.0011369584..0.0016440284]	[0.0015773593..0.001943445]	[0.0010609057..0.0016625104]	[0.0011506844..0.002072889]	[0.0010609057..0.002072889]
						PS 17:0/22:5 (4z-7z)	[0.0293435..0.036007438]	[0.029760936..0.03494885]	[0.027374182..0.03612693]	[0.03043281..0.037616555]	[0.027374182..0.037616555]
						PS 22:5 (4z-7z)/17:0	[0.0..0.0]	[0.0..0.0]	[0.0..0.0]	[0.0..0.0]	[0.0..0.0]
						PS 19:1/20:4 (5z-8z)	[0.010788215..0.014048868]	[0.009365259..0.0138178775]	[0.010234987..0.013279051]	[0.010666194..0.013466029]	[0.009365259..0.014048868]
						PS 20:4 (5z-8z)/19:1	[0.0..0.0]	[0.0..0.0]	[0.0..0.0]	[0.0..0.0]	[0.0..0.0]
PS 39:6:0	0.052624356	0.046613976	0.0	0.0	[0.0..0.052624356]	Sum	[0.0391306..0.05392254]	[0.042485263..0.050041262]	[0.0387837..0.051049866]	[0.039485708..0.05276758]	[0.0387837..0.05392254]
						PS 17:0/22:6 (4z)	[0.0391306..0.05392254]	[0.042485263..0.050041262]	[0.0387837..0.051049866]	[0.039485708..0.05276758]	[0.0387837..0.05392254]
						PS 22:6 (4z)/17:0	[0.0..0.0]	[0.0..0.0]	[0.0..0.0]	[0.0..0.0]	[0.0..0.0]
PS 40:6:0	25.646725	25.440144	25.375286	25.820467	[25.375286..25.820467]	Sum	[26.004654..32.795532]	[28.00658..33.86319]	[24.725155..31.373281]	[24.940247..33.40353]	[24.725155..33.86319]
						PS 22:6 (4z)/18:0	[0.0..0.0]	[0.0..0.0]	[0.0..0.0]	[0.0..0.0]	[0.0..0.0]
						PS 18:0/22:6 (4z)	[26.004654..32.795532]	[28.00658..33.86319]	[24.725155..31.373281]	[24.940247..33.40353]	[24.725155..33.86319]
PS 40:7:0	0.44347778	0.44173184	0.4481439	0.4873313	[0.44173184..0.4873313]	Sum	[0.42250937..0.6012751]	[0.43978867..0.5660327]	[0.40299895..0.57365686]	[0.41161036..0.5557812]	[0.40299895..0.6012751]
						PS 18:1/22:6 (4z)	[0.3328617..0.52666783]	[0.34773833..0.48963758]	[0.3144245..0.48721883]	[0.32750815..0.47659913]	[0.3144245..0.52666783]
						PS 22:6 (4z)/18:1	[0.0..0.0]	[0.0..0.0]	[0.0..0.0]	[0.0..0.0]	[0.0..0.0]
						PS 20:4 (5z-8z)/20:3 (5z-11z)	[0.07460731..0.114924625]	[0.07409604..0.11611637]	[0.0854081..0.11071714]	[0.076808564..0.12689948]	[0.07409604..0.12689948]
						PS 20:3 (5z-11z)/20:4 (5z-8z)	[0.0..0.0]	[0.0..0.0]	[0.0..0.0]	[0.0..0.0]	[0.0..0.0]
PS 40:8:0	0.04812152	0.0	0.05506875	0.060613636	[0.0..0.060613636]	Sum	[0.016160822..0.023491798]	[0.019229421..0.022864997]	[0.014383599..0.018400054]	[0.015091457..0.01875478]	[0.014383599..0.023491798]
						PS 18:2/22:6 (4z)	[0.0011899242..0.011271581]	[0.0030387593..0.008009456]	[0.0033652256..0.005921417]	[0.003950037..0.005700402]	[0.0011899242..0.011271581]
						PS 22:6 (4z)/18:2	[0.0..0.0074617867]	[0.002217473..0.006756198]	[0.0..0.0]	[0.0..0.0]	[0.0..0.0074617867]
						PS 20:4 (5z-8z)/20:4 (5z-8z)	[0.011635272..0.013663183]	[0.010278318..0.014040535]	[0.010614006..0.012478637]	[0.009977737..0.013544577]	[0.009977737..0.014040535]
PS 41:1:0	0.26848835	0.28985068	0.2793246	0.25452545	[0.25452545..0.28985068]	Sum	[0.26467595..0.28261283]	[0.2495719..0.31813765]	[0.22736956..0.30787116]	[0.2503576..0.29859108]	[0.22736956..0.31813765]
						PS 23:0/18:1	[0.26467595..0.28261283]	[0.21395083..0.31813765]	[0.22736956..0.30787116]	[0.23259373..0.29709402]	[0.21395083..0.31813765]
						PS 18:1/23:0	[0.0..0.0]	[0.0..0.04485741]	[0.0..0.0]	[0.0..0.02079658]	[0.0..0.04485741]
PS 41:2:0	0.21432272	0.22694683	0.21366765	0.23069711	[0.21366765..0.23069711]	Sum	[0.688085..1.2240583]	[0.5430188..1.2220937]	[0.66000086..1.3008766]	[0.59109616..1.2263072]	[0.5430188..1.3008766]
						PS 18:1/23:1	[0.688085..1.2240583]	[0.5430188..1.2220937]	[0.66000086..1.3008766]	[0.59109616..1.2263072]	[0.5430188..1.3008766]
						PS 23:1/18:1	[0.0..0.0]	[0.0..0.0]	[0.0..0.0]	[0.0..0.0]	[0.0..0.0]
PS 41:3:0	0.078275315	0.101036325	0.11582507	0.09739695	[0.078275315..0.11582507]	Sum	[0.4699437..0.8048213]	[0.4084098..0.7906773]	[0.47624904..0.8467286]	[0.42858604..0.81906545]	[0.4084098..0.8467286]
						PS 18:1/23:2	[0.24076775..0.5124004]	[0.18843338..0.5048345]	[0.23943949..0.5293569]	[0.19847947..0.5159591]	[0.18843338..0.5293569]
						PS 23:2/18:1	[0.0..0.0]	[0.0..0.0]	[0.0..0.0]	[0.0..0.0]	[0.0..0.0]
						PS 18:0/23:3 (13z)	[0.21115793..0.29729035]	[0.20211704..0.27992764]	[0.23680954..0.3019284]	[0.22077909..0.29081237]	[0.20211704..0.3019284]
						PS 23:3 (13z)/18:0	[0.0..0.0]	[0.0..0.0]	[0.0..0.0]	[0.0..0.0]	[0.0..0.0]
						PS 19:0/22:3 (13z)	[0.0045657963..0.018018039]	[0.0051577757..0.017859364]	[0.0..0.013396461]	[0.0077478667..0.015564833]	[0.0..0.018018039]
						PS 22:3 (13z)/19:0	[0.0..0.008702713]	[0.0..0.0056256996]	[0.0..0.0066982303]	[0.0..0.0029573182]	[0.0..0.008702713]
PS 41:4:0	0.07077125	0.07984325	0.09161419	0.08950743	[0.07077125..0.09161419]	Sum	[0.35581726..0.5263835]	[0.36779085..0.51299167]	[0.2611089..0.28514802]	[0.24731356..0.32791188]	[0.24731356..0.5263835]
						PS 18:1/23:3 (13z)	[0.11730238..0.14442228]	[0.11766586..0.13830495]	[0.076517485..0.08199372]	[0.07589233..0.09143847]	[0.07589233..0.14442228]
						PS 23:3 (13z)/18:1	[0.0..0.0]	[0.0..0.0]	[0.0..0.0]	[0.0..0.0]	[0.0..0.0]
						PS 18:0/23:4 (7z-10z)	[0.21231186..0.31979412]	[0.20869455..0.32610044]	[0.13333528..0.15385363]	[0.12398458..0.17454122]	[0.12398458..0.32610044]
						PS 23:4 (7z-10z)/18:0	[0.0..0.0]	[0.0..0.0]	[0.0..0.0]	[0.0..0.0]	[0.0..0.0]
						PS 19:1/22:3 (13z)	[0.0..0.005003953]	[0.0048188115..0.005637692]	[0.0044206944..0.006891352]	[0.004920389..0.008350522]	[0.0..0.008350522]
						PS 22:3 (13z)/19:1	[0.0..0.0024844646]	[0.0..0.0]	[0.0..0.0]	[1.5954567E-4..0.001961302]	[0.0..0.0024844646]
						PS 19:0/22:4 (7z-10z)	[0.008105581..0.025088718]	[0.018220082..0.024885114]	[0.014031261..0.026317688]	[0.013684083..0.026253102]	[0.008105581..0.026317688]
						PS 22:4 (7z-10z)/19:0	[0.0066247527..0.023169179]	[0.009211103..0.013484005]	[0.006666098..0.015725985]	[0.0073811114..0.018087063]	[0.0066247527..0.023169179]
						PS 21:0/20:4 (5z-8z)	[0.0..0.008379417]	[0.0..0.009884573]	[0.006282089..0.010668501]	[0.0056881043..0.011577103]	[0.0..0.011577103]
						PS 20:4 (5z-8z)/21:0	[0.0..0.008379417]	[0.0..0.009884573]	[0.0..0.0029765118]	[0.0..0.003947792]	[0.0..0.009884573]
PS 41:5:0	0.09468614	0.07812895	0.082430325	0.06885845	[0.06885845..0.09468614]	Sum	[0.023700282..0.05521773]	[0.028709782..0.038279977]	[0.016396614..0.058262806]	[0.022537382..0.056631938]	[0.016396614..0.058262806]
						PS 19:0/22:5 (4z-7z)	[0.0131640155..0.030312559]	[0.015260154..0.020344604]	[0.007991444..0.02868754]	[0.010786679..0.027392894]	[0.007991444..0.030312559]
						PS 22:5 (4z-7z)/19:0	[0.010536265..0.024905171]	[0.013449626..0.017935375]	[0.00840517..0.029575266]	[0.011750706..0.029239045]	[0.00840517..0.029575266]
PS 41:6:0	0.09096768	0.11085139	0.12595053	0.11295359	[0.09096768..0.12595053]	Sum	[0.024416886..0.064003415]	[0.055554006..0.060199153]	[0.02642546..0.065752454]	[0.025236323..0.0698933]	[0.024416886..0.0698933]
						PS 19:0/22:6 (4z)	[0.01454316..0.062409732]	[0.022961395..0.04530151]	[0.012227768..0.0641224]	[0.011602185..0.06941208]	[0.011602185..0.06941208]
						PS 22:6 (4z)/19:0	[0.0..0.025463171]	[0.013845208..0.03572655]	[0.0..0.034626096]	[0.0..0.03769076]	[0.0..0.03769076]
PS 42:2:0	1.58031	1.5842783	1.5354255	1.6093878	[1.5354255..1.6093878]	Sum	[1.9645277..2.4815073]	[1.7460611..2.5167813]	[1.8731945..2.2573276]	[1.8353671..2.4384756]	[1.7460611..2.5167813]
						PS 18:1/24:1	[0.22854824..0.4666126]	[0.17146553..0.41645125]	[0.1907701..0.3218256]	[0.2040434..0.362594]	[0.17146553..0.4666126]
						PS 24:1/18:1	[1.360741..1.7962521]	[1.2982391..1.8181651]	[1.3602737..1.582309]	[1.365266..1.7965816]	[1.2982391..1.8181651]
						PS 18:0/24:2	[0.1873895..0.46197337]	[0.13292083..0.46520925]	[0.21503964..0.41839686]	[0.175065..0.44689512]	[0.13292083..0.46520925]
						PS 24:2/18:0	[0.0..0.0]	[0.0..0.0]	[0.0..0.0]	[0.0..0.0]	[0.0..0.0]
						PS 22:1/20:1	[0.018318195..0.039470118]	[0.01362994..0.05395572]	[0.026922036..0.03520363]	[0.023468433..0.035644162]	[0.01362994..0.05395572]
						PS 20:1/22:1	[0.013493799..0.031111]	[0.0..0.019639881]	[0.006250488..0.014172889]	[0.011606207..0.022032792]	[0.0..0.031111]
PS 42:5:0	1.1540129	1.193148	1.2080388	1.1673615	[1.1540129..1.2080388]	Sum	[1.513879..1.7931197]	[1.4314603..1.7983645]	[1.4316579..1.6158508]	[1.4543473..1.7525798]	[1.4314603..1.7983645]
						PS 18:1/24:4 (9z)	[0.35195446..0.41067615]	[0.30400792..0.43020597]	[0.3321531..0.38318288]	[0.32890067..0.43215358]	[0.30400792..0.43215358]
						PS 24:4 (9z)/18:1	[0.21405753..0.25463226]	[0.18847427..0.28569403]	[0.20084971..0.24166308]	[0.18344626..0.2572032]	[0.18344626..0.28569403]
						PS 18:0/24:5 (6z-9z)	[0.9369045..1.1402165]	[0.9123364..1.1324109]	[0.8890804..1.0161906]	[0.92510015..1.0997797]	[0.8890804..1.1402165]
						PS 24:5 (6z-9z)/18:0	[0.0..0.0]	[0.0..0.0]	[0.0..0.0]	[0.0..0.0]	[0.0..0.0]
PS 42:6:0	0.3980243	0.3956636	0.38680017	0.4068809	[0.38680017..0.4068809]	Sum	[0.89697105..1.460238]	[0.8006936..1.448281]	[0.9227514..1.3456962]	[0.8488097..1.357386]	[0.8006936..1.460238]
						PS 18:1/24:5 (6z-9z)	[0.35801733..0.46396068]	[0.29049706..0.47466978]	[0.34434903..0.43522447]	[0.31188893..0.43420088]	[0.29049706..0.47466978]
						PS 24:5 (6z-9z)/18:1	[0.0..0.0]	[0.0..0.0]	[0.0..0.0]	[0.0..0.0]	[0.0..0.0]
						PS 18:0/24:6 (6z)	[0.5389537..1.0023675]	[0.51019657..0.97939795]	[0.5784024..0.9158688]	[0.5369208..0.9317461]	[0.51019657..1.0023675]
						PS 24:6 (6z)/18:0	[0.0..0.0]	[0.0..0.0]	[0.0..0.0]	[0.0..0.0]	[0.0..0.0]
