PRM,EC,CLASS,PRC,PRDB,PROH,SPECIE,PRERR,PRI:20180509_PC_heart_01.mzXML,PRI:20180509_PC_heart_02.mzXML,PRI:20180509_PC_heart_03.mzXML,FA1M,FA1C,FA1DB,FA1ERR,FA1I:20180509_PC_heart_01.mzXML,FA1I:20180509_PC_heart_02.mzXML,FA1I:20180509_PC_heart_03.mzXML,FA2M,FA2C,FA2DB,FA2ERR,FA2I:20180509_PC_heart_01.mzXML,FA2I:20180509_PC_heart_02.mzXML,FA2I:20180509_PC_heart_03.mzXML,FACO1M,FACO1I:20180509_PC_heart_01.mzXML,FACO1I:20180509_PC_heart_02.mzXML,FACO1I:20180509_PC_heart_03.mzXML,FACO2M,FACO2I:20180509_PC_heart_01.mzXML,FACO2I:20180509_PC_heart_02.mzXML,FACO2I:20180509_PC_heart_03.mzXML
#NCE,25,,,,,,,,,,,,,,,,,,,,,,,,,,,,,,,
###,PCFAS,,,,,,,,,,,,,,,,,,,,,,,,,,,,,,,
666.435468831,H65 C33 N1 O10 P1 ,PC,24.0,0.0,0.0,PC 24:0:0,0.47,476517.5,416244.7,607833.1,199.169545492,12.0,0.0,-4.06,443909.2,390045.0,507025.6,199.169545492,12.0,0.0,-4.06,443909.2,390045.0,507025.6,None, None, None, None, None, None, None, None
680.450809,H67 C34 N1 O10 P1 ,PC,25.0,0.0,0.0,PC 25:0:0,0.0,440531.8,388332.7,578778.0,199.16956075,12.0,0.0,-3.99,114421.5,112379.9,140841.6,213.185379028,13.0,0.0,-2.94,315546.4,303013.4,391379.4,None, None, None, None, None, None, None, None
774.526126383,H77 C41 N1 O10 P1 ,PC,32.0,2.0,0.0,PC 32:2:0,-3.79,0.0,4576.9,5554.4,227.20119222,14.0,0.0,-2.04,1188.4,975.1,1161.0,279.232981364,18.0,2.0,0.09,34630.3,28414.0,40030.0,None, None, None, None, None, None, None, None
774.526126383,H77 C41 N1 O10 P1 ,PC,32.0,2.0,0.0,PC 32:2:0,-3.79,0.0,4576.9,5554.4,253.217219035,16.0,1.0,-0.34,578.7,595.8,934.5,253.217219035,16.0,1.0,-0.34,578.7,595.8,934.5,None, None, None, None, None, None, None, None
776.537814615,H79 C41 N1 O10 P1 ,PC,32.0,1.0,0.0,PC 32:1:0,-8.88,56688.9,86129.7,0.0,227.201212565,14.0,0.0,-1.95,481.9,592.0,689.9,281.248616536,18.0,1.0,0.04,3994.2,3036.2,5324.3,None, None, None, None, None, None, None, None
776.537814615,H79 C41 N1 O10 P1 ,PC,32.0,1.0,0.0,PC 32:1:0,-8.88,56688.9,86129.7,0.0,253.217208862,16.0,1.0,-0.38,12361.2,12321.0,15866.1,255.232879639,16.0,0.0,-0.3,5908.9,6229.6,8292.9,None, None, None, None, None, None, None, None
778.561038492,H81 C41 N1 O10 P1 ,PC,32.0,0.0,0.0,PC 32:0:0,0.87,22992.2,20602.1,36057.6,255.232884725,16.0,0.0,-0.28,35757.5,36383.8,47784.6,255.232884725,16.0,0.0,-0.28,35757.5,36383.8,47784.6,None, None, None, None, None, None, None, None
800.545393147,H79 C43 N1 O10 P1 ,PC,34.0,3.0,0.0,PC 34:3:0,0.85,26187.2,24534.8,38897.0,253.21719360400002,16.0,1.0,-0.44,4018.8,4149.0,5326.2,279.232971191,18.0,2.0,0.06,202795.2,202689.5,275971.2,None, None, None, None, None, None, None, None
800.545393147,H79 C43 N1 O10 P1 ,PC,34.0,3.0,0.0,PC 34:3:0,0.85,26187.2,24534.8,38897.0,255.232854207,16.0,0.0,-0.4,4262.8,4639.0,5264.4,277.217346191,18.0,3.0,0.15,15080.5,13799.6,18272.3,None, None, None, None, None, None, None, None
802.560835042,H81 C43 N1 O10 P1 ,PC,34.0,2.0,0.0,PC 34:2:0,0.59,1259178.7,1132889.1,1753933.2,253.21713256799998,16.0,1.0,-0.68,2117.8,0.0,0.0,281.248616536,18.0,1.0,0.04,21817.6,21318.5,22852.6,None, None, None, None, None, None, None, None
802.560835042,H81 C43 N1 O10 P1 ,PC,34.0,2.0,0.0,PC 34:2:0,0.59,1259178.7,1132889.1,1753933.2,255.232874552,16.0,0.0,-0.32,360846.6,361325.0,466868.9,279.232971191,18.0,2.0,0.06,1214624.7,1183169.2,1506461.9,None, None, None, None, None, None, None, None
804.577436604,H83 C43 N1 O10 P1 ,PC,34.0,1.0,0.0,PC 34:1:0,1.77,294142.1,272234.1,435527.3,253.217249552,16.0,1.0,-0.22,1853.8,1625.0,3070.3,283.264282227,18.0,0.0,0.09,0.0,864.4,0.0,None, None, None, None, None, None, None, None
804.577436604,H83 C43 N1 O10 P1 ,PC,34.0,1.0,0.0,PC 34:1:0,1.77,294142.1,272234.1,435527.3,255.232884725,16.0,0.0,-0.28,108016.3,97424.8,154342.0,281.248626709,18.0,1.0,0.08,328548.6,285347.0,465454.2,None, None, None, None, None, None, None, None
824.545372802,H79 C45 N1 O10 P1 ,PC,36.0,5.0,0.0,PC 36:5:0,0.8,5552.9,5353.0,8579.0,253.21714782700002,16.0,1.0,-0.62,344.7,0.0,0.0,303.233052572,20.0,4.0,0.32,26975.3,24735.9,36377.1,None, None, None, None, None, None, None, None
824.545372802,H79 C45 N1 O10 P1 ,PC,36.0,5.0,0.0,PC 36:5:0,0.8,5552.9,5353.0,8579.0,255.23286438,16.0,0.0,-0.36,2157.8,2118.8,2464.4,301.217386882,20.0,5.0,0.27,3777.5,3130.7,4714.3,None, None, None, None, None, None, None, None
824.545372802,H79 C45 N1 O10 P1 ,PC,36.0,5.0,0.0,PC 36:5:0,0.8,5552.9,5353.0,8579.0,277.217285156,18.0,3.0,-0.07,0.0,0.0,331.4,279.232981364,18.0,2.0,0.09,2679.3,836.4,1056.7,None, None, None, None, None, None, None, None
826.560916422,H81 C45 N1 O10 P1 ,PC,36.0,4.0,0.0,PC 36:4:0,0.67,177546.9,158390.1,247927.8,255.232879639,16.0,0.0,-0.3,43393.7,45883.6,59722.7,303.233042399,20.0,4.0,0.29,131973.4,136997.7,184297.4,None, None, None, None, None, None, None, None
826.560916422,H81 C45 N1 O10 P1 ,PC,36.0,4.0,0.0,PC 36:4:0,0.67,177546.9,158390.1,247927.8,277.217305501,18.0,3.0,0.0,526.9,908.3,478.0,281.248718262,18.0,1.0,0.4,104.4,0.0,0.0,None, None, None, None, None, None, None, None
826.560916422,H81 C45 N1 O10 P1 ,PC,36.0,4.0,0.0,PC 36:4:0,0.67,177546.9,158390.1,247927.8,279.232971191,18.0,2.0,0.06,39697.1,42007.6,54578.7,279.232971191,18.0,2.0,0.06,39697.1,42007.6,54578.7,None, None, None, None, None, None, None, None
828.577294189,H83 C45 N1 O10 P1 ,PC,36.0,3.0,0.0,PC 36:3:0,1.55,145236.5,130472.4,205085.9,255.232884725,16.0,0.0,-0.28,23991.3,19350.2,30296.0,305.248697917,20.0,3.0,0.3,76984.0,67454.2,99027.7,None, None, None, None, None, None, None, None
828.577294189,H83 C45 N1 O10 P1 ,PC,36.0,3.0,0.0,PC 36:3:0,1.55,145236.5,130472.4,205085.9,277.217305501,18.0,3.0,0.0,3709.9,3105.1,5070.5,283.264272054,18.0,0.0,0.06,1237.1,801.4,1558.1,None, None, None, None, None, None, None, None
828.577294189,H83 C45 N1 O10 P1 ,PC,36.0,3.0,0.0,PC 36:3:0,1.55,145236.5,130472.4,205085.9,279.232981364,18.0,2.0,0.09,75783.9,65657.3,97323.2,281.248636882,18.0,1.0,0.11,33457.8,28692.6,44968.3,None, None, None, None, None, None, None, None
830.592349527,H85 C45 N1 O10 P1 ,PC,36.0,2.0,0.0,PC 36:2:0,0.83,368013.7,332668.6,525506.5,255.232849121,16.0,0.0,-0.42,2135.0,2625.9,4679.3,307.264404297,20.0,2.0,0.48,7724.4,6033.0,9068.5,None, None, None, None, None, None, None, None
830.592349527,H85 C45 N1 O10 P1 ,PC,36.0,2.0,0.0,PC 36:2:0,0.83,368013.7,332668.6,525506.5,279.232981364,18.0,2.0,0.09,355050.3,319668.5,478572.7,283.264272054,18.0,0.0,0.06,111103.6,101556.9,151259.1,None, None, None, None, None, None, None, None
830.592349527,H85 C45 N1 O10 P1 ,PC,36.0,2.0,0.0,PC 36:2:0,0.83,368013.7,332668.6,525506.5,281.248616536,18.0,1.0,0.04,45717.0,41907.5,59141.7,281.248616536,18.0,1.0,0.04,45717.0,41907.5,59141.7,None, None, None, None, None, None, None, None
832.607465901,H87 C45 N1 O10 P1 ,PC,36.0,1.0,0.0,PC 36:1:0,0.19,82742.0,74777.4,118294.2,255.232879639,16.0,0.0,-0.3,1589.3,1748.8,2345.2,309.280059814,20.0,1.0,0.5,1332.6,1540.4,2131.0,None, None, None, None, None, None, None, None
832.607465901,H87 C45 N1 O10 P1 ,PC,36.0,1.0,0.0,PC 36:1:0,0.19,82742.0,74777.4,118294.2,281.248636882,18.0,1.0,0.11,74121.8,74589.1,107651.9,283.264302572,18.0,0.0,0.17,23605.3,24031.3,34545.0,None, None, None, None, None, None, None, None
850.560896077,H81 C47 N1 O10 P1 ,PC,38.0,6.0,0.0,PC 38:6:0,0.63,8252.2,6073.6,11421.8,255.23291015599997,16.0,0.0,-0.18,1561.4,1488.3,2272.7,327.233072917,22.0,6.0,0.36,1096.5,1087.5,1417.3,None, None, None, None, None, None, None, None
850.560896077,H81 C47 N1 O10 P1 ,PC,38.0,6.0,0.0,PC 38:6:0,0.63,8252.2,6073.6,11421.8,279.232961019,18.0,2.0,0.02,7861.6,6446.3,9946.2,303.233022054,20.0,4.0,0.22,4847.8,3965.4,5719.3,None, None, None, None, None, None, None, None
852.576276936,H83 C47 N1 O10 P1 ,PC,38.0,5.0,0.0,PC 38:5:0,0.31,24286.1,22289.9,36221.7,255.232884725,16.0,0.0,-0.28,4796.9,4377.9,6362.2,329.24876912400003,22.0,5.0,0.5,12426.3,11744.6,17339.3,None, None, None, None, None, None, None, None
852.576276936,H83 C47 N1 O10 P1 ,PC,38.0,5.0,0.0,PC 38:5:0,0.31,24286.1,22289.9,36221.7,279.233011882,18.0,2.0,0.2,1557.0,870.6,1282.7,305.248708089,20.0,3.0,0.34,1586.3,1418.0,1768.4,None, None, None, None, None, None, None, None
852.576276936,H83 C47 N1 O10 P1 ,PC,38.0,5.0,0.0,PC 38:5:0,0.31,24286.1,22289.9,36221.7,281.248667399,18.0,1.0,0.22,3324.4,2777.3,4644.2,303.233052572,20.0,4.0,0.32,7701.8,6095.3,9087.9,None, None, None, None, None, None, None, None
852.576276936,H83 C47 N1 O10 P1 ,PC,38.0,5.0,0.0,PC 38:5:0,0.31,24286.1,22289.9,36221.7,283.264389038,18.0,0.0,0.47,484.3,0.0,618.6,301.217376709,20.0,5.0,0.24,785.3,476.6,734.2,None, None, None, None, None, None, None, None
854.591861246,H85 C47 N1 O10 P1 ,PC,38.0,4.0,0.0,PC 38:4:0,0.24,51401.7,48194.3,76410.9,255.232849121,16.0,0.0,-0.42,3166.8,3082.2,3551.3,331.264404297,22.0,4.0,0.45,8946.6,8804.7,13675.9,None, None, None, None, None, None, None, None
854.591861246,H85 C47 N1 O10 P1 ,PC,38.0,4.0,0.0,PC 38:4:0,0.24,51401.7,48194.3,76410.9,281.248616536,18.0,1.0,0.04,1910.2,1431.1,1339.1,305.248687744,20.0,3.0,0.27,4262.0,4221.9,6463.7,None, None, None, None, None, None, None, None
854.591861246,H85 C47 N1 O10 P1 ,PC,38.0,4.0,0.0,PC 38:4:0,0.24,51401.7,48194.3,76410.9,283.264302572,18.0,0.0,0.17,12993.6,11265.0,16534.2,303.233042399,20.0,4.0,0.29,35697.6,35958.3,52520.0,None, None, None, None, None, None, None, None
856.608584879,H87 C47 N1 O10 P1 ,PC,38.0,3.0,0.0,PC 38:3:0,1.49,25567.7,23416.3,38684.3,255.232849121,16.0,0.0,-0.42,0.0,0.0,494.3,333.27999877900004,22.0,3.0,0.28,0.0,0.0,460.9,None, None, None, None, None, None, None, None
856.608584879,H87 C47 N1 O10 P1 ,PC,38.0,3.0,0.0,PC 38:3:0,1.49,25567.7,23416.3,38684.3,279.232981364,18.0,2.0,0.09,2827.0,1973.1,3006.0,309.28015136700003,20.0,1.0,0.8,0.0,380.0,817.9,None, None, None, None, None, None, None, None
856.608584879,H87 C47 N1 O10 P1 ,PC,38.0,3.0,0.0,PC 38:3:0,1.49,25567.7,23416.3,38684.3,281.248636882,18.0,1.0,0.11,889.3,659.1,1014.1,307.26437377900004,20.0,2.0,0.39,564.5,0.0,791.3,None, None, None, None, None, None, None, None
856.608584879,H87 C47 N1 O10 P1 ,PC,38.0,3.0,0.0,PC 38:3:0,1.49,25567.7,23416.3,38684.3,283.264312744,18.0,0.0,0.2,7058.6,7136.9,9502.0,305.248697917,20.0,3.0,0.3,23641.5,20790.5,31288.4,None, None, None, None, None, None, None, None
858.622297444,H89 C47 N1 O10 P1 ,PC,38.0,2.0,0.0,PC 38:2:0,-0.77,6170.7,4988.1,9126.5,279.232981364,18.0,2.0,0.09,5261.3,3746.8,6932.5,311.295654297,20.0,0.0,0.32,0.0,0.0,383.9,None, None, None, None, None, None, None, None
858.622297444,H89 C47 N1 O10 P1 ,PC,38.0,2.0,0.0,PC 38:2:0,-0.77,6170.7,4988.1,9126.5,283.264292399,18.0,0.0,0.13,773.4,500.9,1135.2,307.26439412400003,20.0,2.0,0.45,2211.0,2088.3,3281.0,None, None, None, None, None, None, None, None
880.607669352,H87 C49 N1 O10 P1 ,PC,40.0,5.0,0.0,PC 40:5:0,0.41,0.0,0.0,5715.0,281.248626709,18.0,1.0,0.08,0.0,0.0,419.4,331.26437377900004,22.0,4.0,0.36,0.0,297.4,523.7,None, None, None, None, None, None, None, None
880.607669352,H87 C49 N1 O10 P1 ,PC,40.0,5.0,0.0,PC 40:5:0,0.41,0.0,0.0,5715.0,283.264302572,18.0,0.0,0.17,1364.7,1369.1,1960.7,329.24874877900004,22.0,5.0,0.44,3190.8,3260.0,4514.8,None, None, None, None, None, None, None, None
922.560977457,H81 C53 N1 O10 P1 ,PC,44.0,12.0,0.0,PC 44:12:0,0.67,263106.2,242176.5,372646.1,327.233093262,22.0,6.0,0.42,186752.6,176619.1,227987.3,327.233093262,22.0,6.0,0.42,186752.6,176619.1,227987.3,None, None, None, None, None, None, None, None
946.748416422,H105 C53 N1 O10 P1 ,PC,44.0,0.0,0.0,PC 44:0:0,0.27,270836.5,245964.0,408548.1,339.326843262,22.0,0.0,-0.04,383698.1,494481.5,574023.4,339.326843262,22.0,0.0,-0.04,383698.1,494481.5,574023.4,None, None, None, None, None, None, None, None
###,PCCOCO,,,,,,,,,,,,,,,,,,,,,,,,,,,,,,,
922.560977457,H81 C53 N1 O10 P1 ,PC,44.0,12.0,0.0,PC 44:12:0,0.67,263106.2,242176.5,372646.1,327.233093262,22.0,6.0,0.42,186752.6,176619.1,227987.3,327.233093262,22.0,6.0,0.42,186752.6,176619.1,227987.3,283.243214925,71637.7,70728.5,90924.6,283.243214925,71637.7,70728.5,90924.6
###,PCCO,,,,,,,,,,,,,,,,,,,,,,,,,,,,,,,
824.545372802,H79 C45 N1 O10 P1 ,PC,36.0,5.0,0.0,PC 36:5:0,0.8,5552.9,5353.0,8579.0,255.23286438,16.0,0.0,-0.36,2157.8,2118.8,2464.4,301.217386882,20.0,5.0,0.27,3777.5,3130.7,4714.3,None, None, None, None, 257.227416992,0.0,0.0,365.6
824.545372802,H79 C45 N1 O10 P1 ,PC,36.0,5.0,0.0,PC 36:5:0,0.8,5552.9,5353.0,8579.0,253.21714782700002,16.0,1.0,-0.62,344.7,0.0,0.0,303.233052572,20.0,4.0,0.32,26975.3,24735.9,36377.1,None, None, None, None, 259.243103027,1075.8,1139.7,1767.5
826.560916422,H81 C45 N1 O10 P1 ,PC,36.0,4.0,0.0,PC 36:4:0,0.67,177546.9,158390.1,247927.8,255.232879639,16.0,0.0,-0.3,43393.7,45883.6,59722.7,303.233042399,20.0,4.0,0.29,131973.4,136997.7,184297.4,None, None, None, None, 259.243123372,7051.6,6499.9,9205.7
850.560896077,H81 C47 N1 O10 P1 ,PC,38.0,6.0,0.0,PC 38:6:0,0.63,8252.2,6073.6,11421.8,255.23291015599997,16.0,0.0,-0.18,1561.4,1488.3,2272.7,327.233072917,22.0,6.0,0.36,1096.5,1087.5,1417.3,None, None, None, None, 283.243347168,331.0,0.0,0.0
852.576276936,H83 C47 N1 O10 P1 ,PC,38.0,5.0,0.0,PC 38:5:0,0.31,24286.1,22289.9,36221.7,255.232884725,16.0,0.0,-0.28,4796.9,4377.9,6362.2,329.24876912400003,22.0,5.0,0.5,12426.3,11744.6,17339.3,None, None, None, None, 285.258911133,668.7,548.8,984.1
854.591861246,H85 C47 N1 O10 P1 ,PC,38.0,4.0,0.0,PC 38:4:0,0.24,51401.7,48194.3,76410.9,283.264302572,18.0,0.0,0.17,12993.6,11265.0,16534.2,303.233042399,20.0,4.0,0.29,35697.6,35958.3,52520.0,None, None, None, None, 259.243082682,1471.4,1781.3,2739.6
922.560977457,H81 C53 N1 O10 P1 ,PC,44.0,12.0,0.0,PC 44:12:0,0.67,263106.2,242176.5,372646.1,327.233093262,22.0,6.0,0.42,186752.6,176619.1,227987.3,327.233093262,22.0,6.0,0.42,186752.6,176619.1,227987.3,None, None, None, None, 283.243214925,71637.7,70728.5,90924.6
#NCE,30,,,,,,,,,,,,,,,,,,,,,,,,,,,,,,,
###,PCFAS,,,,,,,,,,,,,,,,,,,,,,,,,,,,,,,
666.435468831,H65 C33 N1 O10 P1 ,PC,24.0,0.0,0.0,PC 24:0:0,0.47,476517.5,416244.7,607833.1,199.16955566400003,12.0,0.0,-4.01,481750.7,394258.0,518281.6,199.16955566400003,12.0,0.0,-4.01,481750.7,394258.0,518281.6,None, None, None, None, None, None, None, None
680.450809,H67 C34 N1 O10 P1 ,PC,25.0,0.0,0.0,PC 25:0:0,0.0,440531.8,388332.7,578778.0,199.16955057799998,12.0,0.0,-4.04,135338.6,123551.6,159630.4,213.185373942,13.0,0.0,-2.96,351616.3,325259.1,412662.5,None, None, None, None, None, None, None, None
774.526126383,H77 C41 N1 O10 P1 ,PC,32.0,2.0,0.0,PC 32:2:0,-3.79,0.0,4576.9,5554.4,227.201202393,14.0,0.0,-1.99,1353.2,1169.1,1640.9,279.232981364,18.0,2.0,0.09,42712.3,33921.5,48205.5,None, None, None, None, None, None, None, None
774.526126383,H77 C41 N1 O10 P1 ,PC,32.0,2.0,0.0,PC 32:2:0,-3.79,0.0,4576.9,5554.4,251.201629639,16.0,2.0,-0.1,0.0,0.0,346.3,255.23286438,16.0,0.0,-0.36,502.9,463.9,829.7,None, None, None, None, None, None, None, None
774.526126383,H77 C41 N1 O10 P1 ,PC,32.0,2.0,0.0,PC 32:2:0,-3.79,0.0,4576.9,5554.4,253.21719360400002,16.0,1.0,-0.44,791.9,893.6,754.4,253.21719360400002,16.0,1.0,-0.44,791.9,893.6,754.4,None, None, None, None, None, None, None, None
776.537814615,H79 C41 N1 O10 P1 ,PC,32.0,1.0,0.0,PC 32:1:0,-8.88,56688.9,86129.7,0.0,227.20122273799998,14.0,0.0,-1.9,437.7,702.1,933.4,281.248626709,18.0,1.0,0.08,4601.8,4088.7,5246.0,None, None, None, None, None, None, None, None
776.537814615,H79 C41 N1 O10 P1 ,PC,32.0,1.0,0.0,PC 32:1:0,-8.88,56688.9,86129.7,0.0,253.217224121,16.0,1.0,-0.32,13917.0,12420.6,18050.7,255.232879639,16.0,0.0,-0.3,7599.0,6410.1,8798.1,None, None, None, None, None, None, None, None
778.561038492,H81 C41 N1 O10 P1 ,PC,32.0,0.0,0.0,PC 32:0:0,0.87,22992.2,20602.1,36057.6,227.20123291,14.0,0.0,-1.86,0.0,271.8,0.0,283.264328003,18.0,0.0,0.26,356.7,345.8,0.0,None, None, None, None, None, None, None, None
778.561038492,H81 C41 N1 O10 P1 ,PC,32.0,0.0,0.0,PC 32:0:0,0.87,22992.2,20602.1,36057.6,241.21701558400002,15.0,0.0,-1.2,662.2,303.0,529.2,269.24874877900004,17.0,0.0,0.53,0.0,0.0,309.9,None, None, None, None, None, None, None, None
778.561038492,H81 C41 N1 O10 P1 ,PC,32.0,0.0,0.0,PC 32:0:0,0.87,22992.2,20602.1,36057.6,255.232879639,16.0,0.0,-0.3,42581.4,40845.5,54131.0,255.232879639,16.0,0.0,-0.3,42581.4,40845.5,54131.0,None, None, None, None, None, None, None, None
800.545393147,H79 C43 N1 O10 P1 ,PC,34.0,3.0,0.0,PC 34:3:0,0.85,26187.2,24534.8,38897.0,253.217208862,16.0,1.0,-0.38,4665.7,4469.8,6029.6,279.232971191,18.0,2.0,0.06,232457.3,244592.2,309410.8,None, None, None, None, None, None, None, None
800.545393147,H79 C43 N1 O10 P1 ,PC,34.0,3.0,0.0,PC 34:3:0,0.85,26187.2,24534.8,38897.0,255.232879639,16.0,0.0,-0.3,5467.1,5740.4,7496.3,277.217346191,18.0,3.0,0.15,14819.9,14246.1,17233.7,None, None, None, None, None, None, None, None
802.560835042,H81 C43 N1 O10 P1 ,PC,34.0,2.0,0.0,PC 34:2:0,0.59,1259178.7,1132889.1,1753933.2,253.21731567400002,16.0,1.0,0.04,0.0,1935.7,0.0,281.248586019,18.0,1.0,-0.07,24500.0,23296.9,26912.1,None, None, None, None, None, None, None, None
802.560835042,H81 C43 N1 O10 P1 ,PC,34.0,2.0,0.0,PC 34:2:0,0.59,1259178.7,1132889.1,1753933.2,255.232884725,16.0,0.0,-0.28,441935.8,466392.6,551499.4,279.232971191,18.0,2.0,0.06,1328510.3,1403070.9,1689377.6,None, None, None, None, None, None, None, None
804.577436604,H83 C43 N1 O10 P1 ,PC,34.0,1.0,0.0,PC 34:1:0,1.77,294142.1,272234.1,435527.3,253.217213949,16.0,1.0,-0.36,3202.2,2754.9,3196.2,283.264282227,18.0,0.0,0.09,1554.3,0.0,1730.4,None, None, None, None, None, None, None, None
804.577436604,H83 C43 N1 O10 P1 ,PC,34.0,1.0,0.0,PC 34:1:0,1.77,294142.1,272234.1,435527.3,255.23288981099998,16.0,0.0,-0.26,125999.5,124559.5,197508.5,281.248626709,18.0,1.0,0.08,360517.5,351534.5,526673.4,None, None, None, None, None, None, None, None
824.545372802,H79 C45 N1 O10 P1 ,PC,36.0,5.0,0.0,PC 36:5:0,0.8,5552.9,5353.0,8579.0,253.21719869,16.0,1.0,-0.42,267.6,387.4,526.3,303.233062744,20.0,4.0,0.35,20770.0,19194.1,31175.5,None, None, None, None, None, None, None, None
824.545372802,H79 C45 N1 O10 P1 ,PC,36.0,5.0,0.0,PC 36:5:0,0.8,5552.9,5353.0,8579.0,255.232879639,16.0,0.0,-0.3,2535.1,2344.9,3212.9,301.217386882,20.0,5.0,0.27,1847.7,1682.8,3026.6,None, None, None, None, None, None, None, None
824.545372802,H79 C45 N1 O10 P1 ,PC,36.0,5.0,0.0,PC 36:5:0,0.8,5552.9,5353.0,8579.0,277.217285156,18.0,3.0,-0.07,0.0,0.0,335.4,279.232950846,18.0,2.0,-0.02,3143.9,940.8,1648.7,None, None, None, None, None, None, None, None
826.560916422,H81 C45 N1 O10 P1 ,PC,36.0,4.0,0.0,PC 36:4:0,0.67,177546.9,158390.1,247927.8,255.232879639,16.0,0.0,-0.3,51439.5,54704.5,73225.8,303.233042399,20.0,4.0,0.29,105200.1,105495.3,142166.6,None, None, None, None, None, None, None, None
826.560916422,H81 C45 N1 O10 P1 ,PC,36.0,4.0,0.0,PC 36:4:0,0.67,177546.9,158390.1,247927.8,277.217285156,18.0,3.0,-0.07,484.8,734.6,1013.8,281.24874877900004,18.0,1.0,0.51,409.6,0.0,0.0,None, None, None, None, None, None, None, None
826.560916422,H81 C45 N1 O10 P1 ,PC,36.0,4.0,0.0,PC 36:4:0,0.67,177546.9,158390.1,247927.8,279.232971191,18.0,2.0,0.06,44274.3,45234.8,60383.1,279.232971191,18.0,2.0,0.06,44274.3,45234.8,60383.1,None, None, None, None, None, None, None, None
828.577294189,H83 C45 N1 O10 P1 ,PC,36.0,3.0,0.0,PC 36:3:0,1.55,145236.5,130472.4,205085.9,255.23288981099998,16.0,0.0,-0.26,29488.0,25195.8,37657.1,305.248708089,20.0,3.0,0.34,83347.5,76637.9,111703.6,None, None, None, None, None, None, None, None
828.577294189,H83 C45 N1 O10 P1 ,PC,36.0,3.0,0.0,PC 36:3:0,1.55,145236.5,130472.4,205085.9,277.217315674,18.0,3.0,0.04,3840.5,3495.0,5568.9,283.264261882,18.0,0.0,0.02,1363.1,1121.6,1988.3,None, None, None, None, None, None, None, None
828.577294189,H83 C45 N1 O10 P1 ,PC,36.0,3.0,0.0,PC 36:3:0,1.55,145236.5,130472.4,205085.9,279.232981364,18.0,2.0,0.09,87625.9,81634.0,115136.6,281.248626709,18.0,1.0,0.08,40057.5,37693.8,57519.6,None, None, None, None, None, None, None, None
830.592349527,H85 C45 N1 O10 P1 ,PC,36.0,2.0,0.0,PC 36:2:0,0.83,368013.7,332668.6,525506.5,255.232874552,16.0,0.0,-0.32,3364.4,2713.5,4924.0,307.26435343400004,20.0,2.0,0.32,8863.3,8083.3,11109.3,None, None, None, None, None, None, None, None
830.592349527,H85 C45 N1 O10 P1 ,PC,36.0,2.0,0.0,PC 36:2:0,0.83,368013.7,332668.6,525506.5,279.232981364,18.0,2.0,0.09,384380.3,351814.2,508343.3,283.264292399,18.0,0.0,0.13,136052.0,124438.3,179014.0,None, None, None, None, None, None, None, None
830.592349527,H85 C45 N1 O10 P1 ,PC,36.0,2.0,0.0,PC 36:2:0,0.83,368013.7,332668.6,525506.5,281.248606364,18.0,1.0,0.0,51367.7,47583.8,64648.8,281.248606364,18.0,1.0,0.0,51367.7,47583.8,64648.8,None, None, None, None, None, None, None, None
832.607465901,H87 C45 N1 O10 P1 ,PC,36.0,1.0,0.0,PC 36:1:0,0.19,82742.0,74777.4,118294.2,255.232884725,16.0,0.0,-0.28,1563.7,2122.5,2628.6,309.280049642,20.0,1.0,0.47,1855.4,1913.7,2351.5,None, None, None, None, None, None, None, None
832.607465901,H87 C45 N1 O10 P1 ,PC,36.0,1.0,0.0,PC 36:1:0,0.19,82742.0,74777.4,118294.2,281.248626709,18.0,1.0,0.08,88157.3,89099.7,130123.0,283.264282227,18.0,0.0,0.09,30917.2,31092.1,44653.6,None, None, None, None, None, None, None, None
850.560896077,H81 C47 N1 O10 P1 ,PC,38.0,6.0,0.0,PC 38:6:0,0.63,8252.2,6073.6,11421.8,255.232894897,16.0,0.0,-0.24,2270.6,1849.3,2596.0,327.233093262,22.0,6.0,0.42,0.0,0.0,458.5,None, None, None, None, None, None, None, None
850.560896077,H81 C47 N1 O10 P1 ,PC,38.0,6.0,0.0,PC 38:6:0,0.63,8252.2,6073.6,11421.8,279.232981364,18.0,2.0,0.09,8857.9,6313.8,11314.4,303.233052572,20.0,4.0,0.32,3899.2,3163.2,5152.5,None, None, None, None, None, None, None, None
852.576276936,H83 C47 N1 O10 P1 ,PC,38.0,5.0,0.0,PC 38:5:0,0.31,24286.1,22289.9,36221.7,255.232879639,16.0,0.0,-0.3,6154.1,5604.8,7810.8,329.24876912400003,22.0,5.0,0.5,9837.3,9156.2,13974.6,None, None, None, None, None, None, None, None
852.576276936,H83 C47 N1 O10 P1 ,PC,38.0,5.0,0.0,PC 38:5:0,0.31,24286.1,22289.9,36221.7,279.232981364,18.0,2.0,0.09,1943.9,1394.7,2135.1,305.24872843400004,20.0,3.0,0.4,1648.1,1590.4,2241.1,None, None, None, None, None, None, None, None
852.576276936,H83 C47 N1 O10 P1 ,PC,38.0,5.0,0.0,PC 38:5:0,0.31,24286.1,22289.9,36221.7,281.248636882,18.0,1.0,0.11,4115.6,3944.7,5634.3,303.233062744,20.0,4.0,0.35,5560.7,4987.4,7686.3,None, None, None, None, None, None, None, None
852.576276936,H83 C47 N1 O10 P1 ,PC,38.0,5.0,0.0,PC 38:5:0,0.31,24286.1,22289.9,36221.7,283.264328003,18.0,0.0,0.26,1097.0,0.0,840.6,301.217315674,20.0,5.0,0.03,0.0,0.0,425.0,None, None, None, None, None, None, None, None
854.591861246,H85 C47 N1 O10 P1 ,PC,38.0,4.0,0.0,PC 38:4:0,0.24,51401.7,48194.3,76410.9,255.23288981099998,16.0,0.0,-0.26,3516.5,3223.9,5560.0,331.264404297,22.0,4.0,0.45,8319.0,8169.6,12864.0,None, None, None, None, None, None, None, None
854.591861246,H85 C47 N1 O10 P1 ,PC,38.0,4.0,0.0,PC 38:4:0,0.24,51401.7,48194.3,76410.9,279.232981364,18.0,2.0,0.09,6646.1,4572.3,8291.3,307.264404297,20.0,2.0,0.48,460.1,0.0,0.0,None, None, None, None, None, None, None, None
854.591861246,H85 C47 N1 O10 P1 ,PC,38.0,4.0,0.0,PC 38:4:0,0.24,51401.7,48194.3,76410.9,281.248606364,18.0,1.0,0.0,2291.6,1680.9,2333.8,305.248697917,20.0,3.0,0.3,4926.5,4044.0,5302.0,None, None, None, None, None, None, None, None
854.591861246,H85 C47 N1 O10 P1 ,PC,38.0,4.0,0.0,PC 38:4:0,0.24,51401.7,48194.3,76410.9,283.264333089,18.0,0.0,0.27,16267.4,13777.0,21573.4,303.233052572,20.0,4.0,0.32,28958.5,27779.4,41908.1,None, None, None, None, None, None, None, None
856.608584879,H87 C47 N1 O10 P1 ,PC,38.0,3.0,0.0,PC 38:3:0,1.49,25567.7,23416.3,38684.3,255.232872009,16.0,0.0,-0.33,0.0,68.3,177.5,333.279815674,22.0,3.0,-0.27,0.0,320.4,0.0,None, None, None, None, None, None, None, None
856.608584879,H87 C47 N1 O10 P1 ,PC,38.0,3.0,0.0,PC 38:3:0,1.49,25567.7,23416.3,38684.3,279.232981364,18.0,2.0,0.09,3646.8,2829.8,3728.7,309.280075073,20.0,1.0,0.55,343.6,0.0,470.8,None, None, None, None, None, None, None, None
856.608584879,H87 C47 N1 O10 P1 ,PC,38.0,3.0,0.0,PC 38:3:0,1.49,25567.7,23416.3,38684.3,281.248636882,18.0,1.0,0.11,1182.4,909.2,1207.7,307.26437377900004,20.0,2.0,0.39,737.3,412.6,1068.7,None, None, None, None, None, None, None, None
856.608584879,H87 C47 N1 O10 P1 ,PC,38.0,3.0,0.0,PC 38:3:0,1.49,25567.7,23416.3,38684.3,283.264333089,18.0,0.0,0.27,8570.6,9028.4,12997.8,305.248708089,20.0,3.0,0.34,24446.8,23555.9,35409.4,None, None, None, None, None, None, None, None
858.622297444,H89 C47 N1 O10 P1 ,PC,38.0,2.0,0.0,PC 38:2:0,-0.77,6170.7,4988.1,9126.5,279.232971191,18.0,2.0,0.06,6224.8,4947.2,8039.8,311.295857747,20.0,0.0,0.97,308.5,328.1,631.3,None, None, None, None, None, None, None, None
858.622297444,H89 C47 N1 O10 P1 ,PC,38.0,2.0,0.0,PC 38:2:0,-0.77,6170.7,4988.1,9126.5,281.248677572,18.0,1.0,0.26,1349.0,1011.6,1823.0,309.27997843400004,20.0,1.0,0.24,423.7,342.3,385.5,None, None, None, None, None, None, None, None
858.622297444,H89 C47 N1 O10 P1 ,PC,38.0,2.0,0.0,PC 38:2:0,-0.77,6170.7,4988.1,9126.5,283.264312744,18.0,0.0,0.2,1125.8,787.3,1415.8,307.264363607,20.0,2.0,0.35,2585.0,2873.6,4278.9,None, None, None, None, None, None, None, None
860.638370035,H91 C47 N1 O10 P1 ,PC,38.0,1.0,0.0,PC 38:1:0,-0.28,0.0,0.0,5710.9,283.264282227,18.0,0.0,0.09,0.0,0.0,309.5,309.28012085,20.0,1.0,0.7,293.2,0.0,531.2,None, None, None, None, None, None, None, None
880.607669352,H87 C49 N1 O10 P1 ,PC,40.0,5.0,0.0,PC 40:5:0,0.41,0.0,0.0,5715.0,281.248626709,18.0,1.0,0.08,0.0,0.0,982.1,331.264648438,22.0,4.0,1.19,283.1,0.0,379.4,None, None, None, None, None, None, None, None
880.607669352,H87 C49 N1 O10 P1 ,PC,40.0,5.0,0.0,PC 40:5:0,0.41,0.0,0.0,5715.0,283.264302572,18.0,0.0,0.17,1554.6,1989.2,2380.7,329.24874877900004,22.0,5.0,0.44,2705.5,2548.3,3702.7,None, None, None, None, None, None, None, None
922.560977457,H81 C53 N1 O10 P1 ,PC,44.0,12.0,0.0,PC 44:12:0,0.67,263106.2,242176.5,372646.1,327.233083089,22.0,6.0,0.39,81484.5,81093.2,117360.3,327.233083089,22.0,6.0,0.39,81484.5,81093.2,117360.3,None, None, None, None, None, None, None, None
946.748416422,H105 C53 N1 O10 P1 ,PC,44.0,0.0,0.0,PC 44:0:0,0.27,270836.5,245964.0,408548.1,339.326833089,22.0,0.0,-0.07,478095.8,542703.4,740621.7,339.326833089,22.0,0.0,-0.07,478095.8,542703.4,740621.7,None, None, None, None, None, None, None, None
###,PCCOCO,,,,,,,,,,,,,,,,,,,,,,,,,,,,,,,
922.560977457,H81 C53 N1 O10 P1 ,PC,44.0,12.0,0.0,PC 44:12:0,0.67,263106.2,242176.5,372646.1,327.233083089,22.0,6.0,0.39,81484.5,81093.2,117360.3,327.233083089,22.0,6.0,0.39,81484.5,81093.2,117360.3,283.243204753,50452.7,49915.9,75348.6,283.243204753,50452.7,49915.9,75348.6
###,PCCO,,,,,,,,,,,,,,,,,,,,,,,,,,,,,,,
824.545372802,H79 C45 N1 O10 P1 ,PC,36.0,5.0,0.0,PC 36:5:0,0.8,5552.9,5353.0,8579.0,255.232879639,16.0,0.0,-0.3,2535.1,2344.9,3212.9,301.217386882,20.0,5.0,0.27,1847.7,1682.8,3026.6,None, None, None, None, 257.227478027,0.0,0.0,583.0
824.545372802,H79 C45 N1 O10 P1 ,PC,36.0,5.0,0.0,PC 36:5:0,0.8,5552.9,5353.0,8579.0,253.21719869,16.0,1.0,-0.42,267.6,387.4,526.3,303.233062744,20.0,4.0,0.35,20770.0,19194.1,31175.5,None, None, None, None, 259.243133545,1622.4,1446.7,2422.2
826.560916422,H81 C45 N1 O10 P1 ,PC,36.0,4.0,0.0,PC 36:4:0,0.67,177546.9,158390.1,247927.8,255.232879639,16.0,0.0,-0.3,51439.5,54704.5,73225.8,303.233042399,20.0,4.0,0.29,105200.1,105495.3,142166.6,None, None, None, None, 259.2431132,9430.3,8789.1,12154.7
850.560896077,H81 C47 N1 O10 P1 ,PC,38.0,6.0,0.0,PC 38:6:0,0.63,8252.2,6073.6,11421.8,279.232981364,18.0,2.0,0.09,8857.9,6313.8,11314.4,303.233052572,20.0,4.0,0.32,3899.2,3163.2,5152.5,None, None, None, None, 259.243041992,0.0,0.0,408.4
852.576276936,H83 C47 N1 O10 P1 ,PC,38.0,5.0,0.0,PC 38:5:0,0.31,24286.1,22289.9,36221.7,281.248636882,18.0,1.0,0.11,4115.6,3944.7,5634.3,303.233062744,20.0,4.0,0.35,5560.7,4987.4,7686.3,None, None, None, None, 259.243133545,330.7,387.7,655.0
852.576276936,H83 C47 N1 O10 P1 ,PC,38.0,5.0,0.0,PC 38:5:0,0.31,24286.1,22289.9,36221.7,255.232879639,16.0,0.0,-0.3,6154.1,5604.8,7810.8,329.24876912400003,22.0,5.0,0.5,9837.3,9156.2,13974.6,None, None, None, None, 285.25890096,542.2,801.8,1087.8
854.591861246,H85 C47 N1 O10 P1 ,PC,38.0,4.0,0.0,PC 38:4:0,0.24,51401.7,48194.3,76410.9,283.264333089,18.0,0.0,0.27,16267.4,13777.0,21573.4,303.233052572,20.0,4.0,0.32,28958.5,27779.4,41908.1,None, None, None, None, 259.243133545,2422.4,2156.3,3803.7
880.607669352,H87 C49 N1 O10 P1 ,PC,40.0,5.0,0.0,PC 40:5:0,0.41,0.0,0.0,5715.0,283.264302572,18.0,0.0,0.17,1554.6,1989.2,2380.7,329.24874877900004,22.0,5.0,0.44,2705.5,2548.3,3702.7,None, None, None, None, 285.25894165,0.0,0.0,340.9
922.560977457,H81 C53 N1 O10 P1 ,PC,44.0,12.0,0.0,PC 44:12:0,0.67,263106.2,242176.5,372646.1,327.233083089,22.0,6.0,0.39,81484.5,81093.2,117360.3,327.233083089,22.0,6.0,0.39,81484.5,81093.2,117360.3,None, None, None, None, 283.243204753,50452.7,49915.9,75348.6
#NCE,35,,,,,,,,,,,,,,,,,,,,,,,,,,,,,,,
###,PCFAS,,,,,,,,,,,,,,,,,,,,,,,,,,,,,,,
666.435468831,H65 C33 N1 O10 P1 ,PC,24.0,0.0,0.0,PC 24:0:0,0.47,476517.5,416244.7,607833.1,199.16955057799998,12.0,0.0,-4.04,420913.3,384785.7,484072.2,199.16955057799998,12.0,0.0,-4.04,420913.3,384785.7,484072.2,None, None, None, None, None, None, None, None
680.450809,H67 C34 N1 O10 P1 ,PC,25.0,0.0,0.0,PC 25:0:0,0.0,440531.8,388332.7,578778.0,199.16955566400003,12.0,0.0,-4.01,126117.3,108336.5,150423.7,213.185373942,13.0,0.0,-2.96,303367.5,269902.5,385399.5,None, None, None, None, None, None, None, None
774.526126383,H77 C41 N1 O10 P1 ,PC,32.0,2.0,0.0,PC 32:2:0,-3.79,0.0,4576.9,5554.4,227.201207479,14.0,0.0,-1.97,1307.9,1071.3,1736.3,279.232981364,18.0,2.0,0.09,37115.8,31802.8,44524.7,None, None, None, None, None, None, None, None
774.526126383,H77 C41 N1 O10 P1 ,PC,32.0,2.0,0.0,PC 32:2:0,-3.79,0.0,4576.9,5554.4,253.21719360400002,16.0,1.0,-0.44,791.0,560.9,906.5,253.21719360400002,16.0,1.0,-0.44,791.0,560.9,906.5,None, None, None, None, None, None, None, None
776.537814615,H79 C41 N1 O10 P1 ,PC,32.0,1.0,0.0,PC 32:1:0,-8.88,56688.9,86129.7,0.0,227.201202393,14.0,0.0,-1.99,519.0,550.3,1051.0,281.248636882,18.0,1.0,0.11,4545.1,3433.5,5202.5,None, None, None, None, None, None, None, None
776.537814615,H79 C41 N1 O10 P1 ,PC,32.0,1.0,0.0,PC 32:1:0,-8.88,56688.9,86129.7,0.0,253.217213949,16.0,1.0,-0.36,13109.0,12222.6,16627.8,255.232894897,16.0,0.0,-0.24,7494.2,7200.0,9774.2,None, None, None, None, None, None, None, None
778.561038492,H81 C41 N1 O10 P1 ,PC,32.0,0.0,0.0,PC 32:0:0,0.87,22992.2,20602.1,36057.6,227.201202393,14.0,0.0,-1.99,289.9,0.0,191.8,283.264312744,18.0,0.0,0.2,0.0,288.3,0.0,None, None, None, None, None, None, None, None
778.561038492,H81 C41 N1 O10 P1 ,PC,32.0,0.0,0.0,PC 32:0:0,0.87,22992.2,20602.1,36057.6,241.21703592900002,15.0,0.0,-1.12,520.2,245.8,354.4,269.248687744,17.0,0.0,0.31,255.1,0.0,0.0,None, None, None, None, None, None, None, None
778.561038492,H81 C41 N1 O10 P1 ,PC,32.0,0.0,0.0,PC 32:0:0,0.87,22992.2,20602.1,36057.6,255.232879639,16.0,0.0,-0.3,39671.0,38646.7,52423.8,255.232879639,16.0,0.0,-0.3,39671.0,38646.7,52423.8,None, None, None, None, None, None, None, None
800.545393147,H79 C43 N1 O10 P1 ,PC,34.0,3.0,0.0,PC 34:3:0,0.85,26187.2,24534.8,38897.0,253.217208862,16.0,1.0,-0.38,4548.7,4223.9,5199.0,279.232971191,18.0,2.0,0.06,207720.5,213492.1,277500.0,None, None, None, None, None, None, None, None
800.545393147,H79 C43 N1 O10 P1 ,PC,34.0,3.0,0.0,PC 34:3:0,0.85,26187.2,24534.8,38897.0,255.232894897,16.0,0.0,-0.24,5291.1,5461.1,6728.6,277.217346191,18.0,3.0,0.15,11473.3,10913.0,14169.8,None, None, None, None, None, None, None, None
802.560835042,H81 C43 N1 O10 P1 ,PC,34.0,2.0,0.0,PC 34:2:0,0.59,1259178.7,1132889.1,1753933.2,255.232884725,16.0,0.0,-0.28,431291.3,407245.4,584050.1,279.232981364,18.0,2.0,0.09,1191770.8,1110000.9,1560714.2,None, None, None, None, None, None, None, None
804.577436604,H83 C43 N1 O10 P1 ,PC,34.0,1.0,0.0,PC 34:1:0,1.77,294142.1,272234.1,435527.3,253.21723938,16.0,1.0,-0.26,3198.0,2158.4,3823.1,283.264343262,18.0,0.0,0.31,1200.6,0.0,1445.6,None, None, None, None, None, None, None, None
804.577436604,H83 C43 N1 O10 P1 ,PC,34.0,1.0,0.0,PC 34:1:0,1.77,294142.1,272234.1,435527.3,255.232884725,16.0,0.0,-0.28,143065.1,121596.1,173601.8,281.248616536,18.0,1.0,0.04,352670.1,323842.8,466647.5,None, None, None, None, None, None, None, None
824.545372802,H79 C45 N1 O10 P1 ,PC,36.0,5.0,0.0,PC 36:5:0,0.8,5552.9,5353.0,8579.0,253.217201233,16.0,1.0,-0.41,367.8,0.0,433.6,303.233032227,20.0,4.0,0.25,12588.4,12236.3,17742.9,None, None, None, None, None, None, None, None
824.545372802,H79 C45 N1 O10 P1 ,PC,36.0,5.0,0.0,PC 36:5:0,0.8,5552.9,5353.0,8579.0,255.232879639,16.0,0.0,-0.3,2809.6,2146.3,3005.9,301.217366536,20.0,5.0,0.2,1019.7,888.2,1159.5,None, None, None, None, None, None, None, None
826.560916422,H81 C45 N1 O10 P1 ,PC,36.0,4.0,0.0,PC 36:4:0,0.67,177546.9,158390.1,247927.8,255.232879639,16.0,0.0,-0.3,51250.8,55921.7,70027.6,303.233042399,20.0,4.0,0.29,60976.4,61288.5,80169.8,None, None, None, None, None, None, None, None
826.560916422,H81 C45 N1 O10 P1 ,PC,36.0,4.0,0.0,PC 36:4:0,0.67,177546.9,158390.1,247927.8,277.217295329,18.0,3.0,-0.04,739.8,491.7,554.1,281.248697917,18.0,1.0,0.33,388.6,319.4,389.9,None, None, None, None, None, None, None, None
826.560916422,H81 C45 N1 O10 P1 ,PC,36.0,4.0,0.0,PC 36:4:0,0.67,177546.9,158390.1,247927.8,279.232981364,18.0,2.0,0.09,40342.7,40179.9,53821.8,279.232981364,18.0,2.0,0.09,40342.7,40179.9,53821.8,None, None, None, None, None, None, None, None
828.577294189,H83 C45 N1 O10 P1 ,PC,36.0,3.0,0.0,PC 36:3:0,1.55,145236.5,130472.4,205085.9,255.232879639,16.0,0.0,-0.3,28282.5,23585.0,39020.6,305.248687744,20.0,3.0,0.27,64075.6,57165.9,87583.6,None, None, None, None, None, None, None, None
828.577294189,H83 C45 N1 O10 P1 ,PC,36.0,3.0,0.0,PC 36:3:0,1.55,145236.5,130472.4,205085.9,277.217315674,18.0,3.0,0.04,3549.4,2910.2,4506.2,283.264261882,18.0,0.0,0.02,1915.5,1513.3,1679.5,None, None, None, None, None, None, None, None
828.577294189,H83 C45 N1 O10 P1 ,PC,36.0,3.0,0.0,PC 36:3:0,1.55,145236.5,130472.4,205085.9,279.232971191,18.0,2.0,0.06,80025.8,66600.7,99498.8,281.248626709,18.0,1.0,0.08,38989.0,33867.2,53163.9,None, None, None, None, None, None, None, None
830.592349527,H85 C45 N1 O10 P1 ,PC,36.0,2.0,0.0,PC 36:2:0,0.83,368013.7,332668.6,525506.5,255.23288981099998,16.0,0.0,-0.26,3616.8,3633.8,4535.6,307.26437377900004,20.0,2.0,0.39,7528.9,7140.9,11161.6,None, None, None, None, None, None, None, None
830.592349527,H85 C45 N1 O10 P1 ,PC,36.0,2.0,0.0,PC 36:2:0,0.83,368013.7,332668.6,525506.5,279.232981364,18.0,2.0,0.09,335046.3,307431.1,469319.8,283.264292399,18.0,0.0,0.13,133886.1,121565.4,180166.6,None, None, None, None, None, None, None, None
830.592349527,H85 C45 N1 O10 P1 ,PC,36.0,2.0,0.0,PC 36:2:0,0.83,368013.7,332668.6,525506.5,281.248636882,18.0,1.0,0.11,47761.0,43702.8,67087.7,281.248636882,18.0,1.0,0.11,47761.0,43702.8,67087.7,None, None, None, None, None, None, None, None
832.607465901,H87 C45 N1 O10 P1 ,PC,36.0,1.0,0.0,PC 36:1:0,0.19,82742.0,74777.4,118294.2,255.232884725,16.0,0.0,-0.28,1883.1,1490.7,2633.1,309.280069987,20.0,1.0,0.53,1611.3,1723.2,2055.6,None, None, None, None, None, None, None, None
832.607465901,H87 C45 N1 O10 P1 ,PC,36.0,1.0,0.0,PC 36:1:0,0.19,82742.0,74777.4,118294.2,281.248636882,18.0,1.0,0.11,79264.7,77490.8,120849.4,283.264292399,18.0,0.0,0.13,30655.6,29581.2,45847.7,None, None, None, None, None, None, None, None
850.560896077,H81 C47 N1 O10 P1 ,PC,38.0,6.0,0.0,PC 38:6:0,0.63,8252.2,6073.6,11421.8,279.232981364,18.0,2.0,0.09,8570.1,6540.2,10203.3,303.233052572,20.0,4.0,0.32,2158.9,2007.8,3206.3,None, None, None, None, None, None, None, None
852.576276936,H83 C47 N1 O10 P1 ,PC,38.0,5.0,0.0,PC 38:5:0,0.31,24286.1,22289.9,36221.7,255.232874552,16.0,0.0,-0.32,5255.1,5261.6,7455.8,329.24874877900004,22.0,5.0,0.44,5284.7,4796.0,7121.7,None, None, None, None, None, None, None, None
852.576276936,H83 C47 N1 O10 P1 ,PC,38.0,5.0,0.0,PC 38:5:0,0.31,24286.1,22289.9,36221.7,279.232981364,18.0,2.0,0.09,1735.3,790.9,2020.9,305.248687744,20.0,3.0,0.27,1391.6,1312.3,1814.0,None, None, None, None, None, None, None, None
852.576276936,H83 C47 N1 O10 P1 ,PC,38.0,5.0,0.0,PC 38:5:0,0.31,24286.1,22289.9,36221.7,281.248657227,18.0,1.0,0.18,4027.3,3803.7,5058.8,303.233052572,20.0,4.0,0.32,3191.8,2969.1,4307.8,None, None, None, None, None, None, None, None
854.591861246,H85 C47 N1 O10 P1 ,PC,38.0,4.0,0.0,PC 38:4:0,0.24,51401.7,48194.3,76410.9,255.23288981099998,16.0,0.0,-0.26,3635.0,3149.8,5419.7,331.26439412400003,22.0,4.0,0.42,6233.4,5456.8,8381.9,None, None, None, None, None, None, None, None
854.591861246,H85 C47 N1 O10 P1 ,PC,38.0,4.0,0.0,PC 38:4:0,0.24,51401.7,48194.3,76410.9,279.232961019,18.0,2.0,0.02,6198.4,4774.5,7718.5,307.264282227,20.0,2.0,0.09,0.0,370.3,0.0,None, None, None, None, None, None, None, None
854.591861246,H85 C47 N1 O10 P1 ,PC,38.0,4.0,0.0,PC 38:4:0,0.24,51401.7,48194.3,76410.9,281.248677572,18.0,1.0,0.26,1955.0,1324.9,2223.8,305.248687744,20.0,3.0,0.27,3636.6,2882.9,4111.2,None, None, None, None, None, None, None, None
854.591861246,H85 C47 N1 O10 P1 ,PC,38.0,4.0,0.0,PC 38:4:0,0.24,51401.7,48194.3,76410.9,283.264312744,18.0,0.0,0.2,14960.9,14607.1,21559.1,303.233022054,20.0,4.0,0.22,16974.7,15951.6,22724.5,None, None, None, None, None, None, None, None
856.608584879,H87 C47 N1 O10 P1 ,PC,38.0,3.0,0.0,PC 38:3:0,1.49,25567.7,23416.3,38684.3,255.232874552,16.0,0.0,-0.32,187.1,409.8,-1.8,333.28012085,22.0,3.0,0.65,0.0,0.0,553.0,None, None, None, None, None, None, None, None
856.608584879,H87 C47 N1 O10 P1 ,PC,38.0,3.0,0.0,PC 38:3:0,1.49,25567.7,23416.3,38684.3,279.232971191,18.0,2.0,0.06,3725.5,2176.5,3563.9,309.28008016,20.0,1.0,0.56,430.4,275.5,858.4,None, None, None, None, None, None, None, None
856.608584879,H87 C47 N1 O10 P1 ,PC,38.0,3.0,0.0,PC 38:3:0,1.49,25567.7,23416.3,38684.3,281.248636882,18.0,1.0,0.11,915.2,890.5,1569.6,307.264404297,20.0,2.0,0.48,563.7,748.2,916.6,None, None, None, None, None, None, None, None
856.608584879,H87 C47 N1 O10 P1 ,PC,38.0,3.0,0.0,PC 38:3:0,1.49,25567.7,23416.3,38684.3,283.264333089,18.0,0.0,0.27,9098.0,8678.0,11851.0,305.24872843400004,20.0,3.0,0.4,18953.3,18059.5,27946.2,None, None, None, None, None, None, None, None
858.622297444,H89 C47 N1 O10 P1 ,PC,38.0,2.0,0.0,PC 38:2:0,-0.77,6170.7,4988.1,9126.5,279.232991536,18.0,2.0,0.13,5704.6,3771.2,6779.9,311.29576110799997,20.0,0.0,0.66,375.3,0.0,402.2,None, None, None, None, None, None, None, None
858.622297444,H89 C47 N1 O10 P1 ,PC,38.0,2.0,0.0,PC 38:2:0,-0.77,6170.7,4988.1,9126.5,281.248718262,18.0,1.0,0.4,1076.8,769.9,1207.2,309.28015136700003,20.0,1.0,0.8,351.8,0.0,510.2,None, None, None, None, None, None, None, None
858.622297444,H89 C47 N1 O10 P1 ,PC,38.0,2.0,0.0,PC 38:2:0,-0.77,6170.7,4988.1,9126.5,283.264292399,18.0,0.0,0.13,1088.0,652.1,1214.2,307.264404297,20.0,2.0,0.48,2216.5,2013.8,3013.7,None, None, None, None, None, None, None, None
860.638370035,H91 C47 N1 O10 P1 ,PC,38.0,1.0,0.0,PC 38:1:0,-0.28,0.0,0.0,5710.9,283.26437377900004,18.0,0.0,0.42,429.2,0.0,0.0,309.28015136700003,20.0,1.0,0.8,354.4,310.4,325.0,None, None, None, None, None, None, None, None
880.607669352,H87 C49 N1 O10 P1 ,PC,40.0,5.0,0.0,PC 40:5:0,0.41,0.0,0.0,5715.0,281.248550415,18.0,1.0,-0.2,484.1,0.0,460.1,331.264419556,22.0,4.0,0.5,421.4,0.0,352.8,None, None, None, None, None, None, None, None
880.607669352,H87 C49 N1 O10 P1 ,PC,40.0,5.0,0.0,PC 40:5:0,0.41,0.0,0.0,5715.0,283.264322917,18.0,0.0,0.24,1597.1,1547.8,2250.6,329.248738607,22.0,5.0,0.4,1378.4,1433.7,2198.5,None, None, None, None, None, None, None, None
922.560977457,H81 C53 N1 O10 P1 ,PC,44.0,12.0,0.0,PC 44:12:0,0.67,263106.2,242176.5,372646.1,327.233093262,22.0,6.0,0.42,26730.1,26891.7,35428.6,327.233093262,22.0,6.0,0.42,26730.1,26891.7,35428.6,None, None, None, None, None, None, None, None
946.748416422,H105 C53 N1 O10 P1 ,PC,44.0,0.0,0.0,PC 44:0:0,0.27,270836.5,245964.0,408548.1,339.326833089,22.0,0.0,-0.07,484807.5,510614.2,666235.6,339.326833089,22.0,0.0,-0.07,484807.5,510614.2,666235.6,None, None, None, None, None, None, None, None
###,PCCOCO,,,,,,,,,,,,,,,,,,,,,,,,,,,,,,,
922.560977457,H81 C53 N1 O10 P1 ,PC,44.0,12.0,0.0,PC 44:12:0,0.67,263106.2,242176.5,372646.1,327.233093262,22.0,6.0,0.42,26730.1,26891.7,35428.6,327.233093262,22.0,6.0,0.42,26730.1,26891.7,35428.6,283.243204753,23290.3,20669.6,29446.9,283.243204753,23290.3,20669.6,29446.9
###,PCCO,,,,,,,,,,,,,,,,,,,,,,,,,,,,,,,
824.545372802,H79 C45 N1 O10 P1 ,PC,36.0,5.0,0.0,PC 36:5:0,0.8,5552.9,5353.0,8579.0,253.217201233,16.0,1.0,-0.41,367.8,0.0,433.6,303.233032227,20.0,4.0,0.25,12588.4,12236.3,17742.9,None, None, None, None, 259.2431132,1222.3,1519.2,1874.2
826.560916422,H81 C45 N1 O10 P1 ,PC,36.0,4.0,0.0,PC 36:4:0,0.67,177546.9,158390.1,247927.8,255.232879639,16.0,0.0,-0.3,51250.8,55921.7,70027.6,303.233042399,20.0,4.0,0.29,60976.4,61288.5,80169.8,None, None, None, None, 259.243103027,7109.6,7552.6,10388.2
852.576276936,H83 C47 N1 O10 P1 ,PC,38.0,5.0,0.0,PC 38:5:0,0.31,24286.1,22289.9,36221.7,281.248657227,18.0,1.0,0.18,4027.3,3803.7,5058.8,303.233052572,20.0,4.0,0.32,3191.8,2969.1,4307.8,None, None, None, None, 259.243164062,333.2,0.0,401.6
852.576276936,H83 C47 N1 O10 P1 ,PC,38.0,5.0,0.0,PC 38:5:0,0.31,24286.1,22289.9,36221.7,255.232874552,16.0,0.0,-0.32,5255.1,5261.6,7455.8,329.24874877900004,22.0,5.0,0.44,5284.7,4796.0,7121.7,None, None, None, None, 285.25886027,361.1,774.2,748.4
854.591861246,H85 C47 N1 O10 P1 ,PC,38.0,4.0,0.0,PC 38:4:0,0.24,51401.7,48194.3,76410.9,283.264312744,18.0,0.0,0.2,14960.9,14607.1,21559.1,303.233022054,20.0,4.0,0.22,16974.7,15951.6,22724.5,None, None, None, None, 259.243103027,2010.9,1717.3,2306.1
922.560977457,H81 C53 N1 O10 P1 ,PC,44.0,12.0,0.0,PC 44:12:0,0.67,263106.2,242176.5,372646.1,327.233093262,22.0,6.0,0.42,26730.1,26891.7,35428.6,327.233093262,22.0,6.0,0.42,26730.1,26891.7,35428.6,None, None, None, None, 283.243204753,23290.3,20669.6,29446.9
