,168[P6_MSMS_1],168[P6_MSMS_2],168[P6_MSMS_3],168[P6_MSMS_4],237.2[P6_MSMS_1],237.2[P6_MSMS_2],237.2[P6_MSMS_3],237.2[P6_MSMS_4],255.2[P6_MSMS_1],255.2[P6_MSMS_2],255.2[P6_MSMS_3],255.2[P6_MSMS_4],281.2[P6_MSMS_4],283.3[P6_MSMS_1],283.3[P6_MSMS_2],283.3[P6_MSMS_4],448.3[P6_MSMS_1],448.3[P6_MSMS_2],448.3[P6_MSMS_3],448.3[P6_MSMS_4],466.3[P6_MSMS_1],466.3[P6_MSMS_2],466.3[P6_MSMS_3],466.3[P6_MSMS_4],704.6[P6_MSMS_1],704.6[P6_MSMS_2],704.6[P6_MSMS_3],704.6[P6_MSMS_4],764.6[P6_MSMS_1],764.6[P6_MSMS_2],764.6[P6_MSMS_3],764.6[P6_MSMS_4],
2.00,177.297165,,,,,,,,,,,,,,,,,,,,,,,,318.496429,,321.878357,359.015991,725721.312500,725289.687500,728742.875000,740026.000000,
4.00,,,,,,,,,,,,,,,,,,,,,,,,,,,670.526672,360.829803,709140.562500,693964.812500,735463.562500,744413.125000,
6.00,,,,,,,,,,,,,,,,,,,,,,,,,611.220886,,,,739261.812500,708215.750000,723072.812500,754440.500000,
8.00,,,,,,,,,,,,,,,,,,,,,,,,,,,,,713748.812500,716631.250000,707317.500000,745385.000000,
10.00,,,,,,,,,,,,,,,,,,,,,,,,,271.719330,214.002838,482.699982,603.295898,726864.812500,727892.437500,725701.437500,723445.312500,
12.00,,,,,,,,,,,,,,,,,,,,,,,,,989.097168,444.750916,352.608795,609.901794,720696.750000,733431.000000,719653.000000,711355.125000,
14.00,,,,,,,,,,,,,,,,,,,,,,,,,1166.945190,433.332001,635.986206,1283.316528,695521.750000,712314.750000,718336.625000,759208.062500,
16.00,,,,,,,,,,,,,,,,,,,,,,,,,3339.326660,2868.097412,3231.712402,3420.075928,688924.562500,713592.000000,717789.812500,697683.625000,
18.00,,,,,,,,,,,,,,,,,,,,,,,,,7569.935059,10946.496094,7765.655273,6982.241699,669227.062500,727612.687500,733029.812500,705037.062500,
20.00,,,,,,,,,,,,,,,,,,,,,,,,,16259.368164,17554.962891,21658.169922,19609.710938,668341.875000,710875.812500,715396.375000,703409.812500,
22.00,,,,,,,,,,,,,,,,,,,,,,,,,46056.277344,45197.941406,49516.417969,49503.937500,670646.375000,643889.000000,696607.500000,700089.562500,
24.00,,,,,,,,,,,,,,,,,,,,,,410.245056,,,87668.281250,87017.390625,81233.195313,91673.921875,613047.125000,657660.312500,648552.500000,676695.250000,
26.00,,,,,,,,,,,,414.226349,,,,,,,,,,,,,140147.156250,143890.953125,140361.171875,147423.500000,582886.312500,601353.750000,606529.437500,608947.375000,
28.00,,,,,,,,,643.364685,684.577087,282.649994,683.973389,,,,,,,,,,207.092422,300.605316,656.722595,199613.234375,214392.078125,212223.468750,209830.125000,508671.250000,541729.562500,523546.531250,522496.812500,
30.00,,,,,,,,,1668.897217,2110.801025,1656.747314,1228.905518,,,,,,,,,,242.694962,527.617737,,292437.312500,302577.312500,302660.312500,303086.000000,446909.687500,439367.187500,441947.406250,446709.843750,
32.00,,,,,,,,,5129.131348,5493.208008,4102.244141,4769.964844,,,,,,,,,,959.071045,,439.161316,381939.937500,374990.531250,370022.625000,393860.843750,354784.031250,358950.750000,354591.187500,365161.250000,
34.00,,,,,,,,,12222.791992,10972.066406,10400.173828,10874.359375,,,,,,,,,518.699158,797.691101,668.874390,546.723511,452267.343750,450960.093750,474000.812500,465856.875000,267031.875000,258342.406250,281754.656250,268613.968750,
36.00,,,,,,,,,20532.630859,20974.955078,22924.082031,21555.835938,,225.439590,,193.939163,,,,,875.249817,1279.254395,888.948242,653.047058,503370.593750,508665.906250,530094.875000,524096.125000,177833.500000,173799.593750,187260.625000,175416.687500,
38.00,,,,,,,,,39057.261719,37336.753906,40396.390625,37585.066406,,,,,269.845886,,,,641.427795,1458.524902,1976.778198,1426.012451,559571.187500,570090.187500,548135.500000,596193.937500,109832.640625,115032.945313,112538.882813,118565.523438,
40.00,,,,,,,,,56086.796875,60486.027344,62505.218750,62970.511719,255.733170,325.014801,,,266.614624,,,343.814392,1853.966064,2048.975830,1864.809082,1729.328613,561746.250000,564093.562500,605429.875000,570474.125000,48820.972656,66681.148438,66203.789063,68409.398438,
42.00,,,,,,,,,91411.882813,95266.734375,94748.851563,96004.625000,,,,269.796692,341.759674,,367.137329,,2043.871094,2802.014648,3359.589844,3457.048340,554905.437500,566535.375000,576122.250000,562937.937500,27734.011719,29891.722656,33197.121094,29433.341797,
44.00,,,,,,,,,139981.218750,135284.406250,136417.546875,136765.281250,,,216.329788,,940.247498,363.012329,574.549683,634.465637,4718.297852,4344.957031,4008.927246,4353.999023,529379.187500,532900.687500,537306.125000,537138.437500,10800.989258,11622.845703,13485.676758,14018.212891,
46.00,,,,,,,,,182188.890625,189727.218750,180418.125000,194347.265625,,257.367493,,356.411621,1038.505737,1108.883789,1030.649658,930.171448,5937.166016,4947.635254,5215.988281,5638.894043,479489.875000,491772.750000,498195.718750,504839.000000,4676.517090,4475.302734,4065.497314,4376.212891,
48.00,,,,,,,,,235202.562500,236540.500000,250540.437500,237732.640625,265.733582,205.455292,702.199829,378.739502,845.444092,1688.583496,1757.890503,895.982117,8052.551758,9294.714844,8191.831543,8403.907227,434932.500000,430204.843750,462482.656250,446388.656250,1757.233521,2889.114502,1785.675049,2423.713867,
50.00,,,,,,,,,295597.625000,280304.375000,301531.593750,279529.125000,702.895325,257.136719,,,1750.865356,2466.266357,2054.898193,1818.645020,13306.804688,10556.185547,11552.321289,9988.026367,365853.218750,354334.437500,375209.718750,359731.906250,1241.203735,939.835938,753.753296,972.520874,
52.00,,450.928131,480.859741,,,,,,351659.187500,346705.218750,350078.562500,349332.406250,820.865784,,371.829529,360.537537,2306.304932,2428.738525,2609.530518,3705.622803,12276.115234,15157.138672,14557.300781,14483.324219,294023.937500,298014.187500,296348.625000,295184.031250,331.142883,233.293549,196.967529,319.452362,
54.00,,,334.976410,760.866516,,,,,375035.843750,417345.250000,421234.156250,394143.531250,567.041138,365.358856,,202.147430,3071.429932,3987.519531,4300.430176,4606.581055,15132.626953,17289.460938,19286.093750,17235.501953,219383.718750,254238.046875,261261.203125,236907.515625,,,,,
56.00,490.661102,,472.863861,621.609619,,,,,448934.500000,475479.031250,466995.187500,448882.031250,275.349243,264.838562,369.339874,260.590271,4379.301270,5183.476074,4385.129883,3925.440186,18647.060547,25614.828125,21871.369141,22778.197266,180277.406250,200933.562500,192239.640625,187471.156250,219.569382,,,206.710800,
58.00,315.729279,,598.435547,837.326172,,,,,496064.968750,495816.000000,493691.218750,501132.218750,496.557587,259.610535,544.763367,328.579987,5637.868164,5786.939453,6488.568359,6309.438965,20540.916016,23212.552734,22195.468750,24076.697266,132189.484375,132227.437500,125200.257813,130020.578125,,,,,
60.00,562.329712,224.145325,658.943237,685.021301,,,,,503227.000000,510828.812500,555965.500000,503985.281250,380.806854,435.368073,325.950378,,7809.668945,6208.306152,6958.674316,6583.481445,24528.439453,26604.449219,23834.982422,24042.222656,86370.507813,93718.460938,93407.265625,83680.078125,,,,,
62.00,655.440613,723.102600,1114.274780,823.602600,,,,,549136.437500,550534.312500,554722.125000,546355.312500,739.787415,360.442993,397.024597,563.376892,8530.574219,8110.907227,7239.663574,8335.870117,27725.367188,28455.984375,29372.169922,30098.273438,58536.660156,61984.984375,60301.351563,65327.429688,,,,,
64.00,940.535095,1024.421387,581.297607,1265.492188,,,,,547128.125000,571251.062500,566679.750000,542142.062500,,651.900330,486.386841,446.066589,8782.453125,12988.272461,9763.524414,8827.735352,25625.119141,32355.312500,27706.083984,24729.431641,29625.029297,38081.304688,34674.902344,34461.332031,,,,,
66.00,1433.825195,804.099243,728.505615,986.491272,,,,,538399.375000,584310.437500,565954.062500,557161.562500,,285.022491,354.984100,284.242462,9035.412109,9148.969727,10855.906250,9734.250977,24893.093750,25159.023438,29383.556641,24617.085938,16971.816406,19478.904297,20167.515625,14682.278320,,,,,
68.00,957.470215,1116.770508,1695.572021,1481.301270,,,,,571352.625000,547398.250000,593215.562500,578660.500000,,240.690674,326.572571,549.718384,12570.685547,8908.848633,10703.049805,11665.202148,29793.617188,24048.947266,28762.320313,28772.242188,8342.965820,8466.897461,9323.625977,8602.154297,,,,,
70.00,1659.556396,884.238281,1278.836060,1315.702637,,,,,551740.125000,566438.937500,575230.125000,584190.000000,,,582.893799,356.368896,11236.591797,10420.515625,9997.182617,12587.982422,28218.503906,26503.941406,32022.707031,33448.898438,3509.723389,4200.647949,4308.323242,5447.446289,,,,,
72.00,1214.505127,2197.595215,2058.365967,1211.121338,,,,,545317.250000,572745.125000,580544.187500,563888.062500,222.978729,234.026978,363.551636,305.858765,10967.540039,9135.525391,12612.163086,10846.307617,27925.439453,25303.279297,28429.990234,28530.156250,1821.790771,2592.571777,3192.094971,1899.106934,,,,,
74.00,1374.462646,2129.742432,2526.495605,2616.560791,,,,,539069.687500,563428.875000,545996.312500,529827.187500,,344.782898,,338.649384,11036.420898,11892.136719,9631.502930,9341.341797,23590.402344,25055.136719,26395.134766,25997.693359,930.662170,1529.361816,1064.334351,1129.393188,,,,,
76.00,1991.595093,1807.684082,2728.962646,1995.590942,,,,185.059906,531671.812500,519885.968750,570913.937500,537409.500000,318.671753,353.707733,,420.401642,12145.543945,8824.461914,12751.898438,11679.920898,25553.523438,25904.271484,27355.925781,27253.054688,542.372253,531.747253,765.544373,526.790771,,,,,
78.00,2492.517334,2760.360840,2415.253418,2962.696289,171.344864,,,,505231.468750,530519.625000,549497.500000,513060.625000,634.758057,214.419235,,,9919.761719,9719.651367,8371.499023,9954.271484,24920.486328,24538.265625,26623.335938,20895.103516,398.806305,372.100311,290.928589,221.226242,,,,,
80.00,5220.463867,2045.140137,4222.661133,4012.799805,,,,,510894.406250,512315.406250,517408.718750,516952.656250,464.403992,491.907776,442.249603,207.991592,8009.841797,9663.880859,7665.121094,7596.039063,22830.058594,22823.517578,23328.611328,24081.353516,,423.526978,,,,,,,
82.00,2197.092773,3801.571045,3944.842285,4523.536621,,,292.194153,,474884.500000,489979.187500,503290.531250,500764.250000,405.764069,,538.614014,,8452.908203,7899.305664,10096.297852,8469.253906,19886.500000,21944.421875,21822.916016,18743.748047,,,,,,,,,
84.00,5751.452148,4354.519531,4190.844727,3687.444092,,401.738098,,,486549.968750,485653.562500,467225.906250,450569.000000,,288.839142,,561.190308,9314.863281,6954.429199,5729.286133,9877.553711,23373.169922,17340.863281,18785.214844,19552.117188,,,,,,,,,
86.00,4599.997070,5113.247070,5012.448242,5451.395996,,,432.031281,,452789.187500,455968.750000,452649.562500,447577.968750,,420.685211,387.468079,273.952484,7574.843262,7753.476563,7864.341797,6917.092773,15369.571289,16400.359375,17026.599609,16965.445313,,,,,,,,,
88.00,6753.359863,6299.177734,5442.257813,6686.930664,314.047638,,492.022430,386.385956,415475.718750,435165.656250,421924.656250,437212.500000,,292.756226,662.812378,520.257019,6690.193848,5361.994629,7792.037109,6063.639648,16022.446289,12501.182617,13793.337891,12539.245117,,,,,,,,,
90.00,6044.287598,6390.362305,5275.384277,6334.681152,430.720428,,495.325195,460.647095,387419.281250,415925.093750,419182.468750,406587.406250,,673.368042,358.424530,,4703.564941,5676.408691,5862.090332,4668.343750,14115.296875,10150.582031,13830.221680,12018.624023,,,,,,,,,
92.00,6656.040527,7066.399414,7821.568848,8090.758789,489.563354,346.095062,,503.996887,368754.843750,373909.281250,370939.031250,377008.000000,,212.986603,,380.245911,3985.481201,3823.548096,3814.340820,4396.369629,10156.243164,9943.081055,8750.216797,12799.216797,,,,,,,,,
94.00,8129.321777,7305.163574,8262.658203,7988.129883,361.827515,472.514465,745.287109,328.413086,352599.437500,350783.375000,355112.875000,367443.906250,,325.466797,,240.771423,4732.982422,3612.816650,3077.435303,4691.690430,9244.486328,7004.725586,7036.617188,10191.337891,,,,,,,,,
96.00,7571.321289,7648.888184,8350.482422,7935.312988,504.668335,497.640991,724.543701,401.224060,319760.968750,340169.906250,335138.218750,332310.750000,,,,,3302.185303,2040.340820,2647.269287,2507.085938,6317.275391,5308.043945,7051.082031,7172.420410,,,,,,,,,
98.00,8291.806641,8146.843262,9625.319336,6784.866699,672.987244,639.976440,448.654938,387.393158,293428.687500,288793.875000,295466.218750,286045.625000,179.815491,,,,2773.943359,3379.764404,2489.311768,3611.584229,6137.238281,5363.682617,6251.983887,5755.812988,,,,,,,,,
100.00,7966.344238,6347.484375,7938.859375,8243.632813,579.400940,775.202332,788.580994,545.876526,272867.468750,264412.812500,268566.562500,255075.328125,553.420654,,359.916962,,1978.239258,1801.052490,2169.500244,1784.813477,4973.922363,3653.323242,4065.333496,4673.018066,,,,,,,,,
102.00,8492.129883,7264.880371,8620.974609,6837.443848,556.286621,390.664368,754.996338,1021.051147,248722.828125,240314.359375,243314.859375,235754.859375,,268.486908,356.491516,,2091.701904,949.273071,1733.028809,1608.174927,4431.284180,3825.861084,3058.066406,3032.660400,,,,,,,,,
104.00,6139.055176,6879.676270,7635.395508,7170.035156,673.421936,375.857513,507.242096,735.906189,211103.671875,229659.656250,224941.468750,214410.093750,622.182617,,,,1489.981201,1533.939819,1594.210449,842.272339,1727.441162,4103.717285,2355.330811,1316.291992,,,,,,,,,
106.00,7419.243652,7048.899902,7402.636230,6466.328613,420.286377,801.768311,420.893890,698.199219,190329.859375,201991.109375,198775.843750,193511.359375,230.000427,,,,502.307861,1001.545227,1112.917114,1564.013184,1638.834229,2412.973877,1602.067871,2433.847656,,,,,,,,,
108.00,6813.323730,7042.106934,6930.177734,6348.236816,687.263062,499.223785,676.490051,701.305115,170020.921875,170298.421875,174229.187500,161996.890625,419.732147,,,,598.786804,480.300018,940.821472,1129.256958,1519.624756,1682.696045,1687.509888,1422.552124,,,,,,,,,
110.00,6885.395996,7180.335938,7116.656738,7213.387207,1145.500366,757.397095,754.797607,676.450806,147274.281250,155215.703125,147539.109375,148736.953125,245.532166,,,,455.947968,637.750916,471.702271,290.725677,1523.322021,1243.632568,1604.354858,728.591675,,,,,,,,,
112.00,5354.226563,5778.761719,5114.765137,7364.743652,892.403137,686.957642,524.209412,706.391479,138132.859375,136041.671875,134051.906250,136734.562500,,335.860931,,,710.217346,580.149475,317.589325,375.516388,1005.416992,1480.295776,815.529785,740.356934,,,,,,,,,
114.00,5809.388184,5677.008789,7146.556152,6646.547852,917.655884,376.047821,965.073120,718.365662,116706.976563,117704.250000,123740.796875,111896.578125,,,,,439.389130,229.858780,410.547943,285.311646,800.279236,553.225525,549.278442,908.604614,,,,,,,,,
116.00,5388.055664,6158.499023,4476.103027,4397.242188,783.267273,725.783691,992.612305,524.011414,101130.953125,107170.250000,102381.773438,93661.460938,,,,,581.647644,,,,724.898682,,509.762329,834.977417,,,,,,,,,
118.00,3604.303223,4459.350098,4681.783691,4348.332520,761.422852,905.956726,479.579956,494.529694,90921.695313,86268.335938,88892.382813,87649.414063,,,,,,,,302.654999,491.218811,315.509827,704.634888,391.027557,,,,,,,,,
120.00,4071.724609,4491.002930,4330.363770,4449.130859,721.032104,339.525909,581.352844,817.630493,73565.250000,71785.945313,75059.914063,78895.867188,,,,,,,,,,492.963745,294.324005,351.082062,,,,,,,,,
122.00,4150.511719,4054.021729,3167.856201,4507.223633,710.382996,995.323425,410.436066,457.918488,58959.410156,63212.945313,63767.343750,62564.386719,,,,,286.396973,,,,,,,,,,,,,,,,
124.00,3740.774902,2845.016113,3388.500732,2475.212402,596.297974,1033.895142,605.087158,395.368530,47906.085938,50485.054688,49629.410156,49183.398438,,,,,,,,272.521301,,,,,,,,,,,,,
126.00,2577.137207,2211.407959,2871.078369,2166.474609,587.703674,828.972656,680.870544,488.596008,39396.128906,48171.546875,44388.660156,44261.511719,,,,,,,,,,,,,,,,,,,,,
128.00,1970.651855,2876.905029,2046.095093,1794.651733,834.849731,413.253510,642.487671,543.370605,37933.652344,34011.015625,35942.902344,38379.679688,,,,,,,,,,,,,,,,,,,,,
130.00,,,,,,,,,,,,,,,,,,,,,,,,,,,,,,,,,
35.00,,,,,,,,,16542.166016,17692.681641,17908.250000,17997.251953,299.312378,,,242.656357,,,,297.586060,1578.255005,1679.669434,1578.184814,1226.079102,501616.718750,510052.562500,519919.937500,523428.125000,225989.687500,228807.750000,240474.015625,242835.984375,
