Species	PRI_20180509_PC_heart_01.mzXML	PRI_20180509_PC_heart_02.mzXML	PRI_20180509_PC_heart_03.mzXML	PRI_Group-1	Mspecies	FAI.FC_20180509_PC_heart_01.mzXML	FAI.FC_20180509_PC_heart_02.mzXML	FAI.FC_20180509_PC_heart_03.mzXML	FAI.FC_Group-1
PC 32:0:0	2.12943	2.1645503	2.541821	[2.12943..2.541821]	Sum	[3.3572536..3.3572536]	[3.7136834..3.7136834]	[3.5560327..3.5560327]	[3.3572536..3.7136834]	
					PC 16:0/16:0	[3.3572536..3.3572536]	[3.7136834..3.7136834]	[3.5560327..3.5560327]	[3.3572536..3.7136834]	
PC 32:1:0	5.250261	9.049179	0.0	[0.0..9.049179]	Sum	[2.1770053..2.1770053]	[2.2542155..2.2542155]	[2.2200456..2.2200456]	[2.1770053..2.2542155]	
					PC 14:0-18:1	[0.4295182..0.4295182]	[0.3836704..0.3836704]	[0.42513677..0.42513677]	[0.3836704..0.4295182]	
					PC 16:0-16:1	[1.7474871..1.7474871]	[1.8705449..1.8705449]	[1.7949088..1.7949088]	[1.7474871..1.8705449]	
PC 32:2:0	0.0	0.48086995	0.39154825	[0.0..0.48086995]	Sum	[3.333452..3.333452]	[3.2272165..3.2272165]	[3.213767..3.213767]	[3.213767..3.333452]	
					PC 14:0-18:2	[3.2662127..3.2662127]	[3.173077..3.173077]	[3.1520023..3.1520023]	[3.1520023..3.2662127]	
					PC 16:1/16:1	[0.067239076..0.067239076]	[0.054139245..0.054139245]	[0.061764557..0.061764557]	[0.054139245..0.067239076]	
PC 34:1:0	27.242067	28.602154	30.701778	[27.242067..30.701778]	Sum	[41.1476..41.1476]	[41.81453..41.81453]	[42.568943..42.568943]	[41.1476..42.568943]	
					PC 16:1-18:0	[0.36188683..0.36188683]	[0.20163767..0.20163767]	[0.3474466..0.3474466]	[0.20163767..0.36188683]	
					PC 16:0-18:1	[40.78571..40.78571]	[41.612892..41.612892]	[42.221497..42.221497]	[40.78571..42.221497]	
PC 34:2:0	116.619255	119.02649	123.64063	[116.619255..123.64063]	Sum	[133.82288..133.82288]	[142.04723..142.04723]	[141.74281..141.74281]	[133.82288..142.04723]	
					PC 16:0-18:2	[133.82288..133.82288]	[142.04723..142.04723]	[141.74281..141.74281]	[133.82288..142.04723]	
PC 34:3:0	2.4253361	2.5777378	2.7419798	[2.4253361..2.7419798]	Sum	[18.924702..18.924702]	[21.963135..21.963135]	[20.107317..20.107317]	[18.924702..21.963135]	
					PC 16:1-18:2	[17.539486..17.539486]	[20.42686..20.42686]	[18.723211..18.723211]	[17.539486..20.42686]	
					PC 16:0-18:3 (0z-9z)	[1.3852172..1.3852172]	[1.5362742..1.5362742]	[1.3841052..1.3841052]	[1.3841052..1.5362742]	
PC 36:1:0	7.6631775	7.856454	8.338955	[7.6631775..8.338955]	Sum	[9.06075..9.06075]	[10.004519..10.004519]	[10.974781..10.974781]	[9.06075..10.974781]	
					PC 16:0-20:1	[0.27916914..0.27916914]	[0.291547..0.291547]	[0.3002434..0.3002434]	[0.27916914..0.3002434]	
					PC 18:0-18:1	[8.781582..8.781582]	[9.712973..9.712973]	[10.674538..10.674538]	[8.781582..10.674538]	
PC 36:2:0	34.08371	34.951675	37.044712	[34.08371..37.044712]	Sum	[42.257294..42.257294]	[43.949574..43.949574]	[46.98923..46.98923]	[42.257294..46.98923]	
					PC 16:0-20:2	[0.892293..0.892293]	[0.97946006..0.97946006]	[1.0072762..1.0072762]	[0.892293..1.0072762]	
					PC 18:0-18:2	[37.541393..37.541393]	[38.997368..38.997368]	[41.677..41.677]	[37.541393..41.677]	
					PC 18:1/18:1	[3.8236094..3.8236094]	[3.9727466..3.9727466]	[4.3049617..4.3049617]	[3.8236094..4.3049617]	
PC 36:3:0	13.451126	13.708024	14.457192	[13.451126..14.457192]	Sum	[17.39555..17.39555]	[16.9107..16.9107]	[18.355381..18.355381]	[16.9107..18.355381]	
					PC 16:0-20:3 (0z-11z)	[7.409317..7.409317]	[7.355835..7.355835]	[8.140996..8.140996]	[7.355835..8.140996]	
					PC 18:0-18:3 (0z-9z)	[0.438415..0.438415]	[0.40294954..0.40294954]	[0.3977574..0.3977574]	[0.3977574..0.438415]	
					PC 18:1-18:2	[9.547817..9.547817]	[9.151915..9.151915]	[9.816628..9.816628]	[9.151915..9.816628]	
PC 36:4:0	16.443565	16.641184	17.47726	[16.443565..17.47726]	Sum	[12.356116..12.356116]	[14.441231..14.441231]	[13.207331..13.207331]	[12.356116..14.441231]	
					PC 16:0-20:4 (0z-8z)	[9.022171..9.022171]	[10.6994095..10.6994095]	[9.678355..9.678355]	[9.022171..10.6994095]	
					PC 18:1-18:3 (0z-9z)	[0.09071435..0.09071435]	[0.074040405..0.074040405]	[0.06082907..0.06082907]	[0.06082907..0.09071435]	
					PC 18:2/18:2	[3.243231..3.243231]	[3.6677794..3.6677794]	[3.4681463..3.4681463]	[3.243231..3.6677794]	
PC 36:5:0	0.51428366	0.56241053	0.60476243	[0.51428366..0.60476243]	Sum	[1.3522428..1.3522428]	[1.3968947..1.3968947]	[1.4426692..1.4426692]	[1.3522428..1.4426692]	
					PC 16:1-20:4 (0z-8z)	[1.0437537..1.0437537]	[1.1193141..1.1193141]	[1.1736995..1.1736995]	[1.0437537..1.1736995]	
					PC 16:0-20:5	[0.30848908..0.30848908]	[0.27758053..0.27758053]	[0.26896968..0.26896968]	[0.26896968..0.30848908]	
PC 38:1:0	0.0	0.0	0.40258047	[0.0..0.40258047]	Sum	[0.06084828..0.06084828]	[0.027368883..0.027368883]	[0.02022849..0.02022849]	[0.02022849..0.06084828]	
					PC 18:0-20:1	[0.06084828..0.06084828]	[0.027368883..0.027368883]	[0.02022849..0.02022849]	[0.02022849..0.06084828]	
PC 38:2:0	0.57150143	0.5240725	0.6433576	[0.5240725..0.6433576]	Sum	[0.7301906..0.7301906]	[0.5687238..0.5687238]	[0.7116093..0.7116093]	[0.5687238..0.7301906]	
					PC 18:2-20:0	[0.47307083..0.47307083]	[0.33318904..0.33318904]	[0.44792715..0.44792715]	[0.33318904..0.47307083]	
					PC 18:0-20:2	[0.25711977..0.25711977]	[0.23553477..0.23553477]	[0.2636821..0.2636821]	[0.23553477..0.2636821]	
PC 38:3:0	2.367961	2.4602232	2.726986	[2.367961..2.726986]	Sum	[2.640946..2.640946]	[2.7654634..2.7654634]	[2.9532125..2.9532125]	[2.640946..2.9532125]	
					PC 16:0-22:3	[0.014587373..0.014587373]	[0.036279112..0.036279112]	[0.034445994..0.034445994]	[0.014587373..0.036279112]	
					PC 18:2-20:1	[0.32401744..0.32401744]	[0.21707268..0.21707268]	[0.27636158..0.27636158]	[0.21707268..0.32401744]	
					PC 18:1-20:2	[0.1153034..0.1153034]	[0.14507219..0.14507219]	[0.15536943..0.15536943]	[0.1153034..0.15536943]	
					PC 18:0-20:3 (0z-11z)	[2.1870377..2.1870377]	[2.3670394..2.3670394]	[2.4870355..2.4870355]	[2.1870377..2.4870355]	
PC 38:4:0	4.7605853	5.063513	5.3864603	[4.7605853..5.3864603]	Sum	[3.702723..3.702723]	[3.847557..3.847557]	[4.033959..4.033959]	[3.702723..4.033959]	
					PC 16:0-22:4 (0z-10z)	[0.7709566..0.7709566]	[0.7634775..0.7634775]	[0.864249..0.864249]	[0.7634775..0.864249]	
					PC 18:1-20:3 (0z-11z)	[0.43683687..0.43683687]	[0.3732671..0.3732671]	[0.3966944..0.3966944]	[0.3732671..0.43683687]	
					PC 18:0-20:4 (0z-8z)	[2.4949296..2.4949296]	[2.7108126..2.7108126]	[2.7730157..2.7730157]	[2.4949296..2.7730157]	
PC 38:5:0	2.2492652	2.3418784	2.5533888	[2.2492652..2.5533888]	Sum	[1.6349783..1.6349783]	[1.6829667..1.6829667]	[1.7430253..1.7430253]	[1.6349783..1.7430253]	
					PC 16:0-22:5 (0z-7z)	[0.8250747..0.8250747]	[0.89399827..0.89399827]	[0.91468203..0.91468203]	[0.8250747..0.91468203]	
					PC 18:2-20:3 (0z-11z)	[0.2447794..0.2447794]	[0.1869489..0.1869489]	[0.24062522..0.24062522]	[0.1869489..0.2447794]	
					PC 18:1-20:4 (0z-8z)	[0.5651243..0.5651243]	[0.6020195..0.6020195]	[0.58771807..0.58771807]	[0.5651243..0.6020195]	
PC 38:6:0	0.76428026	0.63812006	0.80516094	[0.63812006..0.80516094]	Sum	[0.841597..0.841597]	[0.76136154..0.76136154]	[0.84311545..0.84311545]	[0.76136154..0.84311545]	
					PC 18:2-20:4 (0z-8z)	[0.841597..0.841597]	[0.76136154..0.76136154]	[0.84311545..0.84311545]	[0.76136154..0.84311545]	
PC 40:5:0	0.0	0.0	0.4028695	[0.0..0.4028695]	Sum	[0.22655015..0.22655015]	[0.25776306..0.25776306]	[0.2715206..0.2715206]	[0.22655015..0.2715206]	
					PC 18:0-22:5 (0z-7z)	[0.22655015..0.22655015]	[0.25776306..0.25776306]	[0.2715206..0.2715206]	[0.22655015..0.2715206]	
