CE,FA_C,FA_DB,FA_iso,sn_y,norm_Intensity,sn_x
19,22,5,4,1,1.988548499,0
20,22,5,4,1,2.6619384,0
21,22,5,4,1,3.361832401,0
22,22,5,4,1,4.1032653,0
23,22,5,4,1,4.8549967,0
24,22,5,4,1,5.548164998,0
25,22,5,4,1,6.112908002,0
26,22,5,4,1,6.4945736,0
27,22,5,4,1,6.670653001,0
28,22,5,4,1,6.633263,0
29,22,5,4,1,6.416619299,0
30,22,5,4,1,6.065443,0
31,22,5,4,1,5.622796002,0
32,22,5,4,1,5.121225401,0
33,22,5,4,1,4.589176701,0
34,22,5,4,1,4.055088,0
35,22,5,4,1,3.547318699,0
36,22,5,4,1,3.084607101,0
37,22,5,4,1,2.666873999,0
38,22,5,4,1,2.291858201,0
39,22,5,4,1,1.9572928,0
40,22,5,4,1,1.6573629,0
41,22,5,4,1,1.3768258,0
42,22,5,4,1,1.0843654,0
43,22,5,4,1,0.8569767,0
44,22,5,4,1,0.6772708,0
45,22,5,4,1,0.5352488,0
19,22,6,4,1,3.033711,0
20,22,6,4,1,3.965250999,0
21,22,6,4,1,4.967824001,0
22,22,6,4,1,6.0112543,0
23,22,6,4,1,6.973742999,0
24,22,6,4,1,7.727124998,0
25,22,6,4,1,8.189249002,0
26,22,6,4,1,8.352199,0
27,22,6,4,1,8.226076001,0
28,22,6,4,1,7.866024997,0
29,22,6,4,1,7.338313,0
30,22,6,4,1,6.700952,0
31,22,6,4,1,5.998420699,0
32,22,6,4,1,5.273941999,0
33,22,6,4,1,4.570739,0
34,22,6,4,1,3.923891799,0
35,22,6,4,1,3.339026201,0
36,22,6,4,1,2.815107601,0
37,22,6,4,1,2.350904,0
38,22,6,4,1,1.9343894,0
39,22,6,4,1,1.5450215,0
40,22,6,4,1,1.2341692,0
41,22,6,4,1,0.98585916,0
42,22,6,4,1,0.78750813,0
43,22,6,4,1,0.62906456,0
44,22,6,4,1,0.5024992,0
45,22,6,4,1,0.40139833,0
19,20,3,5,1,0.042115875,0
20,20,3,5,1,0.07084363,0
21,20,3,5,1,0.119166955,0
22,20,3,5,1,0.20045221,0
23,20,3,5,1,0.26305777,0
24,20,3,5,1,0.32822683,0
25,20,3,5,1,0.39372838,0
26,20,3,5,1,0.45980102,0
27,20,3,5,1,0.5266833,0
28,20,3,5,1,0.5944457,0
29,20,3,5,1,0.662603,0
30,20,3,5,1,0.7305549,0
31,20,3,5,1,0.7977011,0
32,20,3,5,1,0.8634325,0
33,20,3,5,1,0.9214247,0
34,20,3,5,1,0.949857,0
35,20,3,5,1,0.9307531,0
36,20,3,5,1,0.8718772,0
37,20,3,5,1,0.78734434,0
38,20,3,5,1,0.69068855,0
39,20,3,5,1,0.595167,0
40,20,3,5,1,0.51402867,0
41,20,3,5,1,0.4552411,0
42,20,3,5,1,0.4119018,0
43,20,3,5,1,0.37451026,0
44,20,3,5,1,0.33356604,0
45,20,3,5,1,0.2795714,0
19,20,4,5,1,0.43220507,0
20,20,4,5,1,0.623710173,0
21,20,4,5,1,0.83599767,0
22,20,4,5,1,1.101076333,0
23,20,4,5,1,1.374663567,0
24,20,4,5,1,1.661170034,0
25,20,4,5,1,1.951389833,0
26,20,4,5,1,2.222948866,0
27,20,4,5,1,2.452557334,0
28,20,4,5,1,2.622055933,0
29,20,4,5,1,2.727104133,0
30,20,4,5,1,2.768095333,0
31,20,4,5,1,2.746518,0
32,20,4,5,1,2.6687348,0
33,20,4,5,1,2.545617733,0
34,20,4,5,1,2.388349233,0
35,20,4,5,1,2.205831433,0
36,20,4,5,1,2.006877734,0
37,20,4,5,1,1.800357533,0
38,20,4,5,1,1.595140766,0
39,20,4,5,1,1.3995779,0
40,20,4,5,1,1.217114333,0
41,20,4,5,1,1.048201887,0
42,20,4,5,1,0.893216347,0
43,20,4,5,1,0.752311523,0
44,20,4,5,1,0.622062287,0
45,20,4,5,1,0.506457187,0
19,20,5,5,1,1.3467687,0
20,20,5,5,1,1.841043099,0
21,20,5,5,1,2.372232,0
22,20,5,5,1,2.971280001,0
23,20,5,5,1,3.6216035,0
24,20,5,5,1,4.226354599,0
25,20,5,5,1,4.681909001,0
26,20,5,5,1,4.942247999,0
27,20,5,5,1,5.050634,0
28,20,5,5,1,5.058007201,0
29,20,5,5,1,5.003892999,0
30,20,5,5,1,4.882224002,0
31,20,5,5,1,4.675556699,0
32,20,5,5,1,4.368057001,0
33,20,5,5,1,3.972755201,0
34,20,5,5,1,3.527601201,0
35,20,5,5,1,3.0713642,0
36,20,5,5,1,2.642531401,0
37,20,5,5,1,2.263216299,0
38,20,5,5,1,1.930422301,0
39,20,5,5,1,1.6390246,0
40,20,5,5,1,1.3836249,0
41,20,5,5,1,1.1535859,0
42,20,5,5,1,0.91006607,0
43,20,5,5,1,0.72110385,0
44,20,5,5,1,0.5713769,0
45,20,5,5,1,0.45273867,0
20,18,3,6,1,0.02697953,0
21,18,3,6,1,0.052108254,0
22,18,3,6,1,0.10064186,0
23,18,3,6,1,0.17436431,0
24,18,3,6,1,0.23490036,0
25,18,3,6,1,0.29695982,0
26,18,3,6,1,0.36192203,0
27,18,3,6,1,0.43040037,0
28,18,3,6,1,0.49865842,0
29,18,3,6,1,0.5614261,0
30,18,3,6,1,0.613438,0
31,18,3,6,1,0.6511192,0
32,18,3,6,1,0.6748689,0
33,18,3,6,1,0.685657,0
34,18,3,6,1,0.6844534,0
35,18,3,6,1,0.6722279,0
36,18,3,6,1,0.6499014,0
37,18,3,6,1,0.6181996,0
38,18,3,6,1,0.57788277,0
39,18,3,6,1,0.53074026,0
40,18,3,6,1,0.47925487,0
41,18,3,6,1,0.42592242,0
42,18,3,6,1,0.37323874,0
43,18,3,6,1,0.32336882,0
44,18,3,6,1,0.27685398,0
45,18,3,6,1,0.23373838,0
19,24,6,6,1,0.8532056,0
20,24,6,6,1,1.246824,0
21,24,6,6,1,1.6819141,0
22,24,6,6,1,2.1376772,0
23,24,6,6,1,2.6282783,0
24,24,6,6,1,3.1368866,0
25,24,6,6,1,3.611196299,0
26,24,6,6,1,3.997013601,0
27,24,6,6,1,4.2533984,0
28,24,6,6,1,4.369788999,0
29,24,6,6,1,4.344624499,0
30,24,6,6,1,4.195366001,0
31,24,6,6,1,3.944222,0
32,24,6,6,1,3.61405,0
33,24,6,6,1,3.230617001,0
34,24,6,6,1,2.8205047,0
35,24,6,6,1,2.410294799,0
36,24,6,6,1,2.024056199,0
37,24,6,6,1,1.6752789,0
38,24,6,6,1,1.3746703,0
39,24,6,6,1,1.1299163,0
40,24,6,6,1,0.923275,0
41,24,6,6,1,0.7291898,0
42,24,6,6,1,0.5716615,0
43,24,6,6,1,0.44816434,0
44,24,6,6,1,0.35134652,0
45,24,6,6,1,0.27544442,0
19,16,3,7,1,0.017756624,0
20,16,3,7,1,0.026443949,0
21,16,3,7,1,0.039381497,0
22,16,3,7,1,0.05864867,0
23,16,3,7,1,0.08734219,0
24,16,3,7,1,0.12630984,0
25,16,3,7,1,0.17285983,0
26,16,3,7,1,0.21683742,0
27,16,3,7,1,0.2559324,0
28,16,3,7,1,0.28812936,0
29,16,3,7,1,0.3144026,0
30,16,3,7,1,0.3374657,0
31,16,3,7,1,0.36005372,0
32,16,3,7,1,0.3849018,0
33,16,3,7,1,0.41474506,0
34,16,3,7,1,0.451899,0
35,16,3,7,1,0.48391896,0
36,16,3,7,1,0.4873595,0
37,16,3,7,1,0.4668649,0
38,16,3,7,1,0.43437535,0
39,16,3,7,1,0.39973992,0
40,16,3,7,1,0.36524323,0
41,16,3,7,1,0.33145976,0
42,16,3,7,1,0.298964,0
43,16,3,7,1,0.26833043,0
44,16,3,7,1,0.23993315,0
45,16,3,7,1,0.21314462,0
19,22,4,7,1,0.10472697,0
20,22,4,7,1,0.16797836,0
21,22,4,7,1,0.26943135,0
22,22,4,7,1,0.3809207,0
23,22,4,7,1,0.5039678,0
24,22,4,7,1,0.627416,0
25,22,4,7,1,0.75156796,0
26,22,4,7,1,0.87587804,0
27,22,4,7,1,0.9965228,0
28,22,4,7,1,1.1088872,0
29,22,4,7,1,1.2083564,0
30,22,4,7,1,1.2898797,0
31,22,4,7,1,1.3450404,0
32,22,4,7,1,1.3638532,0
33,22,4,7,1,1.3404061,0
34,22,4,7,1,1.2850895,0
35,22,4,7,1,1.2123444,0
36,22,4,7,1,1.13265,0
37,22,4,7,1,1.0476071,0
38,22,4,7,1,0.9576091,0
39,22,4,7,1,0.8630496,0
40,22,4,7,1,0.7643221,0
41,22,4,7,1,0.6624127,0
42,22,4,7,1,0.56194305,0
43,22,4,7,1,0.4689124,0
44,22,4,7,1,0.38927582,0
45,22,4,7,1,0.32430962,0
19,18,4,8,1,0.2831494,0
20,18,4,8,1,0.4089816,0
21,18,4,8,1,0.5840942,0
22,18,4,8,1,0.7890968,0
23,18,4,8,1,0.99652916,0
24,18,4,8,1,1.2083228,0
25,18,4,8,1,1.4224018,0
26,18,4,8,1,1.6268904,0
27,18,4,8,1,1.8084424,0
28,18,4,8,1,1.953764,0
29,18,4,8,1,2.0548344,0
30,18,4,8,1,2.1133173,0
31,18,4,8,1,2.131915301,0
32,18,4,8,1,2.113422199,0
33,18,4,8,1,2.0609965,0
34,18,4,8,1,1.9778885,0
35,18,4,8,1,1.8673922,0
36,18,4,8,1,1.7342106,0
37,18,4,8,1,1.5847102,0
38,18,4,8,1,1.4253535,0
39,18,4,8,1,1.2626029,0
40,18,4,8,1,1.102882,0
41,18,4,8,1,0.9514134,0
42,18,4,8,1,0.8120206,0
43,18,4,8,1,0.6884479,0
44,18,4,8,1,0.58408207,0
45,18,4,8,1,0.49588275,0
19,20,4,8,1,0.031727728,0
20,20,4,8,1,0.056736805,0
21,20,4,8,1,0.10145904,0
22,20,4,8,1,0.18143316,0
23,20,4,8,1,0.29954556,0
24,20,4,8,1,0.42048386,0
25,20,4,8,1,0.53294355,0
26,20,4,8,1,0.6319768,0
27,20,4,8,1,0.71776694,0
28,20,4,8,1,0.7921644,0
29,20,4,8,1,0.85702014,0
30,20,4,8,1,0.914038,0
31,20,4,8,1,0.9612655,0
32,20,4,8,1,0.99294084,0
33,20,4,8,1,1.0031242,0
34,20,4,8,1,0.985876,0
35,20,4,8,1,0.939398,0
36,20,4,8,1,0.8784215,0
37,20,4,8,1,0.8169194,0
38,20,4,8,1,0.7560643,0
39,20,4,8,1,0.69495857,0
40,20,4,8,1,0.6327047,0
41,20,4,8,1,0.568405,0
42,20,4,8,1,0.5012657,0
43,20,4,8,1,0.43201545,0
44,20,4,8,1,0.36253878,0
45,20,4,8,1,0.29474896,0
19,24,5,9,1,0.08224805,0
20,24,5,9,1,0.12358687,0
21,24,5,9,1,0.18570305,0
22,24,5,9,1,0.27903956,0
23,24,5,9,1,0.34809783,0
24,24,5,9,1,0.44575626,0
25,24,5,9,1,0.5474116,0
26,24,5,9,1,0.6541536,0
27,24,5,9,1,0.76052177,0
28,24,5,9,1,0.85832036,0
29,24,5,9,1,0.93935114,0
30,24,5,9,1,0.9970444,0
31,24,5,9,1,1.0285842,0
32,24,5,9,1,1.032607,0
33,24,5,9,1,1.0114452,0
34,24,5,9,1,0.9683537,0
35,24,5,9,1,0.9065966,0
36,24,5,9,1,0.8302497,0
37,24,5,9,1,0.7448319,0
38,24,5,9,1,0.6560108,0
39,24,5,9,1,0.5694539,0
40,24,5,9,1,0.48997605,0
41,24,5,9,1,0.41848856,0
42,24,5,9,1,0.354786,0
43,24,5,9,1,0.29865938,0
44,24,5,9,1,0.24899693,0
45,24,5,9,1,0.19509082,0
