Species	PRI_20180509_PC_brain_01.mzXML	PRI_20180509_PC_brain_02.mzXML	PRI_20180509_PC_brain_03.mzXML	PRI_Group-1	Mspecies	FAI.FC_20180509_PC_brain_01.mzXML	FAI.FC_20180509_PC_brain_02.mzXML	FAI.FC_20180509_PC_brain_03.mzXML	FAI.FC_Group-1
PC 24:0:0	11.924275	12.08632	11.208291	[11.208291..12.08632]	Sum	[10.434181..10.908014]	[10.618045..11.657857]	[10.957384..11.416719]	[10.434181..11.657857]	
					PC 12:0/12:0	[10.460161..10.890927]	[10.6547575..11.620056]	[10.990076..11.38957]	[10.460161..11.620056]	
PC 25:0:0	11.120863	11.388029	10.588607	[10.588607..11.388029]	Sum	[10.69688..11.176524]	[10.718913..11.058414]	[10.989746..11.595679]	[10.69688..11.595679]	
					PC 13:0/12:0	[0.0..0.0]	[0.0..0.0]	[0.0..0.0]	[0.0..0.0]	
					PC 12:0/13:0	[10.723515..11.155502]	[10.756717..11.025533]	[11.020465..11.566375]	[10.723515..11.566375]	
PC 30:0:0	0.18679821	0.19315338	0.20303167	[0.18679821..0.20303167]	Sum	[0.2021966..0.21090941]	[0.19793743..0.21907818]	[0.20889333..0.2343792]	[0.19793743..0.2343792]	
					PC 16:0/14:0	[0.07831402..0.08933321]	[0.07669567..0.09724458]	[0.07568772..0.09371515]	[0.07568772..0.09724458]	
					PC 14:0/16:0	[0.11716272..0.12859827]	[0.11071554..0.13376534]	[0.12650056..0.14901866]	[0.11071554..0.14901866]	
PC 32:0:0	1.8386699	1.8011354	1.8707238	[1.8011354..1.8707238]	Sum	[2.002941..2.151155]	[1.959906..2.1942832]	[1.9447731..2.1709428]	[1.9447731..2.1942832]	
					PC 18:0/14:0	[0.019514484..0.023740416]	[0.020384839..0.028325198]	[0.021134287..0.022235885]	[0.019514484..0.028325198]	
					PC 14:0/18:0	[0.0..0.0]	[0.0..5.6430094E-5]	[0.0..0.0]	[0.0..5.6430094E-5]	
					PC 16:0/16:0	[1.9843154..2.1281166]	[1.9462973..2.158786]	[1.9279417..2.1443784]	[1.9279417..2.158786]	
PC 32:1:0	2.3906329	2.4225683	2.416015	[2.3906329..2.4225683]	Sum	[2.1513739..2.317197]	[2.2310715..2.4422588]	[2.2979958..2.3720486]	[2.1513739..2.4422588]	
					PC 18:1/14:0	[0.043877527..0.057482764]	[0.048356295..0.055777352]	[0.050437286..0.056467373]	[0.043877527..0.057482764]	
					PC 14:0/18:1	[0.06617399..0.08163845]	[0.072597906..0.08066865]	[0.07026521..0.077332914]	[0.06617399..0.08163845]	
					PC 16:0/16:1	[1.2506241..1.5241095]	[1.2695838..1.6494867]	[1.3496517..1.5830994]	[1.2506241..1.6494867]	
					PC 16:1/16:0	[0.62226176..0.84550744]	[0.6128304..0.91690004]	[0.6404398..0.83890736]	[0.6128304..0.91690004]	
PC 32:2:0	0.08131629	0.074759334	0.08106543	[0.074759334..0.08131629]	Sum	[0.034911137..0.046380162]	[0.03747508..0.039579514]	[0.037137877..0.046757307]	[0.034911137..0.046757307]	
					PC 16:1/16:1	[0.03499806..0.046292927]	[0.037604645..0.03945118]	[0.037248682..0.046646114]	[0.03499806..0.046646114]	
PC 34:1:0	30.319935	30.041048	30.502758	[30.041048..30.502758]	Sum	[29.912727..31.422907]	[29.340202..31.12216]	[29.14238..30.839842]	[29.14238..31.422907]	
					PC 18:0/16:1	[0.42765242..0.5412111]	[0.44020107..0.5535402]	[0.43957964..0.52954096]	[0.42765242..0.5535402]	
					PC 16:1/18:0	[0.0..0.0]	[0.0..0.0]	[0.0..0.0]	[0.0..0.0]	
					PC 18:1/16:0	[4.998666..6.2192817]	[4.94954..6.046167]	[5.022058..7.033594]	[4.94954..7.033594]	
					PC 16:0/18:1	[23.825977..25.395403]	[23.40049..24.99684]	[22.336477..24.782196]	[22.336477..25.395403]	
PC 34:2:0	1.3872023	1.3898885	1.3978398	[1.3872023..1.3978398]	Sum	[1.3297457..1.3758506]	[1.306269..1.3854861]	[1.3427209..1.4377326]	[1.306269..1.4377326]	
					PC 18:1/16:1	[0.22853617..0.32407954]	[0.22955012..0.2418771]	[0.22331262..0.2599405]	[0.22331262..0.32407954]	
					PC 16:1/18:1	[0.21752872..0.3124459]	[0.3030276..0.31922022]	[0.30461842..0.34371823]	[0.21752872..0.34371823]	
					PC 18:2/16:0	[0.26900214..0.27746075]	[0.24314803..0.3012899]	[0.2747006..0.30249482]	[0.24314803..0.30249482]	
					PC 16:0/18:2	[0.5305141..0.54993725]	[0.49340102..0.5559802]	[0.5154676..0.5515099]	[0.49340102..0.5559802]	
PC 34:3:0	0.061789215	0.060710356	0.06248973	[0.060710356..0.06248973]	Sum	[0.047005594..0.06934004]	[0.040486116..0.06967979]	[0.045131866..0.07201052]	[0.040486116..0.07201052]	
					PC 18:2/16:1	[0.009057243..0.015211084]	[0.004837222..0.016510418]	[0.008763362..0.012636604]	[0.004837222..0.016510418]	
					PC 16:1/18:2	[0.0052083563..0.010507516]	[0.0..0.008073594]	[0.004595823..0.0082024]	[0.0..0.010507516]	
					PC 18:3 (6z-9z)/16:0	[0.0049436893..0.013998091]	[0.00354688..0.0143435635]	[0.007386702..0.019236743]	[0.00354688..0.019236743]	
					PC 16:0/18:3 (6z-9z)	[0.02287735..0.036378022]	[0.02215188..0.040785212]	[0.020024616..0.035462122]	[0.020024616..0.040785212]	
PC 36:1:0	15.057842	14.833721	15.430832	[14.833721..15.430832]	Sum	[14.229843..15.675898]	[13.116811..15.28177]	[13.898772..15.270986]	[13.116811..15.675898]	
					PC 20:1/16:0	[0.5516964..0.67131466]	[0.53784645..0.63140696]	[0.5517998..0.60282344]	[0.53784645..0.67131466]	
					PC 16:0/20:1	[0.2869562..0.3930596]	[0.28362322..0.3551664]	[0.33466882..0.37015474]	[0.28362322..0.3930596]	
					PC 18:0/18:1	[13.277413..14.754133]	[12.213104..14.400454]	[12.951748..14.430624]	[12.213104..14.754133]	
					PC 18:1/18:0	[0.0..0.0]	[0.0..0.0]	[0.0..0.0]	[0.0..0.0]	
PC 36:2:0	3.839105	3.8626864	3.9237723	[3.839105..3.9237723]	Sum	[3.993933..4.0835395]	[3.7611618..3.939559]	[3.8290877..4.071066]	[3.7611618..4.0835395]	
					PC 20:1/16:1	[0.023609173..0.039940547]	[0.022809848..0.03466218]	[0.030961882..0.045393985]	[0.022809848..0.045393985]	
					PC 16:1/20:1	[0.0057711313..0.02116665]	[0.009047906..0.01819537]	[0.005736925..0.015305451]	[0.005736925..0.02116665]	
					PC 20:2/16:0	[0.18085238..0.21444072]	[0.16989936..0.20374958]	[0.20488831..0.24491623]	[0.16989936..0.24491623]	
					PC 16:0/20:2	[0.08852709..0.1172194]	[0.100422665..0.1340057]	[0.06990641..0.0906255]	[0.06990641..0.1340057]	
					PC 18:0/18:2	[0.57270503..0.6252414]	[0.528577..0.5794548]	[0.56148165..0.6197542]	[0.528577..0.6252414]	
					PC 18:2/18:0	[0.0..0.0]	[0.0..0.0]	[0.0..0.0]	[0.0..0.0]	
					PC 18:1/18:1	[3.0430937..3.1307895]	[2.8684485..3.0191293]	[2.9163222..3.0905056]	[2.8684485..3.1307895]	
PC 36:3:0	0.4361961	0.42867336	0.44406694	[0.42867336..0.44406694]	Sum	[0.4020156..0.6237431]	[0.41596386..0.64198047]	[0.38997522..0.62577057]	[0.38997522..0.64198047]	
					PC 20:3 (5z-11z)/16:0	[0.054980546..0.14698349]	[0.053078484..0.15677837]	[0.060073264..0.17138728]	[0.053078484..0.17138728]	
					PC 16:0/20:3 (5z-11z)	[0.16380213..0.27909568]	[0.16753823..0.2958966]	[0.13516484..0.26471698]	[0.13516484..0.2958966]	
					PC 18:1/18:2	[0.08170898..0.10099375]	[0.08147352..0.0958806]	[0.08680072..0.11236974]	[0.08147352..0.11236974]	
					PC 18:2/18:1	[0.094111234..0.11518295]	[0.09642631..0.11092826]	[0.08699446..0.11257366]	[0.08699446..0.11518295]	
PC 36:4:0	1.8896172	1.8589946	1.9047978	[1.8589946..1.9047978]	Sum	[1.9660827..2.167719]	[1.8834807..2.0553975]	[1.986998..2.0537615]	[1.8834807..2.167719]	
					PC 20:4 (5z-8z)/16:0	[0.0..0.0]	[0.0..0.0]	[0.0..0.0]	[0.0..0.0]	
					PC 16:0/20:4 (5z-8z)	[1.9656526..2.1598506]	[1.8841031..2.0434859]	[1.9796507..2.0488777]	[1.8841031..2.1598506]	
					PC 18:2/18:2	[0.003728164..0.005394438]	[0.0057083974..0.007231524]	[0.0..0.0062672975]	[0.0..0.007231524]	
PC 38:1:0	0.44705096	0.42610666	0.45957857	[0.42610666..0.45957857]	Sum	[0.46488395..0.495076]	[0.49534413..0.5066127]	[0.4974453..0.5211092]	[0.46488395..0.5211092]	
					PC 22:1/16:0	[0.010168391..0.02253654]	[0.016245026..0.025881285]	[0.0075649535..0.02282151]	[0.0075649535..0.025881285]	
					PC 16:0/22:1	[0.039008565..0.05431044]	[0.036610164..0.049571566]	[0.04179327..0.06146407]	[0.036610164..0.06146407]	
					PC 20:0/18:1	[0.062289793..0.08280861]	[0.07976968..0.09918192]	[0.09070987..0.101712115]	[0.062289793..0.101712115]	
					PC 18:1/20:0	[0.0038751718..0.011554689]	[2.6211285E-4..0.008654791]	[0.0..2.0342425E-4]	[0.0..0.011554689]	
					PC 20:1/18:0	[0.0..0.0]	[0.0..0.0]	[0.0..0.0]	[0.0..0.0]	
					PC 18:0/20:1	[0.32522258..0.3535385]	[0.33707923..0.35004923]	[0.3338734..0.35752702]	[0.32522258..0.35752702]	
PC 38:2:0	0.47526896	0.48191026	0.48374525	[0.47526896..0.48374525]	Sum	[0.46062785..0.4799928]	[0.48717144..0.50677717]	[0.52682006..0.53983426]	[0.46062785..0.53983426]	
					PC 22:1/16:1	[0.0..9.032734E-4]	[0.0..0.001611927]	[0.0..0.0]	[0.0..0.001611927]	
					PC 16:1/22:1	[0.007083085..0.008769644]	[0.004831895..0.012211567]	[0.0067970315..0.010715933]	[0.004831895..0.012211567]	
					PC 22:2/16:0	[0.0060907607..0.016003156]	[0.004668956..0.016988086]	[0.007381694..0.021198751]	[0.004668956..0.021198751]	
					PC 16:0/22:2	[0.014183577..0.025244413]	[0.017670704..0.031960003]	[0.0144997565..0.029375413]	[0.014183577..0.031960003]	
					PC 20:1/18:1	[0.2377433..0.26196486]	[0.25835124..0.29037422]	[0.28320736..0.34477755]	[0.2377433..0.34477755]	
					PC 18:1/20:1	[0.07531813..0.09321866]	[0.060024537..0.092471406]	[0.032431204..0.09392736]	[0.032431204..0.09392736]	
					PC 20:2/18:0	[0.0..0.0]	[0.0..0.003441162]	[0.0..0.013092894]	[0.0..0.013092894]	
					PC 18:0/20:2	[0.09197117..0.101245426]	[0.099049196..0.10427764]	[0.09631075..0.11586633]	[0.09197117..0.11586633]	
PC 38:3:0	-2.1020713E-5	-2.4865443E-5	-1.9896612E-5	[-2.4865443E-5..-1.9896612E-5]	Sum	[0.29027548..0.35495883]	[0.29830983..0.36928487]	[0.30998304..0.36399192]	[0.29027548..0.36928487]	
					PC 22:3 (13z)/16:0	[0.007430791..0.01846993]	[0.005499445..0.02110568]	[0.010416078..0.020892179]	[0.005499445..0.02110568]	
					PC 16:0/22:3 (13z)	[0.019768037..0.032904763]	[0.01822772..0.03752617]	[0.020066267..0.031952742]	[0.01822772..0.03752617]	
					PC 20:1/18:2	[0.0077545964..0.011331559]	[0.005437711..0.012792649]	[0.0067109..0.012327818]	[0.005437711..0.012792649]	
					PC 18:2/20:1	[0.0..0.0012917977]	[0.0..0.0014455692]	[0.0..0.0]	[0.0..0.0014455692]	
					PC 20:2/18:1	[0.04076786..0.058705527]	[0.04579072..0.060281243]	[0.052537724..0.068668224]	[0.04076786..0.068668224]	
					PC 18:1/20:2	[0.005406292..0.016986854]	[0.0054995175..0.0139213065]	[0.0..0.007828177]	[0.0..0.016986854]	
					PC 20:3 (5z-11z)/18:0	[0.0..0.0]	[0.0..0.0]	[0.0..0.0]	[0.0..0.0]	
					PC 18:0/20:3 (5z-11z)	[0.18430054..0.24679019]	[0.19461855..0.26310384]	[0.18901648..0.24574834]	[0.18430054..0.26310384]	
PC 38:4:0	2.4257202	2.3959553	2.4718766	[2.3959553..2.4718766]	Sum	[2.3467867..2.624002]	[2.4314024..2.6758466]	[2.331773..2.7027597]	[2.331773..2.7027597]	
					PC 22:4 (7z-10z)/16:0	[0.0..0.0684981]	[0.0074976436..0.07478373]	[0.0..0.08469597]	[0.0..0.08469597]	
					PC 16:0/22:4 (7z-10z)	[0.31968698..0.45064545]	[0.32950172..0.44462317]	[0.30849957..0.45291957]	[0.30849957..0.45291957]	
					PC 20:3 (5z-11z)/18:1	[0.0012575772..0.027455727]	[0.011884432..0.031512246]	[0.013965865..0.04209665]	[0.0012575772..0.04209665]	
					PC 18:1/20:3 (5z-11z)	[0.03081064..0.06504076]	[0.028364183..0.052747276]	[0.02376544..0.05391201]	[0.02376544..0.06504076]	
					PC 20:4 (5z-8z)/18:0	[0.0..0.0]	[0.0..0.0]	[0.0..0.0]	[0.0..0.0]	
					PC 18:0/20:4 (5z-8z)	[1.9643294..2.0188956]	[2.0429614..2.0959861]	[1.9796493..2.0785372]	[1.9643294..2.0959861]	
PC 38:5:0	0.8320068	0.8161626	0.8381183	[0.8161626..0.8381183]	Sum	[0.7374762..0.95180225]	[0.6547117..1.0749035]	[0.68702877..0.9904011]	[0.6547117..1.0749035]	
					PC 22:5 (4z-7z)/16:0	[0.0973832..0.18094236]	[0.037759546..0.22385523]	[0.09194013..0.1863987]	[0.037759546..0.22385523]	
					PC 16:0/22:5 (4z-7z)	[0.2643258..0.37304202]	[0.24055798..0.4709749]	[0.2664993..0.3933967]	[0.24055798..0.4709749]	
					PC 20:4 (5z-8z)/18:1	[0.0..0.0]	[0.0..0.0]	[0.0..0.0]	[0.0..0.0]	
					PC 18:1/20:4 (5z-8z)	[0.35621262..0.40189782]	[0.3492041..0.41077366]	[0.3269556..0.41356072]	[0.3269556..0.41356072]	
PC 38:6:0	0.8849871	0.90746295	0.8723868	[0.8723868..0.90746295]	Sum	[0.8838225..0.9350827]	[0.89965826..1.0466194]	[0.87740093..1.0243666]	[0.87740093..1.0466194]	
					PC 22:6 (4z)/16:0	[0.08711563..0.18273127]	[0.07962725..0.16739662]	[0.12373926..0.23398077]	[0.07962725..0.23398077]	
					PC 16:0/22:6 (4z)	[0.70572454..0.83151954]	[0.7660692..0.9376264]	[0.6827915..0.8646243]	[0.6827915..0.9376264]	
PC 40:2:0	0.094274394	0.084695846	0.09467582	[0.084695846..0.09467582]	Sum	[0.08561006..0.089730546]	[0.08850277..0.097123705]	[0.08324519..0.09846281]	[0.08324519..0.09846281]	
					PC 22:1/18:1	[0.026475394..0.030561667]	[0.027883217..0.0338807]	[0.023090437..0.03679499]	[0.023090437..0.03679499]	
					PC 18:1/22:1	[0.023140317..0.026943255]	[0.024778692..0.030665306]	[0.017367167..0.030208234]	[0.017367167..0.030665306]	
					PC 22:2/18:0	[0.0..0.002038639]	[0.0..0.0014319137]	[0.0..0.002957985]	[0.0..0.002957985]	
					PC 18:0/22:2	[0.017322743..0.024861453]	[0.02068169..0.025569886]	[0.018090865..0.03049469]	[0.017322743..0.03049469]	
					PC 20:1/20:1	[0.011330635..0.012394509]	[0.01049303..0.01214039]	[0.011452129..0.015243316]	[0.01049303..0.015243316]	
PC 40:3:0	0.0	0.0	-1.9896612E-5	[-1.9896612E-5..0.0]	Sum	[0.042207837..0.048109382]	[0.045790568..0.05467271]	[0.04405281..0.0515215]	[0.042207837..0.05467271]	
					PC 22:2/18:1	[0.0019124221..0.010108996]	[0.001946148..0.007988979]	[0.0034221876..0.01218541]	[0.0019124221..0.01218541]	
					PC 18:1/22:2	[0.0..0.0055700573]	[0.0023497937..0.008652751]	[0.0..0.00772555]	[0.0..0.008652751]	
					PC 22:3 (13z)/18:0	[0.0..3.1378085E-4]	[0.0..0.011575351]	[0.0..0.005392235]	[0.0..0.011575351]	
					PC 18:0/22:3 (13z)	[0.033973653..0.039566062]	[0.028999932..0.04418073]	[0.030503524..0.038793053]	[0.028999932..0.04418073]	
PC 40:4:0	0.34008825	0.31778038	0.3520772	[0.31778038..0.3520772]	Sum	[0.31199944..0.36798364]	[0.29631957..0.39893574]	[0.31939813..0.39332154]	[0.29631957..0.39893574]	
					PC 24:4 (9z)/16:0	[0.002951244..0.015251833]	[0.001560831..0.009797558]	[0.0..0.00816138]	[0.0..0.015251833]	
					PC 16:0/24:4 (9z)	[0.019375557..0.034971375]	[0.028020632..0.038154714]	[0.026767587..0.04272974]	[0.019375557..0.04272974]	
					PC 22:4 (7z-10z)/18:0	[0.0..0.0]	[0.0..0.021158934]	[0.0..0.0]	[0.0..0.021158934]	
					PC 18:0/22:4 (7z-10z)	[0.27240068..0.3347881]	[0.25685003..0.3412731]	[0.28495017..0.35389557]	[0.25685003..0.35389557]	
PC 40:5:0	0.287234	0.2983867	0.30272475	[0.287234..0.30272475]	Sum	[0.2718662..0.33916524]	[0.26481757..0.33573753]	[0.25699013..0.36676]	[0.25699013..0.36676]	
					PC 22:4 (7z-10z)/18:1	[0.006926977..0.025924418]	[0.012157205..0.030982712]	[0.015661417..0.04345396]	[0.006926977..0.04345396]	
					PC 18:1/22:4 (7z-10z)	[0.023445155..0.050334558]	[0.020292478..0.04090164]	[0.012032552..0.03903885]	[0.012032552..0.050334558]	
					PC 22:5 (4z-7z)/18:0	[0.0..0.0]	[0.0..0.0]	[0.0..0.0]	[0.0..0.0]	
					PC 18:0/22:5 (4z-7z)	[0.21465819..0.23430967]	[0.20214354..0.24168599]	[0.2031375..0.25689298]	[0.20214354..0.25689298]	
					PC 20:1/20:4 (5z-8z)	[0.019326037..0.03071509]	[0.020483077..0.032197867]	[0.022657592..0.029617088]	[0.019326037..0.032197867]	
					PC 20:4 (5z-8z)/20:1	[0.0..0.0043615424]	[0.0..0.0]	[0.0..0.0]	[0.0..0.0043615424]	
PC 40:6:0	0.62575275	0.6274035	0.6559637	[0.62575275..0.6559637]	Sum	[0.57344574..0.6697506]	[0.7029143..0.7678094]	[0.61797285..0.7405135]	[0.57344574..0.7678094]	
					PC 22:5 (4z-7z)/18:1	[0.091339126..0.11622454]	[0.08954799..0.11440265]	[0.09820838..0.11740687]	[0.08954799..0.11740687]	
					PC 18:1/22:5 (4z-7z)	[0.0..0.0]	[0.0..0.0025168583]	[0.0..0.0]	[0.0..0.0025168583]	
					PC 22:6 (4z)/18:0	[0.0..0.029941572]	[0.0..0.0]	[0.0..0.036756426]	[0.0..0.036756426]	
					PC 18:0/22:6 (4z)	[0.45493022..0.5544736]	[0.6052437..0.66010004]	[0.49651778..0.6229902]	[0.45493022..0.66010004]	
PC 40:7:0	0.12796359	0.14418367	0.14134663	[0.12796359..0.14418367]	Sum	[0.11829954..0.1546665]	[0.1240288..0.1585213]	[0.11590846..0.1626649]	[0.11590846..0.1626649]	
					PC 22:6 (4z)/18:1	[0.03045674..0.0945784]	[0.041944418..0.103365004]	[0.023049729..0.10907339]	[0.023049729..0.10907339]	
					PC 18:1/22:6 (4z)	[0.045205474..0.11325118]	[0.042448252..0.10398862]	[0.03716181..0.12820907]	[0.03716181..0.12820907]	
PC 44:0:0	6.4676075	6.652704	6.827158	[6.4676075..6.827158]	Sum	[6.8460717..7.1092925]	[7.0347004..7.458844]	[6.6035843..7.1204796]	[6.6035843..7.458844]	
					PC 22:0/22:0	[6.863118..7.098156]	[7.059023..7.4366918]	[6.6232867..7.1035466]	[6.6232867..7.4366918]	
PC 44:12:0	6.4578176	6.4055867	6.4661064	[6.4055867..6.4661064]	Sum	[5.83784..6.4452605]	[5.8177853..7.079412]	[6.106277..6.540601]	[5.8177853..7.079412]	
					PC 22:6 (4z)/22:6 (4z)	[5.849628..6.4331374]	[5.839972..7.058361]	[6.1233454..6.5250473]	[5.839972..7.058361]	
