Species	PRI_20180509_PC_egg_01.mzXML	PRI_20180509_PC_egg_02.mzXML	PRI_20180509_PC_egg_03.mzXML	PRI_Group-1	Mspecies	FAI.FC_20180509_PC_egg_01.mzXML	FAI.FC_20180509_PC_egg_02.mzXML	FAI.FC_20180509_PC_egg_03.mzXML	FAI.FC_Group-1
PC 32:0:0	0.42688018	0.42521927	0.4514711	[0.42521927..0.4514711]	Sum	[0.29834947..0.32516223]	[0.3097525..0.34231958]	[0.3183941..0.33273458]	[0.29834947..0.34231958]	
					PC 16:0/16:0	[0.29848132..0.32503915]	[0.30994698..0.34210148]	[0.31867656..0.33245325]	[0.29848132..0.34210148]	
PC 32:1:0	0.97881186	1.0088218	0.99065304	[0.97881186..1.0088218]	Sum	[0.6394904..0.69444394]	[0.6481874..0.66726655]	[0.59168136..0.7068344]	[0.59168136..0.7068344]	
					PC 18:1/14:0	[0.0..0.0]	[0.0..0.0]	[0.0..0.0]	[0.0..0.0]	
					PC 14:0/18:1	[0.15106674..0.15861087]	[0.14779933..0.15901862]	[0.13416591..0.16584243]	[0.13416591..0.16584243]	
					PC 16:0/16:1	[0.473471..0.54143196]	[0.4909123..0.51481605]	[0.45567313..0.54374015]	[0.45567313..0.54374015]	
					PC 16:1/16:0	[0.0..0.0075800475]	[0.0..0.0015444482]	[0.0..0.0]	[0.0..0.0075800475]	
PC 32:2:0	0.13968603	0.12212872	0.14753935	[0.12212872..0.14753935]	Sum	[0.07986884..0.093128756]	[0.07771693..0.09123236]	[0.08965225..0.09919071]	[0.07771693..0.09919071]	
					PC 18:2/14:0	[0.0..0.0]	[0.0..0.0]	[0.0..0.0]	[0.0..0.0]	
					PC 14:0/18:2	[0.06847931..0.078817904]	[0.064602464..0.07850218]	[0.074287035..0.08101434]	[0.064602464..0.08101434]	
					PC 16:1/16:1	[0.011423447..0.0145575395]	[0.0122941..0.01330781]	[0.014953307..0.018093346]	[0.011423447..0.018093346]	
PC 34:1:0	37.36935	37.1812	36.995712	[36.995712..37.36935]	Sum	[25.245014..26.03799]	[23.8549..25.85312]	[21.649366..25.903282]	[21.649366..26.03799]	
					PC 18:1/16:0	[0.0..0.0]	[0.0..0.0]	[0.0..0.0]	[0.0..0.0]	
					PC 16:0/18:1	[25.253138..26.028133]	[23.870821..25.83795]	[21.670364..25.920095]	[21.670364..26.028133]	
PC 34:2:0	26.168999	26.185423	26.415836	[26.168999..26.415836]	Sum	[16.925531..17.87825]	[16.444838..17.192463]	[15.021253..16.823635]	[15.021253..17.87825]	
					PC 18:1/16:1	[0.0..0.0]	[0.0..0.0]	[0.0..0.0]	[0.0..0.0]	
					PC 16:1/18:1	[0.7284022..0.82238495]	[0.76835907..0.8355104]	[0.6867819..0.77381104]	[0.6867819..0.8355104]	
					PC 18:2/16:0	[0.0..0.0]	[0.0..0.0]	[0.0..0.0]	[0.0..0.0]	
					PC 16:0/18:2	[16.20461..17.076399]	[15.680097..16.352959]	[14.277318..16.0356]	[14.277318..17.076399]	
PC 34:3:0	0.9839341	0.98133665	1.0014018	[0.98133665..1.0014018]	Sum	[0.6421965..0.6952265]	[0.6326398..0.70092857]	[0.56722987..0.6923666]	[0.56722987..0.70092857]	
					PC 18:2/16:1	[0.0..0.0]	[0.0..0.0]	[0.0..0.0]	[0.0..0.0]	
					PC 16:1/18:2	[0.42980406..0.44312865]	[0.4079468..0.45547032]	[0.360394..0.44531533]	[0.360394..0.45547032]	
					PC 18:3 (6z-9z)/16:0	[0.0..0.0]	[0.0..0.0]	[0.0..0.0]	[0.0..0.0]	
					PC 16:0/18:3 (6z-9z)	[0.20696959..0.25681886]	[0.2150647..0.25718462]	[0.1993036..0.24772277]	[0.1993036..0.25718462]	
PC 36:1:0	7.7392654	7.718722	7.598951	[7.598951..7.7392654]	Sum	[4.849026..5.274103]	[5.014829..5.6486497]	[5.1902657..5.8916507]	[4.849026..5.8916507]	
					PC 20:1/16:0	[0.0..0.013100695]	[0.0032259645..0.03621168]	[0.0..0.006645554]	[0.0..0.03621168]	
					PC 16:0/20:1	[0.06481634..0.08562546]	[0.059726432..0.09927349]	[0.081122816..0.09493648]	[0.059726432..0.09927349]	
					PC 18:0/18:1	[4.7660246..5.1912394]	[4.907548..5.549909]	[5.099886..5.8019414]	[4.7660246..5.8019414]	
					PC 18:1/18:0	[0.0..0.0]	[0.0..0.0]	[0.0..0.0]	[0.0..0.0]	
PC 36:2:0	11.437387	11.533837	11.4560175	[11.437387..11.533837]	Sum	[7.139067..7.5846105]	[7.240065..8.390099]	[7.0479803..8.525257]	[7.0479803..8.525257]	
					PC 20:2/16:0	[0.0..0.0132615445]	[0.0..0.06285985]	[0.0..0.006354044]	[0.0..0.06285985]	
					PC 16:0/20:2	[0.13406302..0.17001979]	[0.12783486..0.20277369]	[0.14864652..0.18154413]	[0.12783486..0.20277369]	
					PC 18:0/18:2	[5.4230375..5.841605]	[5.419881..6.4457865]	[5.3550763..6.589842]	[5.3550763..6.589842]	
					PC 18:2/18:0	[0.0..0.0]	[0.0..0.0]	[0.0..0.0]	[0.0..0.0]	
					PC 18:1/18:1	[1.5046698..1.6218662]	[1.6132629..1.7762035]	[1.5150371..1.8240432]	[1.5046698..1.8240432]	
PC 36:3:0	2.814611	2.804446	2.8013341	[2.8013341..2.814611]	Sum	[1.8580732..2.0282545]	[1.9493421..2.068969]	[1.950167..2.0910382]	[1.8580732..2.0910382]	
					PC 20:3 (5z-11z)/16:0	[0.0..0.0]	[0.0..0.0]	[0.0..0.0]	[0.0..0.0]	
					PC 16:0/20:3 (5z-11z)	[0.35841292..0.4873067]	[0.3800017..0.49789456]	[0.370222..0.47296867]	[0.35841292..0.49789456]	
					PC 18:0/18:3 (6z-9z)	[0.03042254..0.042673044]	[0.032897685..0.046474617]	[0.03759882..0.053811695]	[0.03042254..0.053811695]	
					PC 18:3 (6z-9z)/18:0	[0.0..0.00435265]	[0.0..5.112208E-4]	[0.0..0.0]	[0.0..0.00435265]	
					PC 18:1/18:2	[1.3058329..1.3808031]	[1.4028219..1.4773306]	[1.3733994..1.4331388]	[1.3058329..1.4773306]	
					PC 18:2/18:1	[0.11405931..0.16024506]	[0.08557519..0.12832744]	[0.13927224..0.16081426]	[0.08557519..0.16081426]	
PC 36:4:0	3.5404592	3.585683	3.6724958	[3.5404592..3.6724958]	Sum	[2.5147307..2.586519]	[2.336486..2.5283585]	[2.0598657..2.7196512]	[2.0598657..2.7196512]	
					PC 20:4 (5z-8z)/16:0	[0.0..0.0]	[0.0..0.0]	[0.0..0.0]	[0.0..0.0]	
					PC 16:0/20:4 (5z-8z)	[2.1904864..2.2427871]	[2.0382442..2.2149444]	[1.7797354..2.3860545]	[1.7797354..2.3860545]	
					PC 18:1/18:3 (6z-9z)	[0.0123087065..0.02317606]	[0.01270436..0.024421373]	[0.0030444753..0.016763378]	[0.0030444753..0.024421373]	
					PC 18:3 (6z-9z)/18:1	[0.010221446..0.020813283]	[0.0059030363..0.016016616]	[0.010655664..0.03037467]	[0.0059030363..0.03037467]	
					PC 18:2/18:2	[0.27897668..0.30467072]	[0.27534017..0.29014748]	[0.25348032..0.30656666]	[0.25348032..0.30656666]	
PC 36:5:0	0.09829744	0.10823164	0.107238896	[0.09829744..0.10823164]	Sum	[0.0562186..0.068885766]	[0.06436947..0.07983342]	[0.038165767..0.07592138]	[0.038165767..0.07983342]	
					PC 20:4 (5z-8z)/16:1	[0.0..0.0018084432]	[0.0..0.002013892]	[0.0..0.008399377]	[0.0..0.008399377]	
					PC 16:1/20:4 (5z-8z)	[0.024777051..0.037675902]	[0.022360407..0.03596235]	[0.011099056..0.03373244]	[0.011099056..0.037675902]	
					PC 18:2/18:3 (6z-9z)	[0.0..0.0]	[0.0..0.0]	[0.0..0.0]	[0.0..0.0]	
					PC 18:3 (6z-9z)/18:2	[0.028822342..0.033136223]	[0.038283784..0.042763323]	[0.02651451..0.03595907]	[0.02651451..0.042763323]	
PC 38:2:0	0.098865144	0.09378212	0.0	[0.0..0.098865144]	Sum	[0.07485294..0.08055902]	[0.09726758..0.12377697]	[0.053881265..0.07473857]	[0.053881265..0.12377697]	
					PC 20:1/18:1	[0.03730496..0.03971208]	[0.049592916..0.071038604]	[0.02096226..0.037549186]	[0.02096226..0.071038604]	
					PC 18:1/20:1	[0.0..0.0]	[0.0..0.0]	[0.0..0.0]	[0.0..0.0]	
					PC 20:2/18:0	[0.0..0.001671324]	[0.008897124..0.020175746]	[0.0..0.002359688]	[0.0..0.020175746]	
					PC 18:0/20:2	[0.035266224..0.040763997]	[0.02695305..0.04204161]	[0.03163108..0.03999471]	[0.02695305..0.04204161]	
PC 38:3:0	-3.3285432E-5	-4.0588555E-5	-4.580466E-5	[-4.580466E-5..-3.3285432E-5]	Sum	[0.29233956..0.3690767]	[0.34268704..0.41065025]	[0.29421863..0.3602676]	[0.29233956..0.41065025]	
					PC 22:3 (13z)/16:0	[0.0..0.007113116]	[0.0..0.007629806]	[0.0..0.0016369153]	[0.0..0.007629806]	
					PC 16:0/22:3 (13z)	[0.0..0.007113116]	[0.0..0.007629806]	[0.0..0.0]	[0.0..0.007629806]	
					PC 18:2/20:1	[0.0..0.0]	[0.0..0.0]	[0.0..0.0]	[0.0..0.0]	
					PC 20:1/18:2	[0.038581666..0.04238709]	[0.04896936..0.059497233]	[0.02888586..0.03591368]	[0.02888586..0.059497233]	
					PC 20:2/18:1	[0.039168272..0.05381949]	[0.056306306..0.05854516]	[0.033099286..0.06109078]	[0.033099286..0.06109078]	
					PC 18:1/20:2	[0.0..0.008503479]	[0.001186645..0.003046738]	[0.0..0.011973793]	[0.0..0.011973793]	
					PC 20:3 (5z-11z)/18:0	[0.0..0.0]	[0.0..0.0]	[0.0..0.0]	[0.0..0.0]	
					PC 18:0/20:3 (5z-11z)	[0.20242837..0.27202666]	[0.21540013..0.28798327]	[0.21480319..0.27856869]	[0.20242837..0.28798327]	
PC 38:4:0	4.264036	4.287737	4.3650928	[4.264036..4.3650928]	Sum	[2.8055737..2.9996426]	[2.5314786..2.9718394]	[2.8020332..3.4149582]	[2.5314786..3.4149582]	
					PC 22:4 (7z-10z)/16:0	[0.0..0.0018937348]	[0.0..0.0]	[0.0..0.012805099]	[0.0..0.012805099]	
					PC 16:0/22:4 (7z-10z)	[0.10667878..0.13526677]	[0.103454895..0.1280778]	[0.10450025..0.14889649]	[0.103454895..0.14889649]	
					PC 20:2/18:2	[0.02344768..0.032729503]	[0.026509713..0.036431212]	[0.028814975..0.035495248]	[0.02344768..0.036431212]	
					PC 18:2/20:2	[0.0..0.0]	[0.0..0.0]	[0.0..0.0]	[0.0..0.0]	
					PC 20:3 (5z-11z)/18:1	[0.0..0.0030116069]	[0.0..0.010106859]	[0.0..0.008267409]	[0.0..0.010106859]	
					PC 18:1/20:3 (5z-11z)	[0.043966465..0.05905112]	[0.042158693..0.065205544]	[0.041418135..0.06947403]	[0.041418135..0.06947403]	
					PC 20:4 (5z-8z)/18:0	[0.0..0.0]	[0.0..0.0]	[0.0..0.0]	[0.0..0.0]	
					PC 18:0/20:4 (5z-8z)	[2.6201801..2.7803922]	[2.3491476..2.7675467]	[2.6251884..3.1834621]	[2.3491476..3.1834621]	
PC 38:5:0	1.8145833	1.8189828	1.8111417	[1.8111417..1.8189828]	Sum	[1.0907644..1.1718051]	[1.098671..1.2167271]	[1.1286652..1.3070321]	[1.0907644..1.3070321]	
					PC 22:5 (4z-7z)/16:0	[0.0..0.0]	[0.0..0.0]	[0.0..0.0]	[0.0..0.0]	
					PC 16:0/22:5 (4z-7z)	[0.8754027..0.92826474]	[0.87966126..0.9686226]	[0.9610385..1.0200294]	[0.8754027..1.0200294]	
					PC 20:4 (5z-8z)/18:1	[0.0..0.0]	[0.0..0.003436718]	[0.0..0.031963333]	[0.0..0.031963333]	
					PC 18:1/20:4 (5z-8z)	[0.1996635..0.24403806]	[0.20401236..0.24547982]	[0.1670087..0.25986448]	[0.1670087..0.25986448]	
PC 38:6:0	1.1239808	1.1229614	1.1820097	[1.1229614..1.1820097]	Sum	[0.70958555..0.81457925]	[0.7535711..0.87759036]	[0.7870022..0.9211636]	[0.70958555..0.9211636]	
					PC 22:6 (4z)/16:0	[0.0..0.0061672903]	[0.0..0.0]	[0.0..0.0]	[0.0..0.0061672903]	
					PC 16:0/22:6 (4z)	[0.69384295..0.77429867]	[0.7340154..0.8391291]	[0.7714732..0.8789294]	[0.69384295..0.8789294]	
					PC 20:4 (5z-8z)/18:2	[0.004549107..0.026332578]	[0.008216569..0.031742096]	[5.496042E-4..0.029391883]	[5.496042E-4..0.031742096]	
					PC 18:2/20:4 (5z-8z)	[0.0..0.017695492]	[0.0..0.021076752]	[0.0..0.02748141]	[0.0..0.02748141]	
PC 40:4:0	-3.3285432E-5	-4.0588555E-5	0.0	[-4.0588555E-5..0.0]	Sum	[0.057284087..0.07333835]	[0.062200736..0.08873098]	[0.06039053..0.08380858]	[0.057284087..0.08873098]	
					PC 22:4 (7z-10z)/18:0	[0.0..0.0]	[0.0..0.0076291393]	[0.0..0.0]	[0.0..0.0076291393]	
					PC 18:0/22:4 (7z-10z)	[0.05726741..0.073369496]	[0.062166918..0.08116106]	[0.060339466..0.083882935]	[0.05726741..0.083882935]	
PC 40:5:0	0.59946704	0.60465455	0.56285787	[0.56285787..0.60465455]	Sum	[0.32712045..0.39926752]	[0.34899056..0.406466]	[0.3265626..0.38423863]	[0.3265626..0.406466]	
					PC 22:5 (4z-7z)/18:0	[0.0..0.0]	[0.0..0.00442543]	[0.0..0.0]	[0.0..0.00442543]	
					PC 18:0/22:5 (4z-7z)	[0.32698226..0.39943707]	[0.3488008..0.40231183]	[0.32628646..0.3845795]	[0.32628646..0.40231183]	
PC 40:6:0	0.40145376	0.41692564	0.44028205	[0.40145376..0.44028205]	Sum	[0.26628676..0.325385]	[0.24128386..0.2986037]	[0.2315225..0.27692333]	[0.2315225..0.325385]	
					PC 22:5 (4z-7z)/18:1	[0.04214474..0.06785597]	[0.049930897..0.07528746]	[0.04571539..0.06579149]	[0.04214474..0.07528746]	
					PC 18:1/22:5 (4z-7z)	[0.0..0.0075998693]	[0.0..0.012573006]	[0.0..0.0]	[0.0..0.012573006]	
					PC 22:6 (4z)/18:0	[0.0..0.0]	[0.0..0.028730048]	[0.0..0.03784068]	[0.0..0.03784068]	
					PC 18:0/22:6 (4z)	[0.22050937..0.2531974]	[0.16322356..0.22271354]	[0.15573028..0.21140045]	[0.15573028..0.2531974]	
