Group	Specie	Mz	Sample	CE	C.FAI	C.COI	FA-CO.ratio	FA_Isomer	1st Pos	1st CF	1st C.FAI	1st rel_FAI	2nd Pos	2nd CF	2nd C.FAI	2nd rel_FAI	3rd Pos	TX.CF	C.FAI with TX.CF
Group-1	PEO 34:3:0	277.22	240604_eggPEO_25-35_1.mzXML	25.0	3335.2	0.0	0.0	[6.0..9.0]	[0.5..0.5]	[1.068..1.068]	[3561.994..3561.994]	[0.5..0.5]	[0.5..0.5]	[1.068..1.068]	[3561.9934..3561.9934]	[0.5..0.5]	[0.5..0.5]	0.96459365	[3435.8762..3435.8762]
Group-1	PEO 34:3:0	277.22	240604_eggPEO_25-35_1.mzXML	30.0	3170.0	0.0	0.0	[6.0..9.0]	[0.5..0.5]	[1.288..1.288]	[4082.96..4082.96]	[0.5..0.5]	[0.5..0.5]	[1.288..1.288]	[4082.96..4082.96]	[0.5..0.5]	[0.5..0.5]	0.96459365	[3938.3975..3938.3975]
Group-1	PEO 34:3:0	277.22	240604_eggPEO_25-35_1.mzXML	35.0	2377.7	0.0	0.0	[6.0..9.0]	[0.5..0.5]	[1.66..1.66]	[3946.982..3946.982]	[0.5..0.5]	[0.5..0.5]	[1.66..1.66]	[3946.982..3946.982]	[0.5..0.5]	[0.5..0.5]	0.96459365	[3807.2334..3807.2334]
Group-1	PEO 36:2:0	279.23	240604_eggPEO_25-35_1.mzXML	25.0	943737.3	0.0	0.0	[9.0..9.0]	[0.5..0.5]	[0.913..0.913]	[861632.1..861632.1]	[0.5..0.5]	[0.5..0.5]	[0.913..0.913]	[861632.1..861632.1]	[0.5..0.5]	[0.5..0.5]	0.9303483	[801618.0..801618.0]
Group-1	PEO 36:2:0	279.23	240604_eggPEO_25-35_1.mzXML	30.0	1058272.8	0.0	0.0	[9.0..9.0]	[0.5..0.5]	[0.937..0.937]	[991601.56..991601.56]	[0.5..0.5]	[0.5..0.5]	[0.937..0.937]	[991601.56..991601.56]	[0.5..0.5]	[0.5..0.5]	0.9303483	[922534.8..922534.8]
Group-1	PEO 36:2:0	279.23	240604_eggPEO_25-35_1.mzXML	35.0	892509.5	0.0	0.0	[9.0..9.0]	[0.5..0.5]	[0.999..0.999]	[891617.0..891617.0]	[0.5..0.5]	[0.5..0.5]	[0.999..0.999]	[891617.0..891617.0]	[0.5..0.5]	[0.5..0.5]	0.9303483	[829514.4..829514.4]
Group-1	PEO 36:3:0	277.22	240604_eggPEO_25-35_1.mzXML	25.0	12056.0	0.0	0.0	[6.0..9.0]	[0.5..0.5]	[1.068..1.068]	[12875.808..12875.808]	[0.5..0.5]	[0.5..0.5]	[1.068..1.068]	[12875.808..12875.808]	[0.5..0.5]	[0.5..0.5]	0.9325677	[12007.5625..12007.5625]
Group-1	PEO 36:3:0	277.22	240604_eggPEO_25-35_1.mzXML	30.0	10293.9	0.0	0.0	[6.0..9.0]	[0.5..0.5]	[1.288..1.288]	[13258.544..13258.544]	[0.5..0.5]	[0.5..0.5]	[1.288..1.288]	[13258.544..13258.544]	[0.5..0.5]	[0.5..0.5]	0.9325677	[12364.489..12364.489]
Group-1	PEO 36:3:0	277.22	240604_eggPEO_25-35_1.mzXML	35.0	6514.7	0.0	0.0	[6.0..9.0]	[0.5..0.5]	[1.66..1.66]	[10814.402..10814.402]	[0.5..0.5]	[0.5..0.5]	[1.66..1.66]	[10814.402..10814.402]	[0.5..0.5]	[0.5..0.5]	0.9325677	[10085.162..10085.162]
Group-1	PEO 36:3:0	279.23	240604_eggPEO_25-35_1.mzXML	25.0	796429.1	0.0	0.0	[9.0..9.0]	[0.5..0.5]	[0.913..0.913]	[727139.8..727139.8]	[0.5..0.5]	[0.5..0.5]	[0.913..0.913]	[727139.8..727139.8]	[0.5..0.5]	[0.5..0.5]	0.9325677	[678107.06..678107.06]
Group-1	PEO 36:3:0	279.23	240604_eggPEO_25-35_1.mzXML	30.0	801126.3	0.0	0.0	[9.0..9.0]	[0.5..0.5]	[0.937..0.937]	[750655.3..750655.3]	[0.5..0.5]	[0.5..0.5]	[0.937..0.937]	[750655.3..750655.3]	[0.5..0.5]	[0.5..0.5]	0.9325677	[700036.94..700036.94]
Group-1	PEO 36:3:0	279.23	240604_eggPEO_25-35_1.mzXML	35.0	698780.4	0.0	0.0	[9.0..9.0]	[0.5..0.5]	[0.999..0.999]	[698081.6..698081.6]	[0.5..0.5]	[0.5..0.5]	[0.999..0.999]	[698081.6..698081.6]	[0.5..0.5]	[0.5..0.5]	0.9325677	[651008.4..651008.4]
Group-1	PEO 36:3:0	281.25	240604_eggPEO_25-35_1.mzXML	25.0	137595.4	0.0	0.0	[9.0..9.0]	[0.5..0.5]	[0.914..0.914]	[125762.195..125762.195]	[0.5..0.5]	[0.5..0.5]	[0.914..0.914]	[125762.195..125762.195]	[0.5..0.5]	[0.5..0.5]	0.9325677	[117281.766..117281.766]
Group-1	PEO 36:3:0	281.25	240604_eggPEO_25-35_1.mzXML	30.0	138708.4	0.0	0.0	[9.0..9.0]	[0.5..0.5]	[0.902..0.902]	[125114.984..125114.984]	[0.5..0.5]	[0.5..0.5]	[0.902..0.902]	[125114.984..125114.984]	[0.5..0.5]	[0.5..0.5]	0.9325677	[116678.195..116678.195]
Group-1	PEO 36:3:0	281.25	240604_eggPEO_25-35_1.mzXML	35.0	127091.9	0.0	0.0	[9.0..9.0]	[0.5..0.5]	[0.907..0.907]	[115272.35..115272.35]	[0.5..0.5]	[0.5..0.5]	[0.907..0.907]	[115272.35..115272.35]	[0.5..0.5]	[0.5..0.5]	0.9325677	[107499.28..107499.28]
Group-1	PEO 36:5:0	303.23	240604_eggPEO_25-35_1.mzXML	25.0	36452.2	2593.3	0.07114249	[5.0..5.0]	[0.5..0.5]	[1.269..1.269]	[46257.844..46257.844]	[0.5..0.5]	[0.5..0.5]	[1.269..1.269]	[46257.844..46257.844]	[0.5..0.5]	[0.5..0.5]	0.93703	[43344.99..43344.99]
Group-1	PEO 36:5:0	303.23	240604_eggPEO_25-35_1.mzXML	30.0	23818.1	2803.9	0.11772139	[5.0..5.0]	[0.5..0.5]	[1.823..1.823]	[43420.395..43420.395]	[0.5..0.5]	[0.5..0.5]	[1.823..1.823]	[43420.395..43420.395]	[0.5..0.5]	[0.5..0.5]	0.93703	[40686.21..40686.21]
Group-1	PEO 36:5:0	303.23	240604_eggPEO_25-35_1.mzXML	35.0	12415.6	1243.8	0.100180425	[6.2..6.2]	[0.5..0.5]	[2.913..2.913]	[36166.645..36166.645]	[0.5..0.5]	[0.5..0.5]	[2.913..2.913]	[36166.645..36166.645]	[0.5..0.5]	[0.5..0.5]	0.93703	[33889.23..33889.23]
Group-1	PEO 38:5:0	303.23	240604_eggPEO_25-35_1.mzXML	25.0	40049.1	2822.3	0.070470996	[5.0..5.0]	[0.5..0.5]	[1.269..1.269]	[50822.312..50822.312]	[0.5..0.5]	[0.5..0.5]	[1.269..1.269]	[50822.312..50822.312]	[0.5..0.5]	[0.5..0.5]	0.90691674	[46091.605..46091.605]
Group-1	PEO 38:5:0	303.23	240604_eggPEO_25-35_1.mzXML	30.0	28798.5	2761.1	0.09587652	[5.0..5.0]	[0.5..0.5]	[1.823..1.823]	[52499.664..52499.664]	[0.5..0.5]	[0.5..0.5]	[1.823..1.823]	[52499.664..52499.664]	[0.5..0.5]	[0.5..0.5]	0.90691674	[47612.824..47612.824]
Group-1	PEO 38:5:0	303.23	240604_eggPEO_25-35_1.mzXML	35.0	14087.7	0.0	0.0	[5.0..5.0]	[0.5..0.5]	[2.913..2.913]	[41037.473..41037.473]	[0.5..0.5]	[0.5..0.5]	[2.913..2.913]	[41037.473..41037.473]	[0.5..0.5]	[0.5..0.5]	0.90691674	[37217.57..37217.57]
Group-1	PEO 38:5:0	329.25	240604_eggPEO_25-35_1.mzXML	25.0	117199.9	24404.9	0.20823312	[4.0..4.0]	[0.5..0.5]	[1.585..1.585]	[185761.84..185761.84]	[0.5..0.5]	[0.5..0.5]	[1.585..1.585]	[185761.84..185761.84]	[0.5..0.5]	[0.5..0.5]	0.90691674	[168470.52..168470.52]
Group-1	PEO 38:5:0	329.25	240604_eggPEO_25-35_1.mzXML	30.0	64459.3	21732.3	0.33714762	[4.0..4.0]	[0.5..0.5]	[2.844..2.844]	[183322.27..183322.27]	[0.5..0.5]	[0.5..0.5]	[2.844..2.844]	[183322.27..183322.27]	[0.5..0.5]	[0.5..0.5]	0.90691674	[166258.03..166258.03]
Group-1	PEO 38:5:0	329.25	240604_eggPEO_25-35_1.mzXML	35.0	25769.9	10832.1	0.4203392	[4.6..4.6]	[0.5..0.5]	[5.963..5.963]	[153665.9..153665.9]	[0.5..0.5]	[0.5..0.5]	[5.963..5.963]	[153665.9..153665.9]	[0.5..0.5]	[0.5..0.5]	0.90691674	[139362.19..139362.19]
Group-1	PEO 38:5:0	331.26	240604_eggPEO_25-35_1.mzXML	25.0	32059.7	0.0	0.0	[7.0..10.0]	[0.5..0.5]	[1.03..1.03]	[33021.49..33021.49]	[0.5..0.5]	[0.5..0.5]	[1.03..1.03]	[33021.49..33021.49]	[0.5..0.5]	[0.5..0.5]	0.90691674	[29947.742..29947.742]
Group-1	PEO 38:5:0	331.26	240604_eggPEO_25-35_1.mzXML	30.0	28364.4	0.0	0.0	[7.0..10.0]	[0.5..0.5]	[1.293..1.293]	[36675.168..36675.168]	[0.5..0.5]	[0.5..0.5]	[1.293..1.293]	[36675.168..36675.168]	[0.5..0.5]	[0.5..0.5]	0.90691674	[33261.324..33261.324]
Group-1	PEO 38:5:0	331.26	240604_eggPEO_25-35_1.mzXML	35.0	16425.5	0.0	0.0	[7.0..10.0]	[0.5..0.5]	[1.835..1.835]	[30140.793..30140.793]	[0.5..0.5]	[0.5..0.5]	[1.835..1.835]	[30140.793..30140.793]	[0.5..0.5]	[0.5..0.5]	0.90691674	[27335.19..27335.19]
Group-1	PEO 38:6:0	329.25	240604_eggPEO_25-35_1.mzXML	25.0	112310.0	29683.1	0.26429614	[4.0..4.0]	[0.5..0.5]	[1.585..1.585]	[178011.36..178011.36]	[0.5..0.5]	[0.5..0.5]	[1.585..1.585]	[178011.36..178011.36]	[0.5..0.5]	[0.5..0.5]	0.90900636	[161813.45..161813.45]
Group-1	PEO 38:6:0	329.25	240604_eggPEO_25-35_1.mzXML	30.0	63769.5	25879.0	0.40582097	[4.0..4.0]	[0.5..0.5]	[2.844..2.844]	[181360.47..181360.47]	[0.5..0.5]	[0.5..0.5]	[2.844..2.844]	[181360.47..181360.47]	[0.5..0.5]	[0.5..0.5]	0.90900636	[164857.83..164857.83]
Group-1	PEO 38:6:0	329.25	240604_eggPEO_25-35_1.mzXML	35.0	23103.1	10031.1	0.4341885	[4.5..4.5]	[0.5..0.5]	[5.963..5.963]	[137763.78..137763.78]	[0.5..0.5]	[0.5..0.5]	[5.963..5.963]	[137763.78..137763.78]	[0.5..0.5]	[0.5..0.5]	0.90900636	[125228.16..125228.16]
Group-1	PEO 40:5:0	329.25	240604_eggPEO_25-35_1.mzXML	25.0	142993.7	31399.9	0.2195894	[4.0..4.0]	[0.5..0.5]	[1.585..1.585]	[226645.03..226645.03]	[0.5..0.5]	[0.5..0.5]	[1.585..1.585]	[226645.03..226645.03]	[0.5..0.5]	[0.5..0.5]	0.87881356	[199178.72..199178.72]
Group-1	PEO 40:5:0	329.25	240604_eggPEO_25-35_1.mzXML	30.0	86192.6	25553.4	0.29646862	[4.3..4.3]	[0.5..0.5]	[2.844..2.844]	[245131.77..245131.77]	[0.5..0.5]	[0.5..0.5]	[2.844..2.844]	[245131.77..245131.77]	[0.5..0.5]	[0.5..0.5]	0.87881356	[215425.12..215425.12]
Group-1	PEO 40:5:0	329.25	240604_eggPEO_25-35_1.mzXML	35.0	41160.1	15933.8	0.3871176	[4.9..4.9]	[0.5..0.5]	[5.963..5.963]	[245437.66..245437.66]	[0.5..0.5]	[0.5..0.5]	[5.963..5.963]	[245437.67..245437.67]	[0.5..0.5]	[0.5..0.5]	0.87881356	[215693.95..215693.95]
Group-1	PEO 40:5:0	331.26	240604_eggPEO_25-35_1.mzXML	25.0	81455.3	0.0	0.0	[7.0..10.0]	[0.5..0.5]	[1.03..1.03]	[83898.95..83898.95]	[0.5..0.5]	[0.5..0.5]	[1.03..1.03]	[83898.95..83898.95]	[0.5..0.5]	[0.5..0.5]	0.87881356	[73731.54..73731.54]
Group-1	PEO 40:5:0	331.26	240604_eggPEO_25-35_1.mzXML	30.0	66287.5	0.0	0.0	[7.0..10.0]	[0.5..0.5]	[1.293..1.293]	[85709.734..85709.734]	[0.5..0.5]	[0.5..0.5]	[1.293..1.293]	[85709.734..85709.734]	[0.5..0.5]	[0.5..0.5]	0.87881356	[75322.88..75322.88]
Group-1	PEO 40:5:0	331.26	240604_eggPEO_25-35_1.mzXML	35.0	50441.1	0.0	0.0	[7.0..10.0]	[0.5..0.5]	[1.835..1.835]	[92559.42..92559.42]	[0.5..0.5]	[0.5..0.5]	[1.835..1.835]	[92559.42..92559.42]	[0.5..0.5]	[0.5..0.5]	0.87881356	[81342.48..81342.48]
Group-1	PEO 40:6:0	327.23	240604_eggPEO_25-35_1.mzXML	25.0	51161.9	22734.0	0.44435412	[4.0..4.0]	[0.5..0.5]	[2.216..2.216]	[113374.77..113374.77]	[0.5..0.5]	[0.5..0.5]	[2.216..2.216]	[113374.77..113374.77]	[0.5..0.5]	[0.5..0.5]	0.88077503	[99857.664..99857.664]
Group-1	PEO 40:6:0	327.23	240604_eggPEO_25-35_1.mzXML	30.0	20165.4	18606.7	0.92270416	[4.0..4.0]	[0.5..0.5]	[5.055..5.055]	[101936.09..101936.09]	[0.5..0.5]	[0.5..0.5]	[5.055..5.055]	[101936.09..101936.09]	[0.5..0.5]	[0.5..0.5]	0.88077503	[89782.77..89782.77]
Group-1	PEO 40:6:0	327.23	240604_eggPEO_25-35_1.mzXML	35.0	0.0	8719.3	0.0	[4.0..4.0]	[0.5..0.5]	[14.039..14.039]	[0.0..0.0]	[0.5..0.5]	[0.5..0.5]	[14.039..14.039]	[0.0..0.0]	[0.5..0.5]	[0.5..0.5]	0.88077503	[0.0..0.0]
Group-1	PEO 40:6:0	329.25	240604_eggPEO_25-35_1.mzXML	25.0	132090.7	33127.0	0.2507898	[4.0..4.0]	[0.5..0.5]	[1.585..1.585]	[209363.77..209363.77]	[0.5..0.5]	[0.5..0.5]	[1.585..1.585]	[209363.77..209363.77]	[0.5..0.5]	[0.5..0.5]	0.88077503	[184402.39..184402.39]
Group-1	PEO 40:6:0	329.25	240604_eggPEO_25-35_1.mzXML	30.0	74365.8	21114.3	0.28392488	[4.5..4.5]	[0.5..0.5]	[2.844..2.844]	[211496.34..211496.34]	[0.5..0.5]	[0.5..0.5]	[2.844..2.844]	[211496.33..211496.33]	[0.5..0.5]	[0.5..0.5]	0.88077503	[186280.7..186280.7]
Group-1	PEO 40:6:0	329.25	240604_eggPEO_25-35_1.mzXML	35.0	26104.7	12244.4	0.46904966	[4.3..4.3]	[0.5..0.5]	[5.963..5.963]	[155662.31..155662.31]	[0.5..0.5]	[0.5..0.5]	[5.963..5.963]	[155662.31..155662.31]	[0.5..0.5]	[0.5..0.5]	0.88077503	[137103.48..137103.48]
Group-1	PEO 34:3:0	277.22	240604_eggPEO_25-35_2.mzXML	25.0	3408.9	0.0	0.0	[6.0..9.0]	[0.5..0.5]	[1.068..1.068]	[3640.705..3640.705]	[0.5..0.5]	[0.5..0.5]	[1.068..1.068]	[3640.7048..3640.7048]	[0.5..0.5]	[0.5..0.5]	0.96459365	[3511.8008..3511.8008]
Group-1	PEO 34:3:0	277.22	240604_eggPEO_25-35_2.mzXML	30.0	2502.4	0.0	0.0	[6.0..9.0]	[0.5..0.5]	[1.288..1.288]	[3223.091..3223.091]	[0.5..0.5]	[0.5..0.5]	[1.288..1.288]	[3223.091..3223.091]	[0.5..0.5]	[0.5..0.5]	0.96459365	[3108.9731..3108.9731]
Group-1	PEO 34:3:0	277.22	240604_eggPEO_25-35_2.mzXML	35.0	2174.5	0.0	0.0	[6.0..9.0]	[0.5..0.5]	[1.66..1.66]	[3609.67..3609.67]	[0.5..0.5]	[0.5..0.5]	[1.66..1.66]	[3609.67..3609.67]	[0.5..0.5]	[0.5..0.5]	0.96459365	[3481.8645..3481.8645]
Group-1	PEO 36:2:0	279.23	240604_eggPEO_25-35_2.mzXML	25.0	892532.7	0.0	0.0	[9.0..9.0]	[0.5..0.5]	[0.913..0.913]	[814882.3..814882.3]	[0.5..0.5]	[0.5..0.5]	[0.913..0.913]	[814882.3..814882.3]	[0.5..0.5]	[0.5..0.5]	0.9303483	[758124.4..758124.4]
Group-1	PEO 36:2:0	279.23	240604_eggPEO_25-35_2.mzXML	30.0	997682.0	0.0	0.0	[9.0..9.0]	[0.5..0.5]	[0.937..0.937]	[934828.06..934828.06]	[0.5..0.5]	[0.5..0.5]	[0.937..0.937]	[934828.0..934828.0]	[0.5..0.5]	[0.5..0.5]	0.9303483	[869715.6..869715.6]
Group-1	PEO 36:2:0	279.23	240604_eggPEO_25-35_2.mzXML	35.0	864010.6	0.0	0.0	[9.0..9.0]	[0.5..0.5]	[0.999..0.999]	[863146.6..863146.6]	[0.5..0.5]	[0.5..0.5]	[0.999..0.999]	[863146.6..863146.6]	[0.5..0.5]	[0.5..0.5]	0.9303483	[803027.0..803027.0]
Group-1	PEO 36:3:0	277.22	240604_eggPEO_25-35_2.mzXML	25.0	10234.7	0.0	0.0	[6.0..9.0]	[0.5..0.5]	[1.068..1.068]	[10930.659..10930.659]	[0.5..0.5]	[0.5..0.5]	[1.068..1.068]	[10930.659..10930.659]	[0.5..0.5]	[0.5..0.5]	0.9325677	[10193.58..10193.58]
Group-1	PEO 36:3:0	277.22	240604_eggPEO_25-35_2.mzXML	30.0	9062.3	0.0	0.0	[6.0..9.0]	[0.5..0.5]	[1.288..1.288]	[11672.242..11672.242]	[0.5..0.5]	[0.5..0.5]	[1.288..1.288]	[11672.242..11672.242]	[0.5..0.5]	[0.5..0.5]	0.9325677	[10885.156..10885.156]
Group-1	PEO 36:3:0	277.22	240604_eggPEO_25-35_2.mzXML	35.0	7230.6	0.0	0.0	[6.0..9.0]	[0.5..0.5]	[1.66..1.66]	[12002.796..12002.796]	[0.5..0.5]	[0.5..0.5]	[1.66..1.66]	[12002.796..12002.796]	[0.5..0.5]	[0.5..0.5]	0.9325677	[11193.42..11193.42]
Group-1	PEO 36:3:0	279.23	240604_eggPEO_25-35_2.mzXML	25.0	768960.6	0.0	0.0	[9.0..9.0]	[0.5..0.5]	[0.913..0.913]	[702061.06..702061.06]	[0.5..0.5]	[0.5..0.5]	[0.913..0.913]	[702061.06..702061.06]	[0.5..0.5]	[0.5..0.5]	0.9325677	[654719.5..654719.5]
Group-1	PEO 36:3:0	279.23	240604_eggPEO_25-35_2.mzXML	30.0	745855.3	0.0	0.0	[9.0..9.0]	[0.5..0.5]	[0.937..0.937]	[698866.44..698866.44]	[0.5..0.5]	[0.5..0.5]	[0.937..0.937]	[698866.44..698866.44]	[0.5..0.5]	[0.5..0.5]	0.9325677	[651740.25..651740.25]
Group-1	PEO 36:3:0	279.23	240604_eggPEO_25-35_2.mzXML	35.0	660356.9	0.0	0.0	[9.0..9.0]	[0.5..0.5]	[0.999..0.999]	[659696.5..659696.5]	[0.5..0.5]	[0.5..0.5]	[0.999..0.999]	[659696.5..659696.5]	[0.5..0.5]	[0.5..0.5]	0.9325677	[615211.7..615211.7]
Group-1	PEO 36:3:0	281.25	240604_eggPEO_25-35_2.mzXML	25.0	136122.5	0.0	0.0	[9.0..9.0]	[0.5..0.5]	[0.914..0.914]	[124415.96..124415.96]	[0.5..0.5]	[0.5..0.5]	[0.914..0.914]	[124415.96..124415.96]	[0.5..0.5]	[0.5..0.5]	0.9325677	[116026.305..116026.305]
Group-1	PEO 36:3:0	281.25	240604_eggPEO_25-35_2.mzXML	30.0	130501.2	0.0	0.0	[9.0..9.0]	[0.5..0.5]	[0.902..0.902]	[117712.086..117712.086]	[0.5..0.5]	[0.5..0.5]	[0.902..0.902]	[117712.086..117712.086]	[0.5..0.5]	[0.5..0.5]	0.9325677	[109774.49..109774.49]
Group-1	PEO 36:3:0	281.25	240604_eggPEO_25-35_2.mzXML	35.0	117904.5	0.0	0.0	[9.0..9.0]	[0.5..0.5]	[0.907..0.907]	[106939.38..106939.38]	[0.5..0.5]	[0.5..0.5]	[0.907..0.907]	[106939.38..106939.38]	[0.5..0.5]	[0.5..0.5]	0.9325677	[99728.21..99728.21]
Group-1	PEO 36:5:0	303.23	240604_eggPEO_25-35_2.mzXML	25.0	35552.3	2556.9	0.0719194	[5.0..5.0]	[0.5..0.5]	[1.269..1.269]	[45115.87..45115.87]	[0.5..0.5]	[0.5..0.5]	[1.269..1.269]	[45115.87..45115.87]	[0.5..0.5]	[0.5..0.5]	0.93703	[42274.926..42274.926]
Group-1	PEO 36:5:0	303.23	240604_eggPEO_25-35_2.mzXML	30.0	22302.1	2607.8	0.11693069	[5.0..5.0]	[0.5..0.5]	[1.823..1.823]	[40656.727..40656.727]	[0.5..0.5]	[0.5..0.5]	[1.823..1.823]	[40656.727..40656.727]	[0.5..0.5]	[0.5..0.5]	0.93703	[38096.574..38096.574]
Group-1	PEO 36:5:0	303.23	240604_eggPEO_25-35_2.mzXML	35.0	11990.7	1851.3	0.15439466	[5.0..5.0]	[0.5..0.5]	[2.913..2.913]	[34928.91..34928.91]	[0.5..0.5]	[0.5..0.5]	[2.913..2.913]	[34928.91..34928.91]	[0.5..0.5]	[0.5..0.5]	0.93703	[32729.44..32729.44]
Group-1	PEO 38:5:0	303.23	240604_eggPEO_25-35_2.mzXML	25.0	39771.1	3198.7	0.08042774	[5.0..5.0]	[0.5..0.5]	[1.269..1.269]	[50469.53..50469.53]	[0.5..0.5]	[0.5..0.5]	[1.269..1.269]	[50469.53..50469.53]	[0.5..0.5]	[0.5..0.5]	0.90691674	[45771.66..45771.66]
Group-1	PEO 38:5:0	303.23	240604_eggPEO_25-35_2.mzXML	30.0	26658.8	2799.6	0.10501598	[5.0..5.0]	[0.5..0.5]	[1.823..1.823]	[48598.992..48598.992]	[0.5..0.5]	[0.5..0.5]	[1.823..1.823]	[48598.992..48598.992]	[0.5..0.5]	[0.5..0.5]	0.90691674	[44075.24..44075.24]
Group-1	PEO 38:5:0	303.23	240604_eggPEO_25-35_2.mzXML	35.0	13859.8	2424.4	0.17492315	[5.0..5.0]	[0.5..0.5]	[2.913..2.913]	[40373.598..40373.598]	[0.5..0.5]	[0.5..0.5]	[2.913..2.913]	[40373.598..40373.598]	[0.5..0.5]	[0.5..0.5]	0.90691674	[36615.492..36615.492]
Group-1	PEO 38:5:0	329.25	240604_eggPEO_25-35_2.mzXML	25.0	113767.9	28244.4	0.24826336	[4.0..4.0]	[0.5..0.5]	[1.585..1.585]	[180322.12..180322.12]	[0.5..0.5]	[0.5..0.5]	[1.585..1.585]	[180322.12..180322.12]	[0.5..0.5]	[0.5..0.5]	0.90691674	[163537.14..163537.14]
Group-1	PEO 38:5:0	329.25	240604_eggPEO_25-35_2.mzXML	30.0	66947.3	21061.3	0.31459525	[4.1..4.1]	[0.5..0.5]	[2.844..2.844]	[190398.12..190398.12]	[0.5..0.5]	[0.5..0.5]	[2.844..2.844]	[190398.12..190398.12]	[0.5..0.5]	[0.5..0.5]	0.90691674	[172675.25..172675.25]
Group-1	PEO 38:5:0	329.25	240604_eggPEO_25-35_2.mzXML	35.0	27758.3	11299.1	0.407053	[4.8..4.8]	[0.5..0.5]	[5.963..5.963]	[165522.75..165522.75]	[0.5..0.5]	[0.5..0.5]	[5.963..5.963]	[165522.75..165522.75]	[0.5..0.5]	[0.5..0.5]	0.90691674	[150115.34..150115.34]
Group-1	PEO 38:5:0	331.26	240604_eggPEO_25-35_2.mzXML	25.0	34979.9	0.0	0.0	[7.0..10.0]	[0.5..0.5]	[1.03..1.03]	[36029.293..36029.293]	[0.5..0.5]	[0.5..0.5]	[1.03..1.03]	[36029.293..36029.293]	[0.5..0.5]	[0.5..0.5]	0.90691674	[32675.57..32675.57]
Group-1	PEO 38:5:0	331.26	240604_eggPEO_25-35_2.mzXML	30.0	27222.2	0.0	0.0	[7.0..10.0]	[0.5..0.5]	[1.293..1.293]	[35198.305..35198.305]	[0.5..0.5]	[0.5..0.5]	[1.293..1.293]	[35198.305..35198.305]	[0.5..0.5]	[0.5..0.5]	0.90691674	[31921.93..31921.93]
Group-1	PEO 38:5:0	331.26	240604_eggPEO_25-35_2.mzXML	35.0	18197.5	0.0	0.0	[7.0..10.0]	[0.5..0.5]	[1.835..1.835]	[33392.414..33392.414]	[0.5..0.5]	[0.5..0.5]	[1.835..1.835]	[33392.414..33392.414]	[0.5..0.5]	[0.5..0.5]	0.90691674	[30284.139..30284.139]
Group-1	PEO 38:6:0	329.25	240604_eggPEO_25-35_2.mzXML	25.0	105025.4	28800.7	0.27422604	[4.0..4.0]	[0.5..0.5]	[1.585..1.585]	[166465.27..166465.27]	[0.5..0.5]	[0.5..0.5]	[1.585..1.585]	[166465.27..166465.27]	[0.5..0.5]	[0.5..0.5]	0.90900636	[151317.98..151317.98]
Group-1	PEO 38:6:0	329.25	240604_eggPEO_25-35_2.mzXML	30.0	52646.8	18108.4	0.34396014	[4.0..4.0]	[0.5..0.5]	[2.844..2.844]	[149727.5..149727.5]	[0.5..0.5]	[0.5..0.5]	[2.844..2.844]	[149727.5..149727.5]	[0.5..0.5]	[0.5..0.5]	0.90900636	[136103.25..136103.25]
Group-1	PEO 38:6:0	329.25	240604_eggPEO_25-35_2.mzXML	35.0	20435.7	11340.2	0.5549211	[4.0..4.0]	[0.5..0.5]	[5.963..5.963]	[121858.07..121858.07]	[0.5..0.5]	[0.5..0.5]	[5.963..5.963]	[121858.07..121858.07]	[0.5..0.5]	[0.5..0.5]	0.90900636	[110769.76..110769.76]
Group-1	PEO 40:5:0	329.25	240604_eggPEO_25-35_2.mzXML	25.0	143775.7	31271.9	0.21750477	[4.0..4.0]	[0.5..0.5]	[1.585..1.585]	[227884.5..227884.5]	[0.5..0.5]	[0.5..0.5]	[1.585..1.585]	[227884.5..227884.5]	[0.5..0.5]	[0.5..0.5]	0.87881356	[200267.98..200267.98]
Group-1	PEO 40:5:0	329.25	240604_eggPEO_25-35_2.mzXML	30.0	79715.5	24414.8	0.3062742	[4.2..4.2]	[0.5..0.5]	[2.844..2.844]	[226710.89..226710.89]	[0.5..0.5]	[0.5..0.5]	[2.844..2.844]	[226710.89..226710.89]	[0.5..0.5]	[0.5..0.5]	0.87881356	[199236.61..199236.61]
Group-1	PEO 40:5:0	329.25	240604_eggPEO_25-35_2.mzXML	35.0	39322.2	13970.3	0.3552777	[5.1..5.1]	[0.5..0.5]	[5.963..5.963]	[234478.27..234478.27]	[0.5..0.5]	[0.5..0.5]	[5.963..5.963]	[234478.27..234478.27]	[0.5..0.5]	[0.5..0.5]	0.87881356	[206062.69..206062.69]
Group-1	PEO 40:5:0	331.26	240604_eggPEO_25-35_2.mzXML	25.0	79981.5	0.0	0.0	[7.0..10.0]	[0.5..0.5]	[1.03..1.03]	[82380.945..82380.945]	[0.5..0.5]	[0.5..0.5]	[1.03..1.03]	[82380.945..82380.945]	[0.5..0.5]	[0.5..0.5]	0.87881356	[72397.49..72397.49]
Group-1	PEO 40:5:0	331.26	240604_eggPEO_25-35_2.mzXML	30.0	71770.9	0.0	0.0	[7.0..10.0]	[0.5..0.5]	[1.293..1.293]	[92799.77..92799.77]	[0.5..0.5]	[0.5..0.5]	[1.293..1.293]	[92799.77..92799.77]	[0.5..0.5]	[0.5..0.5]	0.87881356	[81553.695..81553.695]
Group-1	PEO 40:5:0	331.26	240604_eggPEO_25-35_2.mzXML	35.0	45512.0	0.0	0.0	[7.0..10.0]	[0.5..0.5]	[1.835..1.835]	[83514.52..83514.52]	[0.5..0.5]	[0.5..0.5]	[1.835..1.835]	[83514.52..83514.52]	[0.5..0.5]	[0.5..0.5]	0.87881356	[73393.695..73393.695]
Group-1	PEO 40:6:0	327.23	240604_eggPEO_25-35_2.mzXML	25.0	46038.1	20390.0	0.442894	[4.0..4.0]	[0.5..0.5]	[2.216..2.216]	[102020.44..102020.44]	[0.5..0.5]	[0.5..0.5]	[2.216..2.216]	[102020.44..102020.44]	[0.5..0.5]	[0.5..0.5]	0.88077503	[89857.055..89857.055]
Group-1	PEO 40:6:0	327.23	240604_eggPEO_25-35_2.mzXML	30.0	24643.2	17233.3	0.6993126	[4.0..4.0]	[0.5..0.5]	[5.055..5.055]	[124571.37..124571.37]	[0.5..0.5]	[0.5..0.5]	[5.055..5.055]	[124571.37..124571.37]	[0.5..0.5]	[0.5..0.5]	0.88077503	[109719.35..109719.35]
Group-1	PEO 40:6:0	327.23	240604_eggPEO_25-35_2.mzXML	35.0	7529.6	0.0	0.0	[4.0..4.0]	[0.5..0.5]	[14.039..14.039]	[105708.055..105708.055]	[0.5..0.5]	[0.5..0.5]	[14.039..14.039]	[105708.055..105708.055]	[0.5..0.5]	[0.5..0.5]	0.88077503	[93105.016..93105.016]
Group-1	PEO 40:6:0	329.25	240604_eggPEO_25-35_2.mzXML	25.0	120222.4	34877.2	0.29010567	[4.0..4.0]	[0.5..0.5]	[1.585..1.585]	[190552.5..190552.5]	[0.5..0.5]	[0.5..0.5]	[1.585..1.585]	[190552.5..190552.5]	[0.5..0.5]	[0.5..0.5]	0.88077503	[167833.89..167833.89]
Group-1	PEO 40:6:0	329.25	240604_eggPEO_25-35_2.mzXML	30.0	75365.2	26501.9	0.35164636	[4.0..4.0]	[0.5..0.5]	[2.844..2.844]	[214338.64..214338.64]	[0.5..0.5]	[0.5..0.5]	[2.844..2.844]	[214338.64..214338.64]	[0.5..0.5]	[0.5..0.5]	0.88077503	[188784.12..188784.12]
Group-1	PEO 40:6:0	329.25	240604_eggPEO_25-35_2.mzXML	35.0	25271.1	17391.1	0.68818134	[4.0..4.0]	[0.5..0.5]	[5.963..5.963]	[150691.56..150691.56]	[0.5..0.5]	[0.5..0.5]	[5.963..5.963]	[150691.56..150691.56]	[0.5..0.5]	[0.5..0.5]	0.88077503	[132725.38..132725.38]
Group-1	PEO 34:3:0	277.22	240604_eggPEO_25-35_3.mzXML	25.0	2616.8	0.0	0.0	[6.0..9.0]	[0.5..0.5]	[1.068..1.068]	[2794.743..2794.743]	[0.5..0.5]	[0.5..0.5]	[1.068..1.068]	[2794.7424..2794.7424]	[0.5..0.5]	[0.5..0.5]	0.96459365	[2695.7908..2695.7908]
Group-1	PEO 34:3:0	277.22	240604_eggPEO_25-35_3.mzXML	30.0	2618.0	0.0	0.0	[6.0..9.0]	[0.5..0.5]	[1.288..1.288]	[3371.984..3371.984]	[0.5..0.5]	[0.5..0.5]	[1.288..1.288]	[3371.984..3371.984]	[0.5..0.5]	[0.5..0.5]	0.96459365	[3252.5942..3252.5942]
Group-1	PEO 34:3:0	277.22	240604_eggPEO_25-35_3.mzXML	35.0	1985.9	0.0	0.0	[6.0..9.0]	[0.5..0.5]	[1.66..1.66]	[3296.594..3296.594]	[0.5..0.5]	[0.5..0.5]	[1.66..1.66]	[3296.594..3296.594]	[0.5..0.5]	[0.5..0.5]	0.96459365	[3179.8735..3179.8735]
Group-1	PEO 36:2:0	279.23	240604_eggPEO_25-35_3.mzXML	25.0	906269.1	0.0	0.0	[9.0..9.0]	[0.5..0.5]	[0.913..0.913]	[827423.7..827423.7]	[0.5..0.5]	[0.5..0.5]	[0.913..0.913]	[827423.7..827423.7]	[0.5..0.5]	[0.5..0.5]	0.9303483	[769792.25..769792.25]
Group-1	PEO 36:2:0	279.23	240604_eggPEO_25-35_3.mzXML	30.0	986829.5	0.0	0.0	[9.0..9.0]	[0.5..0.5]	[0.937..0.937]	[924659.2..924659.2]	[0.5..0.5]	[0.5..0.5]	[0.937..0.937]	[924659.2..924659.2]	[0.5..0.5]	[0.5..0.5]	0.9303483	[860255.1..860255.1]
Group-1	PEO 36:2:0	279.23	240604_eggPEO_25-35_3.mzXML	35.0	808105.4	0.0	0.0	[9.0..9.0]	[0.5..0.5]	[0.999..0.999]	[807297.25..807297.25]	[0.5..0.5]	[0.5..0.5]	[0.999..0.999]	[807297.25..807297.25]	[0.5..0.5]	[0.5..0.5]	0.9303483	[751067.6..751067.6]
Group-1	PEO 36:3:0	277.22	240604_eggPEO_25-35_3.mzXML	25.0	9662.9	0.0	0.0	[6.0..9.0]	[0.5..0.5]	[1.068..1.068]	[10319.978..10319.978]	[0.5..0.5]	[0.5..0.5]	[1.068..1.068]	[10319.978..10319.978]	[0.5..0.5]	[0.5..0.5]	0.9325677	[9624.077..9624.077]
Group-1	PEO 36:3:0	277.22	240604_eggPEO_25-35_3.mzXML	30.0	9178.5	0.0	0.0	[6.0..9.0]	[0.5..0.5]	[1.288..1.288]	[11821.908..11821.908]	[0.5..0.5]	[0.5..0.5]	[1.288..1.288]	[11821.908..11821.908]	[0.5..0.5]	[0.5..0.5]	0.9325677	[11024.73..11024.73]
Group-1	PEO 36:3:0	277.22	240604_eggPEO_25-35_3.mzXML	35.0	6925.8	0.0	0.0	[6.0..9.0]	[0.5..0.5]	[1.66..1.66]	[11496.827..11496.827]	[0.5..0.5]	[0.5..0.5]	[1.66..1.66]	[11496.827..11496.827]	[0.5..0.5]	[0.5..0.5]	0.9325677	[10721.57..10721.57]
Group-1	PEO 36:3:0	279.23	240604_eggPEO_25-35_3.mzXML	25.0	745898.0	0.0	0.0	[9.0..9.0]	[0.5..0.5]	[0.913..0.913]	[681004.9..681004.9]	[0.5..0.5]	[0.5..0.5]	[0.913..0.913]	[681004.9..681004.9]	[0.5..0.5]	[0.5..0.5]	0.9325677	[635083.1..635083.1]
Group-1	PEO 36:3:0	279.23	240604_eggPEO_25-35_3.mzXML	30.0	757993.7	0.0	0.0	[9.0..9.0]	[0.5..0.5]	[0.937..0.937]	[710240.06..710240.06]	[0.5..0.5]	[0.5..0.5]	[0.937..0.937]	[710240.06..710240.06]	[0.5..0.5]	[0.5..0.5]	0.9325677	[662346.94..662346.94]
Group-1	PEO 36:3:0	279.23	240604_eggPEO_25-35_3.mzXML	35.0	647306.6	0.0	0.0	[9.0..9.0]	[0.5..0.5]	[0.999..0.999]	[646659.3..646659.3]	[0.5..0.5]	[0.5..0.5]	[0.999..0.999]	[646659.3..646659.3]	[0.5..0.5]	[0.5..0.5]	0.9325677	[603053.6..603053.6]
Group-1	PEO 36:3:0	281.25	240604_eggPEO_25-35_3.mzXML	25.0	129660.4	0.0	0.0	[9.0..9.0]	[0.5..0.5]	[0.914..0.914]	[118509.6..118509.6]	[0.5..0.5]	[0.5..0.5]	[0.914..0.914]	[118509.6..118509.6]	[0.5..0.5]	[0.5..0.5]	0.9325677	[110518.23..110518.23]
Group-1	PEO 36:3:0	281.25	240604_eggPEO_25-35_3.mzXML	30.0	127182.8	0.0	0.0	[9.0..9.0]	[0.5..0.5]	[0.902..0.902]	[114718.88..114718.88]	[0.5..0.5]	[0.5..0.5]	[0.902..0.902]	[114718.88..114718.88]	[0.5..0.5]	[0.5..0.5]	0.9325677	[106983.125..106983.125]
Group-1	PEO 36:3:0	281.25	240604_eggPEO_25-35_3.mzXML	35.0	120820.9	0.0	0.0	[9.0..9.0]	[0.5..0.5]	[0.907..0.907]	[109584.555..109584.555]	[0.5..0.5]	[0.5..0.5]	[0.907..0.907]	[109584.555..109584.555]	[0.5..0.5]	[0.5..0.5]	0.9325677	[102195.02..102195.02]
Group-1	PEO 36:5:0	303.23	240604_eggPEO_25-35_3.mzXML	25.0	34026.7	2258.1	0.0663626	[5.0..5.0]	[0.5..0.5]	[1.269..1.269]	[43179.883..43179.883]	[0.5..0.5]	[0.5..0.5]	[1.269..1.269]	[43179.883..43179.883]	[0.5..0.5]	[0.5..0.5]	0.93703	[40460.848..40460.848]
Group-1	PEO 36:5:0	303.23	240604_eggPEO_25-35_3.mzXML	30.0	24104.6	2577.9	0.10694639	[5.0..5.0]	[0.5..0.5]	[1.823..1.823]	[43942.684..43942.684]	[0.5..0.5]	[0.5..0.5]	[1.823..1.823]	[43942.684..43942.684]	[0.5..0.5]	[0.5..0.5]	0.93703	[41175.613..41175.613]
Group-1	PEO 36:5:0	303.23	240604_eggPEO_25-35_3.mzXML	35.0	10946.0	1833.2	0.1674767	[5.0..5.0]	[0.5..0.5]	[2.913..2.913]	[31885.7..31885.7]	[0.5..0.5]	[0.5..0.5]	[2.913..2.913]	[31885.7..31885.7]	[0.5..0.5]	[0.5..0.5]	0.93703	[29877.857..29877.857]
Group-1	PEO 38:5:0	303.23	240604_eggPEO_25-35_3.mzXML	25.0	37866.7	2864.3	0.07564166	[5.0..5.0]	[0.5..0.5]	[1.269..1.269]	[48052.844..48052.844]	[0.5..0.5]	[0.5..0.5]	[1.269..1.269]	[48052.844..48052.844]	[0.5..0.5]	[0.5..0.5]	0.90691674	[43579.926..43579.926]
Group-1	PEO 38:5:0	303.23	240604_eggPEO_25-35_3.mzXML	30.0	25677.3	3346.6	0.13033302	[5.0..5.0]	[0.5..0.5]	[1.823..1.823]	[46809.72..46809.72]	[0.5..0.5]	[0.5..0.5]	[1.823..1.823]	[46809.72..46809.72]	[0.5..0.5]	[0.5..0.5]	0.90691674	[42452.516..42452.516]
Group-1	PEO 38:5:0	303.23	240604_eggPEO_25-35_3.mzXML	35.0	12762.7	0.0	0.0	[5.0..5.0]	[0.5..0.5]	[2.913..2.913]	[37177.746..37177.746]	[0.5..0.5]	[0.5..0.5]	[2.913..2.913]	[37177.746..37177.746]	[0.5..0.5]	[0.5..0.5]	0.90691674	[33717.12..33717.12]
Group-1	PEO 38:5:0	329.25	240604_eggPEO_25-35_3.mzXML	25.0	107550.6	26687.5	0.24813901	[4.0..4.0]	[0.5..0.5]	[1.585..1.585]	[170467.7..170467.7]	[0.5..0.5]	[0.5..0.5]	[1.585..1.585]	[170467.7..170467.7]	[0.5..0.5]	[0.5..0.5]	0.90691674	[154600.02..154600.02]
Group-1	PEO 38:5:0	329.25	240604_eggPEO_25-35_3.mzXML	30.0	63642.0	19952.5	0.31351152	[4.1..4.1]	[0.5..0.5]	[2.844..2.844]	[180997.86..180997.86]	[0.5..0.5]	[0.5..0.5]	[2.844..2.844]	[180997.86..180997.86]	[0.5..0.5]	[0.5..0.5]	0.90691674	[164149.98..164149.98]
Group-1	PEO 38:5:0	329.25	240604_eggPEO_25-35_3.mzXML	35.0	25890.8	10726.8	0.41430932	[4.7..4.7]	[0.5..0.5]	[5.963..5.963]	[154386.84..154386.84]	[0.5..0.5]	[0.5..0.5]	[5.963..5.963]	[154386.84..154386.84]	[0.5..0.5]	[0.5..0.5]	0.90691674	[140016.02..140016.02]
Group-1	PEO 38:5:0	331.26	240604_eggPEO_25-35_3.mzXML	25.0	30999.9	0.0	0.0	[7.0..10.0]	[0.5..0.5]	[1.03..1.03]	[31929.896..31929.896]	[0.5..0.5]	[0.5..0.5]	[1.03..1.03]	[31929.896..31929.896]	[0.5..0.5]	[0.5..0.5]	0.90691674	[28957.758..28957.758]
Group-1	PEO 38:5:0	331.26	240604_eggPEO_25-35_3.mzXML	30.0	25614.4	0.0	0.0	[7.0..10.0]	[0.5..0.5]	[1.293..1.293]	[33119.418..33119.418]	[0.5..0.5]	[0.5..0.5]	[1.293..1.293]	[33119.418..33119.418]	[0.5..0.5]	[0.5..0.5]	0.90691674	[30036.557..30036.557]
Group-1	PEO 38:5:0	331.26	240604_eggPEO_25-35_3.mzXML	35.0	16433.3	0.0	0.0	[7.0..10.0]	[0.5..0.5]	[1.835..1.835]	[30155.107..30155.107]	[0.5..0.5]	[0.5..0.5]	[1.835..1.835]	[30155.107..30155.107]	[0.5..0.5]	[0.5..0.5]	0.90691674	[27348.172..27348.172]
Group-1	PEO 38:6:0	329.25	240604_eggPEO_25-35_3.mzXML	25.0	118679.2	27421.5	0.23105565	[4.0..4.0]	[0.5..0.5]	[1.585..1.585]	[188106.55..188106.55]	[0.5..0.5]	[0.5..0.5]	[1.585..1.585]	[188106.55..188106.55]	[0.5..0.5]	[0.5..0.5]	0.90900636	[170990.05..170990.05]
Group-1	PEO 38:6:0	329.25	240604_eggPEO_25-35_3.mzXML	30.0	54288.9	19333.4	0.3561207	[4.0..4.0]	[0.5..0.5]	[2.844..2.844]	[154397.62..154397.62]	[0.5..0.5]	[0.5..0.5]	[2.844..2.844]	[154397.62..154397.62]	[0.5..0.5]	[0.5..0.5]	0.90900636	[140348.42..140348.42]
Group-1	PEO 38:6:0	329.25	240604_eggPEO_25-35_3.mzXML	35.0	16541.8	9133.4	0.55214065	[4.0..4.0]	[0.5..0.5]	[5.963..5.963]	[98638.76..98638.76]	[0.5..0.5]	[0.5..0.5]	[5.963..5.963]	[98638.76..98638.76]	[0.5..0.5]	[0.5..0.5]	0.90900636	[89663.26..89663.26]
Group-1	PEO 40:5:0	329.25	240604_eggPEO_25-35_3.mzXML	25.0	143960.9	31691.0	0.22013615	[4.0..4.0]	[0.5..0.5]	[1.585..1.585]	[228178.05..228178.05]	[0.5..0.5]	[0.5..0.5]	[1.585..1.585]	[228178.05..228178.05]	[0.5..0.5]	[0.5..0.5]	0.87881356	[200525.95..200525.95]
Group-1	PEO 40:5:0	329.25	240604_eggPEO_25-35_3.mzXML	30.0	75870.3	24142.6	0.31820884	[4.0..4.0]	[0.5..0.5]	[2.844..2.844]	[215775.12..215775.12]	[0.5..0.5]	[0.5..0.5]	[2.844..2.844]	[215775.12..215775.12]	[0.5..0.5]	[0.5..0.5]	0.87881356	[189626.11..189626.11]
Group-1	PEO 40:5:0	329.25	240604_eggPEO_25-35_3.mzXML	35.0	31369.1	13436.8	0.42834508	[4.6..4.6]	[0.5..0.5]	[5.963..5.963]	[187053.94..187053.94]	[0.5..0.5]	[0.5..0.5]	[5.963..5.963]	[187053.94..187053.94]	[0.5..0.5]	[0.5..0.5]	0.87881356	[164385.53..164385.53]
Group-1	PEO 40:5:0	331.26	240604_eggPEO_25-35_3.mzXML	25.0	78101.1	0.0	0.0	[7.0..10.0]	[0.5..0.5]	[1.03..1.03]	[80444.13..80444.13]	[0.5..0.5]	[0.5..0.5]	[1.03..1.03]	[80444.13..80444.13]	[0.5..0.5]	[0.5..0.5]	0.87881356	[70695.39..70695.39]
Group-1	PEO 40:5:0	331.26	240604_eggPEO_25-35_3.mzXML	30.0	63261.0	0.0	0.0	[7.0..10.0]	[0.5..0.5]	[1.293..1.293]	[81796.47..81796.47]	[0.5..0.5]	[0.5..0.5]	[1.293..1.293]	[81796.47..81796.47]	[0.5..0.5]	[0.5..0.5]	0.87881356	[71883.85..71883.85]
Group-1	PEO 40:5:0	331.26	240604_eggPEO_25-35_3.mzXML	35.0	38649.5	0.0	0.0	[7.0..10.0]	[0.5..0.5]	[1.835..1.835]	[70921.83..70921.83]	[0.5..0.5]	[0.5..0.5]	[1.835..1.835]	[70921.836..70921.836]	[0.5..0.5]	[0.5..0.5]	0.87881356	[62327.066..62327.066]
Group-1	PEO 40:6:0	327.23	240604_eggPEO_25-35_3.mzXML	25.0	48996.2	23798.7	0.4857254	[4.0..4.0]	[0.5..0.5]	[2.216..2.216]	[108575.58..108575.58]	[0.5..0.5]	[0.5..0.5]	[2.216..2.216]	[108575.58..108575.58]	[0.5..0.5]	[0.5..0.5]	0.88077503	[95630.664..95630.664]
Group-1	PEO 40:6:0	327.23	240604_eggPEO_25-35_3.mzXML	30.0	20270.9	14297.5	0.70532143	[4.0..4.0]	[0.5..0.5]	[5.055..5.055]	[102469.4..102469.4]	[0.5..0.5]	[0.5..0.5]	[5.055..5.055]	[102469.4..102469.4]	[0.5..0.5]	[0.5..0.5]	0.88077503	[90252.49..90252.49]
Group-1	PEO 40:6:0	327.23	240604_eggPEO_25-35_3.mzXML	35.0	0.0	7497.7	0.0	[4.0..4.0]	[0.5..0.5]	[14.039..14.039]	[0.0..0.0]	[0.5..0.5]	[0.5..0.5]	[14.039..14.039]	[0.0..0.0]	[0.5..0.5]	[0.5..0.5]	0.88077503	[0.0..0.0]
Group-1	PEO 40:6:0	329.25	240604_eggPEO_25-35_3.mzXML	25.0	124020.6	32450.3	0.2616525	[4.0..4.0]	[0.5..0.5]	[1.585..1.585]	[196572.66..196572.66]	[0.5..0.5]	[0.5..0.5]	[1.585..1.585]	[196572.66..196572.66]	[0.5..0.5]	[0.5..0.5]	0.88077503	[173136.3..173136.3]
Group-1	PEO 40:6:0	329.25	240604_eggPEO_25-35_3.mzXML	30.0	68561.2	23674.8	0.34530902	[4.0..4.0]	[0.5..0.5]	[2.844..2.844]	[194988.06..194988.06]	[0.5..0.5]	[0.5..0.5]	[2.844..2.844]	[194988.06..194988.06]	[0.5..0.5]	[0.5..0.5]	0.88077503	[171740.62..171740.62]
Group-1	PEO 40:6:0	329.25	240604_eggPEO_25-35_3.mzXML	35.0	28604.0	9812.9	0.34306043	[5.2..5.2]	[0.5..0.5]	[5.963..5.963]	[170565.64..170565.64]	[0.5..0.5]	[0.5..0.5]	[5.963..5.963]	[170565.64..170565.64]	[0.5..0.5]	[0.5..0.5]	0.88077503	[150229.97..150229.97]
