PRM,EC,CLASS,PRC,PRDB,PROH,SPECIE,PRERR,PRI:240116_PG_FTMSMS-_1.mzXML,PRI:240116_PG_FTMSMS-_2.mzXML,PRI:240116_PG_FTMSMS-_3.mzXML,PRI:240116_PG_FTMSMS-_4.mzXML,FA1M,FA1C,FA1DB,FA1ERR,FA1I:240116_PG_FTMSMS-_1.mzXML,FA1I:240116_PG_FTMSMS-_2.mzXML,FA1I:240116_PG_FTMSMS-_3.mzXML,FA1I:240116_PG_FTMSMS-_4.mzXML,FA2M,FA2C,FA2DB,FA2ERR,FA2I:240116_PG_FTMSMS-_1.mzXML,FA2I:240116_PG_FTMSMS-_2.mzXML,FA2I:240116_PG_FTMSMS-_3.mzXML,FA2I:240116_PG_FTMSMS-_4.mzXML,FACO2M,FACO2I:240116_PG_FTMSMS-_1.mzXML,FACO2I:240116_PG_FTMSMS-_2.mzXML,FACO2I:240116_PG_FTMSMS-_3.mzXML,FACO2I:240116_PG_FTMSMS-_4.mzXML
#NCE,25,,,,,,,,,,,,,,,,,,,,,,,,,,,,,,,
###,PCFAS,,,,,,,,,,,,,,,,,,,,,,,,,,,,,,,
691.456303861,H68 C36 O10 P1 ,PG,30,1,0,PG 30:1:0,1.08,27346.8,0.0,0.0,26468.6,199.169788361,12,0,-2.84,517.9,678.6,805.0,591.6,281.248748779,18,1,0.51,2506.3,3128.1,2830.9,3027.8,None, None, None, None, None
691.456303861,H68 C36 O10 P1 ,PG,30,1,0,PG 30:1:0,1.08,27346.8,0.0,0.0,26468.6,225.185722351,14,1,-1.26,6651.4,7165.8,7196.2,7816.5,255.233013153,16,0,0.23,5951.2,6714.0,7652.2,5525.1,None, None, None, None, None
691.456303861,H68 C36 O10 P1 ,PG,30,1,0,PG 30:1:0,1.08,27346.8,0.0,0.0,26468.6,227.201396942,14,0,-1.14,4846.7,4896.5,5210.6,4723.9,253.217338562,16,1,0.13,9769.7,10261.3,10285.0,10630.5,None, None, None, None, None
693.471913603,H70 C36 O10 P1 ,PG,30,0,0,PG 30:0:0,1.01,44577.0,64318.8,55220.0,62906.5,227.201370239,14,0,-1.25,36213.1,37243.7,37358.6,37682.4,255.233005524,16,0,0.20,35006.4,35751.9,36663.1,35864.6,None, None, None, None, None
693.471913603,H70 C36 O10 P1 ,PG,30,0,0,PG 30:0:0,1.01,44577.0,64318.8,55220.0,62906.5,241.217193604,15,0,-0.46,925.6,779.9,816.5,601.6,241.217193604,15,0,-0.46,925.6,779.9,816.5,601.6,None, None, None, None, None
707.487279203,H72 C37 O10 P1 ,PG,31,0,0,PG 31:0:0,0.59,26375.1,0.0,0.0,32973.8,227.20136261,14,0,-1.29,540.8,718.6,533.1,694.5,269.248840332,17,0,0.87,513.3,487.6,481.2,566.5,None, None, None, None, None
707.487279203,H72 C37 O10 P1 ,PG,31,0,0,PG 31:0:0,0.59,26375.1,0.0,0.0,32973.8,241.217205048,15,0,-0.42,15212.3,15804.9,15576.8,15456.9,255.23299408,16,0,0.15,87486.2,95807.7,93280.3,93515.5,None, None, None, None, None
717.471989896,H70 C38 O10 P1 ,PG,32,2,0,PG 32:2:0,1.09,241561.8,252364.9,229582.1,236436.6,225.185707092,14,1,-1.32,2089.2,2115.9,1933.0,1822.9,281.248710632,18,1,0.37,6519.4,6239.1,7293.2,7412.5,None, None, None, None, None
717.471989896,H70 C38 O10 P1 ,PG,32,2,0,PG 32:2:0,1.09,241561.8,252364.9,229582.1,236436.6,227.201370239,14,0,-1.25,51451.6,53212.0,52320.9,53621.2,279.233032227,18,2,0.28,161071.9,164110.7,167654.1,170717.8,None, None, None, None, None
717.471989896,H70 C38 O10 P1 ,PG,32,2,0,PG 32:2:0,1.09,241561.8,252364.9,229582.1,236436.6,251.201686859,16,2,0.13,22111.9,22296.0,23756.4,23847.6,255.233013153,16,0,0.23,11065.8,12552.0,13761.9,11125.5,None, None, None, None, None
717.471989896,H70 C38 O10 P1 ,PG,32,2,0,PG 32:2:0,1.09,241561.8,252364.9,229582.1,236436.6,253.217338562,16,1,0.13,61745.0,64130.1,63630.3,64358.0,253.217338562,16,1,0.13,61745.0,64130.1,63630.3,64358.0,None, None, None, None, None
719.48782852,H72 C38 O10 P1 ,PG,32,1,0,PG 32:1:0,1.35,2919417.0,3173809.0,3204920.3,3137816.9,227.201366425,14,0,-1.27,151603.1,176019.3,138945.8,157815.2,281.248733521,18,1,0.46,473480.8,543235.3,491532.2,494079.4,None, None, None, None, None
719.48782852,H72 C38 O10 P1 ,PG,32,1,0,PG 32:1:0,1.35,2919417.0,3173809.0,3204920.3,3137816.9,253.217338562,16,1,0.13,2157706.4,2286823.5,2159461.1,2259949.7,255.23299408,16,0,0.15,859057.2,908222.7,829416.2,871587.9,None, None, None, None, None
721.503407743,H74 C38 O10 P1 ,PG,32,0,0,PG 32:0:0,1.24,1609259.2,1689152.7,1799422.5,1680431.8,227.201358795,14,0,-1.30,3291.9,2941.3,8840.6,2883.2,283.264450073,18,0,0.69,6627.4,0.0,9734.2,0.0,None, None, None, None, None
721.503407743,H74 C38 O10 P1 ,PG,32,0,0,PG 32:0:0,1.24,1609259.2,1689152.7,1799422.5,1680431.8,255.232975006,16,0,0.08,1970061.9,1937049.2,2050042.8,2004951.1,255.232975006,16,0,0.08,1970061.9,1937049.2,2050042.8,2004951.1,None, None, None, None, None
731.487843778,H72 C39 O10 P1 ,PG,33,2,0,PG 33:2:0,1.34,135238.3,164511.1,155213.4,180280.2,239.20154953,15,1,-0.44,1467.4,1699.8,1717.5,1965.1,281.248687744,18,1,0.29,106815.6,113238.9,114711.1,118029.3,None, None, None, None, None
731.487843778,H72 C39 O10 P1 ,PG,33,2,0,PG 33:2:0,1.34,135238.3,164511.1,155213.4,180280.2,241.217197418,15,0,-0.45,41793.8,47080.4,44166.6,42986.7,279.233009338,18,2,0.19,243565.6,260133.5,257739.7,257906.8,None, None, None, None, None
731.487843778,H72 C39 O10 P1 ,PG,33,2,0,PG 33:2:0,1.34,135238.3,164511.1,155213.4,180280.2,253.217342377,16,1,0.15,5590.4,6073.0,5762.3,6205.1,267.233146667,17,1,0.72,4845.3,5460.5,4755.5,4984.7,None, None, None, None, None
731.487843778,H72 C39 O10 P1 ,PG,33,2,0,PG 33:2:0,1.34,135238.3,164511.1,155213.4,180280.2,255.233016968,16,0,0.24,9497.7,12546.8,15318.9,11967.8,265.217498779,17,2,0.73,11988.9,12331.1,13538.3,12607.1,None, None, None, None, None
733.503728178,H74 C39 O10 P1 ,PG,33,1,0,PG 33:1:0,1.66,382103.9,389447.2,396450.4,377230.4,241.217205048,15,0,-0.42,63178.1,64832.3,60643.5,67325.1,281.248710632,18,1,0.37,277837.0,298260.2,302477.5,300494.2,None, None, None, None, None
733.503728178,H74 C39 O10 P1 ,PG,33,1,0,PG 33:1:0,1.66,382103.9,389447.2,396450.4,377230.4,253.217376709,16,1,0.28,11578.0,13464.3,12344.2,13282.0,269.248825073,17,0,0.82,5403.8,5624.3,5685.9,5429.8,None, None, None, None, None
733.503728178,H74 C39 O10 P1 ,PG,33,1,0,PG 33:1:0,1.66,382103.9,389447.2,396450.4,377230.4,255.233016968,16,0,0.24,90821.9,98809.9,94341.5,90874.0,267.233146667,17,1,0.72,182592.0,188108.2,200383.0,196704.2,None, None, None, None, None
735.519353178,H76 C39 O10 P1 ,PG,33,0,0,PG 33:0:0,1.62,37108.5,42318.7,43697.0,47348.3,241.217208862,15,0,-0.40,1509.4,2078.4,1675.7,2004.2,283.264358521,18,0,0.36,4375.8,4978.1,5439.1,4598.0,None, None, None, None, None
735.519353178,H76 C39 O10 P1 ,PG,33,0,0,PG 33:0:0,1.62,37108.5,42318.7,43697.0,47348.3,255.233028412,16,0,0.29,23822.0,25603.6,25564.5,24620.2,269.248832703,17,0,0.84,29292.4,30255.7,30859.3,31699.6,None, None, None, None, None
741.472768095,H70 C40 O10 P1 ,PG,34,4,0,PG 34:4:0,2.10,69445.6,64074.4,58912.1,78071.6,227.201381683,14,0,-1.20,6302.0,6259.0,6366.6,6756.4,303.233100891,20,4,0.48,18057.7,19582.7,18953.5,19394.2,None, None, None, None, None
741.472768095,H70 C40 O10 P1 ,PG,34,4,0,PG 34:4:0,2.10,69445.6,64074.4,58912.1,78071.6,249.186004639,16,3,-0.00,2033.8,1880.9,1745.5,1864.4,281.248748779,18,1,0.51,13356.6,12707.9,14161.2,13871.1,None, None, None, None, None
741.472768095,H70 C40 O10 P1 ,PG,34,4,0,PG 34:4:0,2.10,69445.6,64074.4,58912.1,78071.6,251.201686859,16,2,0.13,4622.5,4466.1,4762.0,5188.7,279.233085632,18,2,0.47,23575.3,25960.0,26002.8,24864.9,None, None, None, None, None
741.472768095,H70 C40 O10 P1 ,PG,34,4,0,PG 34:4:0,2.10,69445.6,64074.4,58912.1,78071.6,253.217357635,16,1,0.21,3834.3,3854.8,3936.3,3893.2,277.217407227,18,3,0.37,10622.5,10880.6,11382.2,11503.5,None, None, None, None, None
741.472768095,H70 C40 O10 P1 ,PG,34,4,0,PG 34:4:0,2.10,69445.6,64074.4,58912.1,78071.6,255.233043671,16,0,0.35,3434.6,3716.6,3622.7,3073.7,275.201728821,18,4,0.27,1139.4,1460.6,1167.5,1509.4,None, None, None, None, None
743.488225248,H72 C40 O10 P1 ,PG,34,3,0,PG 34:3:0,1.84,1360865.7,1531880.3,1493744.2,1507638.7,251.201649984,16,2,-0.02,0.0,9770.0,10454.5,9358.3,281.24874115,18,1,0.48,38608.8,41495.4,45155.1,41373.9,None, None, None, None, None
743.488225248,H72 C40 O10 P1 ,PG,34,3,0,PG 34:3:0,1.84,1360865.7,1531880.3,1493744.2,1507638.7,253.21736145,16,1,0.22,277820.8,294559.7,281520.1,289823.8,279.233062744,18,2,0.39,823233.1,865376.0,858359.6,871596.1,None, None, None, None, None
743.488225248,H72 C40 O10 P1 ,PG,34,3,0,PG 34:3:0,1.84,1360865.7,1531880.3,1493744.2,1507638.7,255.233024597,16,0,0.27,193860.8,216217.3,220275.7,208747.9,277.217407227,18,3,0.37,636684.0,682436.6,673615.0,659528.8,None, None, None, None, None
745.503682401,H74 C40 O10 P1 ,PG,34,2,0,PG 34:2:0,1.57,41921530.8,44761666.6,45168371.9,44732489.2,253.217357635,16,1,0.21,955305.8,918614.5,924340.7,820343.5,281.248710632,18,1,0.37,2597998.2,2664657.3,2528674.0,2772448.3,None, None, None, None, None
745.503682401,H74 C40 O10 P1 ,PG,34,2,0,PG 34:2:0,1.57,41921530.8,44761666.6,45168371.9,44732489.2,255.233013153,16,0,0.23,13257660.0,14653168.2,14170751.6,13517468.0,279.233055115,18,2,0.36,41538993.6,44573656.4,42495507.7,42925544.1,None, None, None, None, None
747.518483427,H76 C40 O10 P1 ,PG,34,1,0,PG 34:1:0,0.43,91021476.1,97692665.7,98646057.8,97368568.1,255.233020782,16,0,0.26,27322497.7,31430270.2,28175353.1,32706969.5,281.24874115,18,1,0.48,87603570.0,99127934.0,91242785.8,98260462.8,None, None, None, None, None
757.503407743,H74 C41 O10 P1 ,PG,35,3,0,PG 35:3:0,1.18,53796.8,53909.4,52851.0,49505.8,241.217163086,15,0,-0.59,1051.4,783.9,1154.2,1105.2,305.248733521,20,3,0.42,6541.1,6899.9,7427.0,7140.6,None, None, None, None, None
757.503407743,H74 C41 O10 P1 ,PG,35,3,0,PG 35:3:0,1.18,53796.8,53909.4,52851.0,49505.8,253.217323303,16,1,0.07,484.3,720.7,533.2,582.6,293.248891195,19,2,0.97,497.0,423.1,0.0,659.5,None, None, None, None, None
757.503407743,H74 C41 O10 P1 ,PG,35,3,0,PG 35:3:0,1.18,53796.8,53909.4,52851.0,49505.8,255.233032227,16,0,0.30,6052.2,7999.9,8639.2,7340.4,291.233230591,19,3,0.95,13980.5,14826.7,14500.5,14528.4,None, None, None, None, None
757.503407743,H74 C41 O10 P1 ,PG,35,3,0,PG 35:3:0,1.18,53796.8,53909.4,52851.0,49505.8,265.217514038,17,2,0.79,1087.1,1614.4,1203.1,1427.0,281.248748779,18,1,0.51,11936.9,14118.3,14591.8,14525.9,None, None, None, None, None
757.503407743,H74 C41 O10 P1 ,PG,35,3,0,PG 35:3:0,1.18,53796.8,53909.4,52851.0,49505.8,267.233161926,17,1,0.77,13886.4,14831.3,15528.2,15958.8,279.233078003,18,2,0.44,92696.8,100594.3,100817.0,100224.2,None, None, None, None, None
757.503407743,H74 C41 O10 P1 ,PG,35,3,0,PG 35:3:0,1.18,53796.8,53909.4,52851.0,49505.8,269.248840332,17,0,0.87,1221.8,1087.3,1444.3,1302.6,277.217414856,18,3,0.40,5051.1,4810.8,4550.7,5077.8,None, None, None, None, None
759.51869705,H76 C41 O10 P1 ,PG,35,2,0,PG 35:2:0,0.71,388841.5,396622.0,382540.0,365902.7,253.217315674,16,1,0.04,0.0,3572.8,3038.5,3663.6,295.264343262,19,1,0.30,3253.8,4122.9,3493.4,4069.5,None, None, None, None, None
759.51869705,H76 C41 O10 P1 ,PG,35,2,0,PG 35:2:0,0.71,388841.5,396622.0,382540.0,365902.7,255.233039856,16,0,0.33,13952.9,16420.0,17646.2,15321.4,293.248908997,19,2,1.04,20630.7,21513.7,22282.0,20284.3,None, None, None, None, None
759.51869705,H76 C41 O10 P1 ,PG,35,2,0,PG 35:2:0,0.71,388841.5,396622.0,382540.0,365902.7,265.217498779,17,2,0.73,3270.5,3833.2,3799.8,3409.2,283.264396667,18,0,0.50,2787.2,4660.5,5022.0,3313.4,None, None, None, None, None
759.51869705,H76 C41 O10 P1 ,PG,35,2,0,PG 35:2:0,0.71,388841.5,396622.0,382540.0,365902.7,267.233161926,17,1,0.77,38201.4,35559.6,36806.7,36734.5,281.248725891,18,1,0.43,142167.7,143746.7,153810.8,155626.7,None, None, None, None, None
759.51869705,H76 C41 O10 P1 ,PG,35,2,0,PG 35:2:0,0.71,388841.5,396622.0,382540.0,365902.7,269.248840332,17,0,0.87,93204.8,95375.2,97511.1,97414.3,279.233055115,18,2,0.36,370480.5,384233.5,388220.1,400043.3,None, None, None, None, None
761.534276273,H78 C41 O10 P1 ,PG,35,1,0,PG 35:1:0,0.61,592018.4,639734.9,628157.7,617309.2,255.233020782,16,0,0.26,73849.1,84255.7,78311.9,77446.8,295.264312744,19,1,0.19,132033.9,158918.4,146203.1,145824.2,None, None, None, None, None
761.534276273,H78 C41 O10 P1 ,PG,35,1,0,PG 35:1:0,0.61,592018.4,639734.9,628157.7,617309.2,267.233161926,17,1,0.77,31321.2,34249.8,33433.3,31624.9,283.264419556,18,0,0.58,15587.6,15959.3,17558.1,14269.2,None, None, None, None, None
761.534276273,H78 C41 O10 P1 ,PG,35,1,0,PG 35:1:0,0.61,592018.4,639734.9,628157.7,617309.2,269.248832703,17,0,0.84,138892.1,155527.1,149522.9,155416.5,281.248725891,18,1,0.43,473451.7,541154.4,498884.0,517299.0,None, None, None, None, None
767.487584379,H72 C42 O10 P1 ,PG,36,5,0,PG 36:5:0,0.94,118578.7,119628.2,151266.0,137817.9,227.201385498,14,0,-1.19,3508.7,3819.8,3901.1,3349.9,329.248825073,22,5,0.67,7889.1,8211.6,8957.3,8301.5,None, None, None, None, None
767.487584379,H72 C42 O10 P1 ,PG,36,5,0,PG 36:5:0,0.94,118578.7,119628.2,151266.0,137817.9,251.201599121,16,2,-0.22,0.0,348.0,0.0,0.0,305.248786926,20,3,0.59,947.3,880.1,942.3,1042.3,None, None, None, None, None
767.487584379,H72 C42 O10 P1 ,PG,36,5,0,PG 36:5:0,0.94,118578.7,119628.2,151266.0,137817.9,253.217353821,16,1,0.19,23402.9,25407.6,25982.5,25111.4,303.233123779,20,4,0.56,67291.8,71456.9,71714.3,74648.4,None, None, None, None, None
767.487584379,H72 C42 O10 P1 ,PG,36,5,0,PG 36:5:0,0.94,118578.7,119628.2,151266.0,137817.9,255.233024597,16,0,0.27,9057.7,9059.4,10158.0,10394.4,301.217422485,20,5,0.39,10546.5,10717.0,10673.4,11190.1,None, None, None, None, None
767.487584379,H72 C42 O10 P1 ,PG,36,5,0,PG 36:5:0,0.94,118578.7,119628.2,151266.0,137817.9,277.217414856,18,3,0.40,12123.2,12339.2,12554.9,13555.5,279.233062744,18,2,0.39,37240.7,40378.5,39719.2,42956.1,None, None, None, None, None
769.503133085,H74 C42 O10 P1 ,PG,36,4,0,PG 36:4:0,0.81,5483116.4,5709578.4,5896755.4,5762518.6,255.233013153,16,0,0.23,1586583.9,1618557.5,1531899.5,1650791.9,303.233139038,20,4,0.61,4574929.6,4590632.3,4581971.2,5016900.1,None, None, None, None, None
769.503133085,H74 C42 O10 P1 ,PG,36,4,0,PG 36:4:0,0.81,5483116.4,5709578.4,5896755.4,5762518.6,277.217376709,18,3,0.26,44545.2,39560.5,42548.2,34886.5,281.248710632,18,1,0.37,47570.7,48291.7,38381.2,51798.0,None, None, None, None, None
769.503133085,H74 C42 O10 P1 ,PG,36,4,0,PG 36:4:0,0.81,5483116.4,5709578.4,5896755.4,5762518.6,279.233062744,18,2,0.39,578009.4,587104.2,538264.2,609404.3,279.233062744,18,2,0.39,578009.4,587104.2,538264.2,609404.3,None, None, None, None, None
771.518651273,H76 C42 O10 P1 ,PG,36,3,0,PG 36:3:0,0.64,3972700.0,4239659.0,4373094.8,4176356.2,255.233013153,16,0,0.23,366999.2,419229.0,392906.8,423772.4,305.248718262,20,3,0.37,1119850.0,1240570.9,1300057.9,1307573.0,None, None, None, None, None
771.518651273,H76 C42 O10 P1 ,PG,36,3,0,PG 36:3:0,0.64,3972700.0,4239659.0,4373094.8,4176356.2,277.217399597,18,3,0.34,102103.5,129194.1,122762.1,127613.6,283.264404297,18,0,0.53,45079.7,39656.9,41959.6,48951.6,None, None, None, None, None
771.518651273,H76 C42 O10 P1 ,PG,36,3,0,PG 36:3:0,0.64,3972700.0,4239659.0,4373094.8,4176356.2,279.233062744,18,2,0.39,2569898.8,2827049.3,2863535.9,2940040.8,281.248718262,18,1,0.40,1223852.8,1407204.7,1430619.9,1459601.5,None, None, None, None, None
773.53432205,H78 C42 O10 P1 ,PG,36,2,0,PG 36:2:0,0.66,17928062.1,19192645.4,19582415.3,19134689.7,255.232978821,16,0,0.09,89322.3,146449.6,115033.6,128455.9,307.264373779,20,2,0.39,419259.4,436126.9,436457.9,410584.7,None, None, None, None, None
773.53432205,H78 C42 O10 P1 ,PG,36,2,0,PG 36:2:0,0.66,17928062.1,19192645.4,19582415.3,19134689.7,279.233062744,18,2,0.39,13521011.0,15595028.4,14983890.4,15862323.3,283.264381409,18,0,0.44,4571843.5,5469652.1,4869328.5,5488971.1,None, None, None, None, None
773.53432205,H78 C42 O10 P1 ,PG,36,2,0,PG 36:2:0,0.66,17928062.1,19192645.4,19582415.3,19134689.7,281.248733521,18,1,0.46,5707680.9,6368075.8,6364299.2,6775101.9,281.248733521,18,1,0.46,5707680.9,6368075.8,6364299.2,6775101.9,None, None, None, None, None
783.518788603,H76 C43 O10 P1 ,PG,37,4,0,PG 37:4:0,0.80,51022.5,72947.6,80435.3,63627.7,241.217208862,15,0,-0.40,0.0,468.0,407.2,0.0,331.264480591,22,4,0.68,29883.4,34039.7,32950.9,34661.2,None, None, None, None, None
783.518788603,H76 C43 O10 P1 ,PG,37,4,0,PG 37:4:0,0.80,51022.5,72947.6,80435.3,63627.7,255.233013153,16,0,0.23,10548.3,11079.4,10604.7,11066.4,317.248626709,21,4,0.07,8283.2,9910.7,8688.5,10115.3,None, None, None, None, None
783.518788603,H76 C43 O10 P1 ,PG,37,4,0,PG 37:4:0,0.80,51022.5,72947.6,80435.3,63627.7,267.233133952,17,1,0.67,528.6,0.0,353.3,586.0,305.24874115,20,3,0.45,3049.7,3726.1,3592.9,4043.5,None, None, None, None, None
783.518788603,H76 C43 O10 P1 ,PG,37,4,0,PG 37:4:0,0.80,51022.5,72947.6,80435.3,63627.7,269.248817444,17,0,0.79,14904.9,17235.6,16185.8,18423.9,303.233108521,20,4,0.51,67046.2,74380.1,72434.1,73777.5,None, None, None, None, None
783.518788603,H76 C43 O10 P1 ,PG,37,4,0,PG 37:4:0,0.80,51022.5,72947.6,80435.3,63627.7,279.233055115,18,2,0.36,3650.3,3888.5,4124.7,4176.4,293.248891195,19,2,0.97,577.3,0.0,364.3,412.2,None, None, None, None, None
783.518788603,H76 C43 O10 P1 ,PG,37,4,0,PG 37:4:0,0.80,51022.5,72947.6,80435.3,63627.7,281.248725891,18,1,0.43,10099.8,10034.0,10134.7,11823.3,291.233161926,19,3,0.71,678.4,631.5,600.9,639.4,None, None, None, None, None
783.518788603,H76 C43 O10 P1 ,PG,37,4,0,PG 37:4:0,0.80,51022.5,72947.6,80435.3,63627.7,283.264427185,18,0,0.61,2527.5,3043.8,3365.1,2498.7,289.217575073,19,4,0.93,2260.7,2628.7,2366.9,3022.6,None, None, None, None, None
787.549824979,H80 C43 O10 P1 ,PG,37,2,0,PG 37:2:0,0.46,76932.2,101600.9,90323.9,95563.9,241.217163086,15,0,-0.59,0.0,0.0,801.4,0.0,335.295806885,22,2,0.75,0.0,448.4,0.0,0.0,None, None, None, None, None
787.549824979,H80 C43 O10 P1 ,PG,37,2,0,PG 37:2:0,0.46,76932.2,101600.9,90323.9,95563.9,269.248825073,17,0,0.82,0.0,1189.3,762.8,0.0,307.264424642,20,2,0.55,3049.6,3955.4,3132.1,0.0,None, None, None, None, None
787.549824979,H80 C43 O10 P1 ,PG,37,2,0,PG 37:2:0,0.46,76932.2,101600.9,90323.9,95563.9,279.233070374,18,2,0.41,72056.5,74910.6,73281.0,75637.5,297.27999115,19,0,0.29,21186.0,20327.3,22024.0,22833.1,None, None, None, None, None
787.549824979,H80 C43 O10 P1 ,PG,37,2,0,PG 37:2:0,0.46,76932.2,101600.9,90323.9,95563.9,281.248725891,18,1,0.43,86764.3,85255.4,83750.7,93073.4,295.264289856,19,1,0.12,11406.0,12254.1,12522.2,11483.4,None, None, None, None, None
787.549824979,H80 C43 O10 P1 ,PG,37,2,0,PG 37:2:0,0.46,76932.2,101600.9,90323.9,95563.9,283.264427185,18,0,0.61,5614.7,6080.1,6685.4,7984.7,293.248931885,19,2,1.11,5567.9,6688.4,5918.2,7216.8,None, None, None, None, None
789.565739896,H82 C43 O10 P1 ,PG,37,1,0,PG 37:1:0,0.80,52180.7,63775.5,69909.4,73009.9,255.232952118,16,0,-0.01,239824.2,225865.4,224621.1,247984.4,323.295715332,21,1,0.49,566.7,0.0,0.0,0.0,None, None, None, None, None
789.565739896,H82 C43 O10 P1 ,PG,37,1,0,PG 37:1:0,0.80,52180.7,63775.5,69909.4,73009.9,269.248921712,17,0,1.18,698.8,881.5,0.0,733.2,309.280105591,20,1,0.65,1605.2,1546.9,2058.8,1450.6,None, None, None, None, None
789.565739896,H82 C43 O10 P1 ,PG,37,1,0,PG 37:1:0,0.80,52180.7,63775.5,69909.4,73009.9,281.24874115,18,1,0.48,62316.1,62759.3,66039.6,67823.2,297.279983521,19,0,0.26,18324.5,17972.7,17313.0,18996.5,None, None, None, None, None
789.565739896,H82 C43 O10 P1 ,PG,37,1,0,PG 37:1:0,0.80,52180.7,63775.5,69909.4,73009.9,283.264404297,18,0,0.53,18130.2,19746.5,20040.7,18309.3,295.264312744,19,1,0.19,23053.4,23087.6,23658.7,24581.4,None, None, None, None, None
793.503300932,H74 C44 O10 P1 ,PG,38,6,0,PG 38:6:0,1.00,1485579.4,1572024.8,1592653.2,1558387.1,253.217342377,16,1,0.15,26169.4,31102.7,26173.1,20432.6,329.248825073,22,5,0.67,15872.9,16498.0,17950.6,20006.7,None, None, None, None, None
793.503300932,H74 C44 O10 P1 ,PG,38,6,0,PG 38:6:0,1.00,1485579.4,1572024.8,1592653.2,1558387.1,255.233001709,16,0,0.18,435182.9,484440.6,465417.9,485495.0,327.233131409,22,6,0.54,769779.0,850494.7,852345.2,853363.5,None, None, None, None, None
793.503300932,H74 C44 O10 P1 ,PG,38,6,0,PG 38:6:0,1.00,1485579.4,1572024.8,1592653.2,1558387.1,279.233039856,18,2,0.30,12480.5,12276.6,12691.3,15721.6,303.233070374,20,4,0.38,28842.5,31320.2,31171.9,32174.4,None, None, None, None, None
799.550343778,H80 C44 O10 P1 ,PG,38,3,0,PG 38:3:0,1.10,862792.0,890934.9,888886.5,898911.9,255.232944489,16,0,-0.04,19329.5,18912.2,22703.9,21235.7,333.280143738,22,3,0.72,24816.8,24438.1,30176.5,24274.5,None, None, None, None, None
799.550343778,H80 C44 O10 P1 ,PG,38,3,0,PG 38:3:0,1.10,862792.0,890934.9,888886.5,898911.9,279.233078003,18,2,0.44,109776.4,114210.4,113626.3,115038.3,309.280059814,20,1,0.50,23277.9,25922.3,23780.6,25462.7,None, None, None, None, None
799.550343778,H80 C44 O10 P1 ,PG,38,3,0,PG 38:3:0,1.10,862792.0,890934.9,888886.5,898911.9,281.248733521,18,1,0.46,109957.9,119227.9,107626.6,118117.1,307.264381409,20,2,0.41,41511.6,51189.3,52805.0,53781.9,None, None, None, None, None
799.550343778,H80 C44 O10 P1 ,PG,38,3,0,PG 38:3:0,1.10,862792.0,890934.9,888886.5,898911.9,283.264411926,18,0,0.55,349140.7,401501.7,386985.8,388221.9,305.248733521,20,3,0.42,732846.9,744274.2,762920.2,794887.2,None, None, None, None, None
801.565984037,H82 C44 O10 P1 ,PG,38,2,0,PG 38:2:0,1.09,219672.0,247445.4,226139.5,221365.7,255.233013153,16,0,0.23,54190.1,92229.2,132659.3,107051.5,335.295845032,22,2,0.86,3934.8,3946.2,4095.1,3913.6,None, None, None, None, None
801.565984037,H82 C44 O10 P1 ,PG,38,2,0,PG 38:2:0,1.09,219672.0,247445.4,226139.5,221365.7,279.233093262,18,2,0.49,77112.5,81040.7,79719.3,85192.1,311.295722961,20,0,0.54,10243.3,10038.8,10837.2,11950.1,None, None, None, None, None
801.565984037,H82 C44 O10 P1 ,PG,38,2,0,PG 38:2:0,1.09,219672.0,247445.4,226139.5,221365.7,281.24874115,18,1,0.48,126021.5,128895.2,130377.1,137665.1,309.280059814,20,1,0.50,37150.7,40944.9,41215.1,42908.3,None, None, None, None, None
801.565984037,H82 C44 O10 P1 ,PG,38,2,0,PG 38:2:0,1.09,219672.0,247445.4,226139.5,221365.7,283.264404297,18,0,0.53,33406.4,32629.6,31678.3,34014.6,307.264434814,20,2,0.58,96755.8,104302.5,104300.7,104831.5,None, None, None, None, None
803.581563261,H84 C44 O10 P1 ,PG,38,1,0,PG 38:1:0,1.00,54945.4,57563.3,53872.9,59687.9,255.233020782,16,0,0.26,320962.7,331427.7,332542.2,381100.4,337.311187744,22,1,-0.05,0.0,0.0,6846.0,0.0,None, None, None, None, None
803.581563261,H84 C44 O10 P1 ,PG,38,1,0,PG 38:1:0,1.00,54945.4,57563.3,53872.9,59687.9,281.24874115,18,1,0.48,158931.3,152328.9,151158.2,157781.4,311.29573822,20,0,0.59,7928.5,8766.6,11950.3,9867.6,None, None, None, None, None
803.581563261,H84 C44 O10 P1 ,PG,38,1,0,PG 38:1:0,1.00,54945.4,57563.3,53872.9,59687.9,283.264396667,18,0,0.50,21496.8,25252.4,24721.1,17431.4,309.280059814,20,1,0.50,44901.7,56924.6,49673.2,61124.5,None, None, None, None, None
809.534398344,H78 C45 O10 P1 ,PG,39,5,0,PG 39:5:0,0.73,30500.1,0.0,0.0,0.0,255.233005524,16,0,0.20,39029.2,40305.9,40046.1,29542.4,343.264251709,23,5,-0.01,0.0,463.8,0.0,768.5,None, None, None, None, None
809.534398344,H78 C45 O10 P1 ,PG,39,5,0,PG 39:5:0,0.73,30500.1,0.0,0.0,0.0,267.233108521,17,1,0.57,0.0,791.1,663.6,0.0,331.264465332,22,4,0.63,10875.5,12018.6,11402.9,12358.2,None, None, None, None, None
809.534398344,H78 C45 O10 P1 ,PG,39,5,0,PG 39:5:0,0.73,30500.1,0.0,0.0,0.0,269.248825073,17,0,0.82,5223.0,5273.1,5535.8,4851.3,329.248809814,22,5,0.62,59148.5,62258.8,61649.7,67177.8,None, None, None, None, None
809.534398344,H78 C45 O10 P1 ,PG,39,5,0,PG 39:5:0,0.73,30500.1,0.0,0.0,0.0,281.248733521,18,1,0.46,31735.2,34662.8,36425.6,35591.5,317.248636882,21,4,0.10,857.6,0.0,832.1,897.3,None, None, None, None, None
809.534398344,H78 C45 O10 P1 ,PG,39,5,0,PG 39:5:0,0.73,30500.1,0.0,0.0,0.0,283.264328003,18,0,0.26,4606.9,6306.4,7047.2,5152.8,315.233062744,21,5,0.34,0.0,914.4,0.0,0.0,None, None, None, None, None
809.534398344,H78 C45 O10 P1 ,PG,39,5,0,PG 39:5:0,0.73,30500.1,0.0,0.0,0.0,295.264282227,19,1,0.09,1005.8,1089.2,997.6,1081.4,303.233047485,20,4,0.30,7426.9,7434.8,8289.0,6738.7,None, None, None, None, None
811.549779203,H80 C45 O10 P1 ,PG,39,4,0,PG 39:4:0,0.39,0.0,0.0,0.0,35958.8,255.232997894,16,0,0.17,73773.5,72305.1,75515.4,51026.8,345.279937744,23,4,0.09,0.0,0.0,0.0,1162.2,None, None, None, None, None
811.549779203,H80 C45 O10 P1 ,PG,39,4,0,PG 39:4:0,0.39,0.0,0.0,0.0,35958.8,269.248748779,17,0,0.53,0.0,0.0,0.0,989.2,331.264465332,22,4,0.63,31911.9,34283.4,34779.8,36748.6,None, None, None, None, None
811.549779203,H80 C45 O10 P1 ,PG,39,4,0,PG 39:4:0,0.39,0.0,0.0,0.0,35958.8,283.264350891,18,0,0.34,4357.4,4278.2,4097.5,3883.7,317.248504639,21,4,-0.32,3555.6,0.0,2379.8,3669.0,None, None, None, None, None
811.549779203,H80 C45 O10 P1 ,PG,39,4,0,PG 39:4:0,0.39,0.0,0.0,0.0,35958.8,297.279953003,19,0,0.16,7664.7,6404.3,8039.9,7530.1,303.233062744,20,4,0.35,19519.1,19719.4,21457.4,22439.3,None, None, None, None, None
819.518498686,H76 C46 O10 P1 ,PG,40,7,0,PG 40:7:0,0.41,84243.4,98002.2,93914.6,92214.0,279.233047485,18,2,0.33,352528.1,382001.3,346215.6,348573.6,329.248748779,22,5,0.44,3585.6,2628.1,0.0,4335.2,None, None, None, None, None
819.518498686,H76 C46 O10 P1 ,PG,40,7,0,PG 40:7:0,0.41,84243.4,98002.2,93914.6,92214.0,281.248718262,18,1,0.40,63749.3,63208.2,62564.9,65463.3,327.233108521,22,6,0.47,19606.1,22853.1,20097.1,20589.7,None, None, None, None, None
821.534642484,H78 C46 O10 P1 ,PG,40,6,0,PG 40:6:0,1.01,501774.3,531139.9,558471.8,516282.8,281.248725891,18,1,0.43,798920.9,853988.2,812379.3,782810.7,329.248794556,22,5,0.57,68802.0,73089.1,68398.9,73743.9,None, None, None, None, None
821.534642484,H78 C46 O10 P1 ,PG,40,6,0,PG 40:6:0,1.01,501774.3,531139.9,558471.8,516282.8,283.264373779,18,0,0.42,137834.9,155984.9,152591.0,160761.0,327.23311615,22,6,0.49,242265.1,258645.0,256218.4,274272.8,None, None, None, None, None
821.534642484,H78 C46 O10 P1 ,PG,40,6,0,PG 40:6:0,1.01,501774.3,531139.9,558471.8,516282.8,303.233093262,20,4,0.46,14920.2,19249.3,19670.4,17142.8,307.264129639,20,2,-0.41,0.0,0.0,4544.3,0.0,None, None, None, None, None
823.55019119,H80 C46 O10 P1 ,PG,40,5,0,PG 40:5:0,0.89,956527.3,1089816.8,1076137.8,1061781.7,255.233005524,16,0,0.20,116517.3,112897.2,107971.9,103968.1,357.280181885,24,5,0.77,14101.7,16219.0,17706.2,19524.9,None, None, None, None, None
823.55019119,H80 C46 O10 P1 ,PG,40,5,0,PG 40:5:0,0.89,956527.3,1089816.8,1076137.8,1061781.7,281.24874115,18,1,0.48,302743.2,314449.0,295696.3,301662.1,331.264511108,22,4,0.77,17166.4,14550.6,19553.7,18630.4,None, None, None, None, None
823.55019119,H80 C46 O10 P1 ,PG,40,5,0,PG 40:5:0,0.89,956527.3,1089816.8,1076137.8,1061781.7,283.264396667,18,0,0.50,325631.7,341393.8,363967.2,359255.2,329.248802185,22,5,0.60,770492.1,852709.5,821672.8,895614.5,None, None, None, None, None
823.55019119,H80 C46 O10 P1 ,PG,40,5,0,PG 40:5:0,0.89,956527.3,1089816.8,1076137.8,1061781.7,303.233055115,20,4,0.33,41619.7,37819.0,32430.0,40170.8,309.280105591,20,1,0.65,8009.1,6236.9,10038.3,8910.4,None, None, None, None, None
,,,,,,,,,,,,,,,,,,,,,,,,,,,,,,,,
,,,,,,,,,,,,,,,,,,,,,,,,,,,,,,,,
###,PGCOCO,,,,,,,,,,,,,,,,,,,,,,,,,,,,,,,
,,,,,,,,,,,,,,,,,,,,,,,,,,,,,,,,
,,,,,,,,,,,,,,,,,,,,,,,,,,,,,,,,
###,PGCO,,,,,,,,,,,,,,,,,,,,,,,,,,,,,,,
741.472768095,H70 C40 O10 P1 ,PG,34,4,0,PG 34:4:0,2.10,69445.6,64074.4,58912.1,78071.6,281.248748779,18,1,0.51,13356.6,12707.9,14161.2,13871.1,249.186004639,16,3,-0.00,2033.8,1880.9,1745.5,1864.4,205.19562149,1082.4,1455.4,1134.3,1425.2
741.472768095,H70 C40 O10 P1 ,PG,34,4,0,PG 34:4:0,2.10,69445.6,64074.4,58912.1,78071.6,227.201381683,14,0,-1.20,6302.0,6259.0,6366.6,6756.4,303.233100891,20,4,0.48,18057.7,19582.7,18953.5,19394.2,259.243232727,1173.8,1081.8,933.2,1240.5
743.488225248,H72 C40 O10 P1 ,PG,34,3,0,PG 34:3:0,1.84,1360865.7,1531880.3,1493744.2,1507638.7,255.233024597,16,0,0.27,193860.8,216217.3,220275.7,208747.9,277.217407227,18,3,0.37,636684.0,682436.6,673615.0,659528.8,233.227264404,0.0,0.0,4419.0,0.0
767.487584379,H72 C42 O10 P1 ,PG,36,5,0,PG 36:5:0,0.94,118578.7,119628.2,151266.0,137817.9,279.233062744,18,2,0.39,37240.7,40378.5,39719.2,42956.1,277.217414856,18,3,0.40,12123.2,12339.2,12554.9,13555.5,233.227226257,1346.8,1146.3,1086.4,1612.6
767.487584379,H72 C42 O10 P1 ,PG,36,5,0,PG 36:5:0,0.94,118578.7,119628.2,151266.0,137817.9,255.233024597,16,0,0.27,9057.7,9059.4,10158.0,10394.4,301.217422485,20,5,0.39,10546.5,10717.0,10673.4,11190.1,257.227554321,2161.9,1939.9,1814.1,1960.8
767.487584379,H72 C42 O10 P1 ,PG,36,5,0,PG 36:5:0,0.94,118578.7,119628.2,151266.0,137817.9,253.217353821,16,1,0.19,23402.9,25407.6,25982.5,25111.4,303.233123779,20,4,0.56,67291.8,71456.9,71714.3,74648.4,259.243225098,3696.8,4275.6,3848.0,4109.0
767.487584379,H72 C42 O10 P1 ,PG,36,5,0,PG 36:5:0,0.94,118578.7,119628.2,151266.0,137817.9,227.201385498,14,0,-1.19,3508.7,3819.8,3901.1,3349.9,329.248825073,22,5,0.67,7889.1,8211.6,8957.3,8301.5,285.258979797,1187.8,1575.1,1579.1,1829.0
769.503133085,H74 C42 O10 P1 ,PG,36,4,0,PG 36:4:0,0.81,5483116.4,5709578.4,5896755.4,5762518.6,255.233013153,16,0,0.23,1586583.9,1618557.5,1531899.5,1650791.9,303.233139038,20,4,0.61,4574929.6,4590632.3,4581971.2,5016900.1,259.243225098,276268.7,283944.8,277835.1,293604.8
783.518788603,H76 C43 O10 P1 ,PG,37,4,0,PG 37:4:0,0.80,51022.5,72947.6,80435.3,63627.7,269.248817444,17,0,0.79,14904.9,17235.6,16185.8,18423.9,303.233108521,20,4,0.51,67046.2,74380.1,72434.1,73777.5,259.243232727,3591.4,4131.3,3882.3,3890.8
783.518788603,H76 C43 O10 P1 ,PG,37,4,0,PG 37:4:0,0.80,51022.5,72947.6,80435.3,63627.7,255.233013153,16,0,0.23,10548.3,11079.4,10604.7,11066.4,317.248626709,21,4,0.07,8283.2,9910.7,8688.5,10115.3,273.259094238,415.1,0.0,520.0,0.0
783.518788603,H76 C43 O10 P1 ,PG,37,4,0,PG 37:4:0,0.80,51022.5,72947.6,80435.3,63627.7,241.217208862,15,0,-0.40,0.0,468.0,407.2,0.0,331.264480591,22,4,0.68,29883.4,34039.7,32950.9,34661.2,287.274589539,493.5,610.2,384.0,616.3
793.503300932,H74 C44 O10 P1 ,PG,38,6,0,PG 38:6:0,1.00,1485579.4,1572024.8,1592653.2,1558387.1,255.233001709,16,0,0.18,435182.9,484440.6,465417.9,485495.0,327.233131409,22,6,0.54,769779.0,850494.7,852345.2,853363.5,283.243286133,308650.3,322717.2,339573.8,335110.9
809.534398344,H78 C45 O10 P1 ,PG,39,5,0,PG 39:5:0,0.73,30500.1,0.0,0.0,0.0,269.248825073,17,0,0.82,5223.0,5273.1,5535.8,4851.3,329.248809814,22,5,0.62,59148.5,62258.8,61649.7,67177.8,285.25894165,12183.7,12477.3,10816.1,11873.5
811.549779203,H80 C45 O10 P1 ,PG,39,4,0,PG 39:4:0,0.39,0.0,0.0,0.0,35958.8,297.279953003,19,0,0.16,7664.7,6404.3,8039.9,7530.1,303.233062744,20,4,0.35,19519.1,19719.4,21457.4,22439.3,259.243225098,0.0,0.0,0.0,1317.9
819.518498686,H76 C46 O10 P1 ,PG,40,7,0,PG 40:7:0,0.41,84243.4,98002.2,93914.6,92214.0,281.248718262,18,1,0.40,63749.3,63208.2,62564.9,65463.3,327.233108521,22,6,0.47,19606.1,22853.1,20097.1,20589.7,283.243286133,5954.4,7533.6,7362.2,7781.7
821.534642484,H78 C46 O10 P1 ,PG,40,6,0,PG 40:6:0,1.01,501774.3,531139.9,558471.8,516282.8,283.264373779,18,0,0.42,137834.9,155984.9,152591.0,160761.0,327.23311615,22,6,0.49,242265.1,258645.0,256218.4,274272.8,283.243278503,95163.7,106229.9,95477.3,102634.2
821.534642484,H78 C46 O10 P1 ,PG,40,6,0,PG 40:6:0,1.01,501774.3,531139.9,558471.8,516282.8,281.248725891,18,1,0.43,798920.9,853988.2,812379.3,782810.7,329.248794556,22,5,0.57,68802.0,73089.1,68398.9,73743.9,285.258972168,14682.3,17668.4,16756.3,15239.2
823.55019119,H80 C46 O10 P1 ,PG,40,5,0,PG 40:5:0,0.89,956527.3,1089816.8,1076137.8,1061781.7,283.264396667,18,0,0.50,325631.7,341393.8,363967.2,359255.2,329.248802185,22,5,0.60,770492.1,852709.5,821672.8,895614.5,285.25894165,151856.0,175239.1,168250.3,185318.4
,,,,,,,,,,,,,,,,,,,,,,,,,,,,,,,,
#NCE,30,,,,,,,,,,,,,,,,,,,,,,,,,,,,,,,
###,PCFAS,,,,,,,,,,,,,,,,,,,,,,,,,,,,,,,
691.456303861,H68 C36 O10 P1 ,PG,30,1,0,PG 30:1:0,1.08,27346.8,0.0,0.0,26468.6,199.169708252,12,0,-3.25,800.0,951.5,939.0,959.4,281.248748779,18,1,0.51,3550.7,4369.2,4567.5,3658.3,None, None, None, None, None
691.456303861,H68 C36 O10 P1 ,PG,30,1,0,PG 30:1:0,1.08,27346.8,0.0,0.0,26468.6,225.185699463,14,1,-1.36,9639.9,9949.4,9814.7,10151.5,255.233016968,16,0,0.24,8202.2,10247.7,11566.1,8711.8,None, None, None, None, None
691.456303861,H68 C36 O10 P1 ,PG,30,1,0,PG 30:1:0,1.08,27346.8,0.0,0.0,26468.6,227.201370239,14,0,-1.25,6507.0,6788.9,6588.0,6693.1,253.217357635,16,1,0.21,13496.1,14702.1,13921.1,14698.3,None, None, None, None, None
693.471913603,H70 C36 O10 P1 ,PG,30,0,0,PG 30:0:0,1.01,44577.0,64318.8,55220.0,62906.5,227.201366425,14,0,-1.27,50425.2,52400.0,51786.3,52489.3,255.233005524,16,0,0.20,48933.1,51241.8,53671.7,50736.8,None, None, None, None, None
693.471913603,H70 C36 O10 P1 ,PG,30,0,0,PG 30:0:0,1.01,44577.0,64318.8,55220.0,62906.5,241.217201233,15,0,-0.43,1357.5,1266.3,1342.9,1270.8,241.217201233,15,0,-0.43,1357.5,1266.3,1342.9,1270.8,None, None, None, None, None
707.487279203,H72 C37 O10 P1 ,PG,31,0,0,PG 31:0:0,0.59,26375.1,0.0,0.0,32973.8,227.201366425,14,0,-1.27,953.9,1192.7,989.4,905.4,269.248847961,17,0,0.90,798.0,640.1,689.8,641.4,None, None, None, None, None
707.487279203,H72 C37 O10 P1 ,PG,31,0,0,PG 31:0:0,0.59,26375.1,0.0,0.0,32973.8,241.217205048,15,0,-0.42,22686.6,22714.7,23167.7,22671.9,255.232959747,16,0,0.02,141654.6,148764.5,146133.1,149166.1,None, None, None, None, None
717.471989896,H70 C38 O10 P1 ,PG,32,2,0,PG 32:2:0,1.09,241561.8,252364.9,229582.1,236436.6,225.185714722,14,1,-1.29,2552.4,2537.1,2713.3,2566.2,281.248687744,18,1,0.29,9185.0,10028.8,9830.9,10166.4,None, None, None, None, None
717.471989896,H70 C38 O10 P1 ,PG,32,2,0,PG 32:2:0,1.09,241561.8,252364.9,229582.1,236436.6,227.20136261,14,0,-1.29,70047.7,72341.2,72287.2,73707.2,279.232971191,18,2,0.06,211973.8,226710.2,218381.9,225315.0,None, None, None, None, None
717.471989896,H70 C38 O10 P1 ,PG,32,2,0,PG 32:2:0,1.09,241561.8,252364.9,229582.1,236436.6,251.201690674,16,2,0.14,24611.1,25238.8,26146.0,25668.7,255.232997894,16,0,0.17,15823.7,18556.4,19503.4,16127.7,None, None, None, None, None
717.471989896,H70 C38 O10 P1 ,PG,32,2,0,PG 32:2:0,1.09,241561.8,252364.9,229582.1,236436.6,253.217327118,16,1,0.09,80711.9,90286.1,85441.4,85729.7,253.217327118,16,1,0.09,80711.9,90286.1,85441.4,85729.7,None, None, None, None, None
719.48782852,H72 C38 O10 P1 ,PG,32,1,0,PG 32:1:0,1.35,2919417.0,3173809.0,3204920.3,3137816.9,227.201381683,14,0,-1.20,220074.2,215036.8,211170.3,229607.8,281.248725891,18,1,0.43,655486.6,688348.9,683067.4,709976.4,None, None, None, None, None
719.48782852,H72 C38 O10 P1 ,PG,32,1,0,PG 32:1:0,1.35,2919417.0,3173809.0,3204920.3,3137816.9,253.217330933,16,1,0.10,2904188.5,3076884.3,3200734.9,3121539.1,255.23299408,16,0,0.15,1205506.2,1215448.5,1291256.9,1283670.7,None, None, None, None, None
721.503407743,H74 C38 O10 P1 ,PG,32,0,0,PG 32:0:0,1.24,1609259.2,1689152.7,1799422.5,1680431.8,227.201343536,14,0,-1.37,6926.3,10950.3,7415.7,8241.2,283.264350891,18,0,0.34,10636.6,11802.9,12663.3,7947.3,None, None, None, None, None
721.503407743,H74 C38 O10 P1 ,PG,32,0,0,PG 32:0:0,1.24,1609259.2,1689152.7,1799422.5,1680431.8,255.232948303,16,0,-0.03,2815450.9,3036949.7,2875805.8,2863364.7,255.232948303,16,0,-0.03,2815450.9,3036949.7,2875805.8,2863364.7,None, None, None, None, None
731.487843778,H72 C39 O10 P1 ,PG,33,2,0,PG 33:2:0,1.34,135238.3,164511.1,155213.4,180280.2,239.201568604,15,1,-0.36,2080.2,2117.8,2271.9,2153.3,281.248657227,18,1,0.18,157021.1,169608.4,165332.5,176480.1,None, None, None, None, None
731.487843778,H72 C39 O10 P1 ,PG,33,2,0,PG 33:2:0,1.34,135238.3,164511.1,155213.4,180280.2,241.217201233,15,0,-0.43,61059.6,64053.2,62464.8,63221.1,279.232917786,18,2,-0.13,345218.5,366428.2,360907.8,371433.5,None, None, None, None, None
731.487843778,H72 C39 O10 P1 ,PG,33,2,0,PG 33:2:0,1.34,135238.3,164511.1,155213.4,180280.2,253.217346191,16,1,0.16,8401.2,8151.1,8856.9,8441.5,267.233161926,17,1,0.77,6588.4,8526.2,6100.8,7352.7,None, None, None, None, None
731.487843778,H72 C39 O10 P1 ,PG,33,2,0,PG 33:2:0,1.34,135238.3,164511.1,155213.4,180280.2,255.233032227,16,0,0.30,13728.0,17041.8,20008.6,17123.7,265.21749115,17,2,0.70,16106.6,16758.5,15632.7,18002.3,None, None, None, None, None
733.503728178,H74 C39 O10 P1 ,PG,33,1,0,PG 33:1:0,1.66,382103.9,389447.2,396450.4,377230.4,241.217201233,15,0,-0.43,82984.2,90067.6,82755.3,91288.4,281.248687744,18,1,0.29,411262.0,451147.9,431185.6,429522.1,None, None, None, None, None
733.503728178,H74 C39 O10 P1 ,PG,33,1,0,PG 33:1:0,1.66,382103.9,389447.2,396450.4,377230.4,253.217357635,16,1,0.21,15991.5,17811.5,18781.2,16950.5,269.248855591,17,0,0.93,7975.1,7483.1,8792.5,8291.9,None, None, None, None, None
733.503728178,H74 C39 O10 P1 ,PG,33,1,0,PG 33:1:0,1.66,382103.9,389447.2,396450.4,377230.4,255.233016968,16,0,0.24,134340.8,143754.5,137111.7,131658.2,267.233139038,17,1,0.69,256690.0,276580.7,266952.5,255827.7,None, None, None, None, None
735.519353178,H76 C39 O10 P1 ,PG,33,0,0,PG 33:0:0,1.62,37108.5,42318.7,43697.0,47348.3,241.217197418,15,0,-0.45,3341.9,3130.4,2884.0,2936.0,283.264350891,18,0,0.34,6985.0,6775.3,8202.1,7066.1,None, None, None, None, None
735.519353178,H76 C39 O10 P1 ,PG,33,0,0,PG 33:0:0,1.62,37108.5,42318.7,43697.0,47348.3,255.233013153,16,0,0.23,37792.4,39216.9,40901.5,39338.3,269.248817444,17,0,0.79,45918.9,47431.3,45990.4,47995.5,None, None, None, None, None
741.472768095,H70 C40 O10 P1 ,PG,34,4,0,PG 34:4:0,2.10,69445.6,64074.4,58912.1,78071.6,227.201381683,14,0,-1.20,7134.4,8526.0,8958.7,8616.7,303.233093262,20,4,0.46,15397.6,15850.3,15678.2,16464.6,None, None, None, None, None
741.472768095,H70 C40 O10 P1 ,PG,34,4,0,PG 34:4:0,2.10,69445.6,64074.4,58912.1,78071.6,249.186008453,16,3,0.01,1256.2,1201.4,1003.4,964.6,281.248748779,18,1,0.51,16917.9,19029.2,18476.6,18052.6,None, None, None, None, None
741.472768095,H70 C40 O10 P1 ,PG,34,4,0,PG 34:4:0,2.10,69445.6,64074.4,58912.1,78071.6,251.201690674,16,2,0.14,3779.7,4070.6,4001.2,4106.6,279.233093262,18,2,0.49,31423.9,31399.0,30651.4,31840.8,None, None, None, None, None
741.472768095,H70 C40 O10 P1 ,PG,34,4,0,PG 34:4:0,2.10,69445.6,64074.4,58912.1,78071.6,253.21736908,16,1,0.25,4527.9,5540.2,5648.9,5176.4,277.217414856,18,3,0.40,11764.0,11862.3,11592.8,12771.1,None, None, None, None, None
741.472768095,H70 C40 O10 P1 ,PG,34,4,0,PG 34:4:0,2.10,69445.6,64074.4,58912.1,78071.6,255.233024597,16,0,0.27,5110.0,5622.7,7227.6,5142.5,275.20173645,18,4,0.30,1155.2,1289.2,1529.0,1288.2,None, None, None, None, None
743.488225248,H72 C40 O10 P1 ,PG,34,3,0,PG 34:3:0,1.84,1360865.7,1531880.3,1493744.2,1507638.7,251.201667786,16,2,0.05,8906.8,11815.4,7549.9,11198.9,281.248718262,18,1,0.40,60064.6,51330.3,64737.2,65735.6,None, None, None, None, None
743.488225248,H72 C40 O10 P1 ,PG,34,3,0,PG 34:3:0,1.84,1360865.7,1531880.3,1493744.2,1507638.7,253.217346191,16,1,0.16,391134.7,399216.0,385191.3,392718.9,279.233055115,18,2,0.36,1109135.2,1106130.8,1127498.5,1176951.3,None, None, None, None, None
743.488225248,H72 C40 O10 P1 ,PG,34,3,0,PG 34:3:0,1.84,1360865.7,1531880.3,1493744.2,1507638.7,255.233016968,16,0,0.24,282974.0,285615.2,293423.4,278918.6,277.217407227,18,3,0.37,715234.1,756466.9,737529.0,771914.1,None, None, None, None, None
745.503682401,H74 C40 O10 P1 ,PG,34,2,0,PG 34:2:0,1.57,41921530.8,44761666.6,45168371.9,44732489.2,253.217338562,16,1,0.13,1306470.6,1235617.7,1170239.5,1499665.7,281.248710632,18,1,0.37,3468841.8,3848570.2,3306040.6,3617669.6,None, None, None, None, None
745.503682401,H74 C40 O10 P1 ,PG,34,2,0,PG 34:2:0,1.57,41921530.8,44761666.6,45168371.9,44732489.2,255.233005524,16,0,0.20,18461057.9,20453095.2,16771421.6,20279334.2,279.233047485,18,2,0.33,56356057.6,61977712.7,52428752.0,61462794.0,None, None, None, None, None
747.518483427,H76 C40 O10 P1 ,PG,34,1,0,PG 34:1:0,0.43,91021476.1,97692665.7,98646057.8,97368568.1,253.217288971,16,1,-0.06,581895.2,752111.8,496481.3,427831.5,283.264373779,18,0,0.42,0.0,462335.5,0.0,0.0,None, None, None, None, None
747.518483427,H76 C40 O10 P1 ,PG,34,1,0,PG 34:1:0,0.43,91021476.1,97692665.7,98646057.8,97368568.1,255.233005524,16,0,0.20,42311691.3,43653330.7,50232882.5,43562955.1,281.248710632,18,1,0.37,126841155.0,134223500.8,150868805.7,133249768.9,None, None, None, None, None
757.503407743,H74 C41 O10 P1 ,PG,35,3,0,PG 35:3:0,1.18,53796.8,53909.4,52851.0,49505.8,235.170318604,15,3,-0.15,0.0,0.0,372.6,0.0,311.29586792,20,0,1.00,0.0,442.5,0.0,0.0,None, None, None, None, None
757.503407743,H74 C41 O10 P1 ,PG,35,3,0,PG 35:3:0,1.18,53796.8,53909.4,52851.0,49505.8,241.217185974,15,0,-0.49,1317.7,1589.6,1332.9,1450.9,305.248718262,20,3,0.37,8986.8,9534.6,9168.8,8677.1,None, None, None, None, None
757.503407743,H74 C41 O10 P1 ,PG,35,3,0,PG 35:3:0,1.18,53796.8,53909.4,52851.0,49505.8,253.217311859,16,1,0.03,556.4,779.4,854.6,1005.8,293.248924255,19,2,1.09,790.6,964.8,542.9,902.8,None, None, None, None, None
757.503407743,H74 C41 O10 P1 ,PG,35,3,0,PG 35:3:0,1.18,53796.8,53909.4,52851.0,49505.8,255.233028412,16,0,0.29,9764.9,10495.1,12728.7,10105.8,291.233222961,19,3,0.92,14381.6,15410.7,14421.7,14871.1,None, None, None, None, None
757.503407743,H74 C41 O10 P1 ,PG,35,3,0,PG 35:3:0,1.18,53796.8,53909.4,52851.0,49505.8,265.217514038,17,2,0.79,1844.0,1993.0,1850.8,1761.8,281.248725891,18,1,0.43,17671.9,20866.6,19906.7,21500.0,None, None, None, None, None
757.503407743,H74 C41 O10 P1 ,PG,35,3,0,PG 35:3:0,1.18,53796.8,53909.4,52851.0,49505.8,267.233161926,17,1,0.77,19451.9,21243.2,20687.6,21488.3,279.233070374,18,2,0.41,131888.1,141478.0,142050.0,146137.0,None, None, None, None, None
757.503407743,H74 C41 O10 P1 ,PG,35,3,0,PG 35:3:0,1.18,53796.8,53909.4,52851.0,49505.8,269.248840332,17,0,0.87,1621.6,2375.4,1454.4,1979.7,277.217422485,18,3,0.42,5766.2,6566.0,5489.0,6057.2,None, None, None, None, None
759.51869705,H76 C41 O10 P1 ,PG,35,2,0,PG 35:2:0,0.71,388841.5,396622.0,382540.0,365902.7,253.217311859,16,1,0.03,6901.8,5986.5,3426.0,5834.2,295.264305115,19,1,0.17,4923.0,6697.1,5614.6,5708.2,None, None, None, None, None
759.51869705,H76 C41 O10 P1 ,PG,35,2,0,PG 35:2:0,0.71,388841.5,396622.0,382540.0,365902.7,255.233016968,16,0,0.24,21308.0,26320.3,23890.4,23222.8,293.248901367,19,2,1.01,24739.9,26189.5,27436.2,29621.8,None, None, None, None, None
759.51869705,H76 C41 O10 P1 ,PG,35,2,0,PG 35:2:0,0.71,388841.5,396622.0,382540.0,365902.7,265.217475891,17,2,0.64,3830.0,3946.7,4280.5,3970.5,283.264358521,18,0,0.36,4005.8,6545.7,7769.6,3955.7,None, None, None, None, None
759.51869705,H76 C41 O10 P1 ,PG,35,2,0,PG 35:2:0,0.71,388841.5,396622.0,382540.0,365902.7,267.233154297,17,1,0.74,48330.2,53493.0,51217.4,58560.9,281.248695374,18,1,0.32,197000.9,204214.1,211417.0,219204.7,None, None, None, None, None
759.51869705,H76 C41 O10 P1 ,PG,35,2,0,PG 35:2:0,0.71,388841.5,396622.0,382540.0,365902.7,269.248840332,17,0,0.87,125967.8,135962.9,133603.8,133517.8,279.233047485,18,2,0.33,523528.3,550819.3,549390.7,564245.8,None, None, None, None, None
761.534276273,H78 C41 O10 P1 ,PG,35,1,0,PG 35:1:0,0.61,592018.4,639734.9,628157.7,617309.2,255.233024597,16,0,0.27,115039.6,125192.2,127682.4,120364.5,295.264312744,19,1,0.19,197815.1,215807.0,215063.1,211992.2,None, None, None, None, None
761.534276273,H78 C41 O10 P1 ,PG,35,1,0,PG 35:1:0,0.61,592018.4,639734.9,628157.7,617309.2,267.233161926,17,1,0.77,44012.1,47184.9,49191.9,45937.8,283.264396667,18,0,0.50,20326.9,25194.0,22841.9,21391.5,None, None, None, None, None
761.534276273,H78 C41 O10 P1 ,PG,35,1,0,PG 35:1:0,0.61,592018.4,639734.9,628157.7,617309.2,269.248832703,17,0,0.84,212792.5,227091.4,227213.2,232017.3,281.248725891,18,1,0.43,714093.4,785684.3,770310.3,775650.7,None, None, None, None, None
767.487584379,H72 C42 O10 P1 ,PG,36,5,0,PG 36:5:0,0.94,118578.7,119628.2,151266.0,137817.9,227.201377869,14,0,-1.22,4581.8,5090.0,4650.3,5023.6,329.248809814,22,5,0.62,5585.6,5590.6,5819.8,5710.6,None, None, None, None, None
767.487584379,H72 C42 O10 P1 ,PG,36,5,0,PG 36:5:0,0.94,118578.7,119628.2,151266.0,137817.9,253.217353821,16,1,0.19,30954.3,32316.2,32273.0,33223.2,303.233123779,20,4,0.56,54683.1,62011.1,60473.3,62395.7,None, None, None, None, None
767.487584379,H72 C42 O10 P1 ,PG,36,5,0,PG 36:5:0,0.94,118578.7,119628.2,151266.0,137817.9,255.233028412,16,0,0.29,14529.7,15752.1,15935.3,16320.6,301.217430115,20,5,0.41,7255.5,7339.6,7964.9,7535.4,None, None, None, None, None
767.487584379,H72 C42 O10 P1 ,PG,36,5,0,PG 36:5:0,0.94,118578.7,119628.2,151266.0,137817.9,277.217407227,18,3,0.37,12187.9,14400.3,13434.5,14210.1,279.233078003,18,2,0.44,47021.1,51366.2,49274.0,53942.2,None, None, None, None, None
769.503133085,H74 C42 O10 P1 ,PG,36,4,0,PG 36:4:0,0.81,5483116.4,5709578.4,5896755.4,5762518.6,253.217346191,16,1,0.16,0.0,28247.7,0.0,0.0,305.248748779,20,3,0.47,34038.0,32493.2,33654.5,34909.6,None, None, None, None, None
769.503133085,H74 C42 O10 P1 ,PG,36,4,0,PG 36:4:0,0.81,5483116.4,5709578.4,5896755.4,5762518.6,255.233009338,16,0,0.21,2086892.3,2160582.1,2235350.9,2340988.8,303.233131409,20,4,0.58,3984972.6,4327915.1,4211327.5,4522822.9,None, None, None, None, None
769.503133085,H74 C42 O10 P1 ,PG,36,4,0,PG 36:4:0,0.81,5483116.4,5709578.4,5896755.4,5762518.6,277.217407227,18,3,0.37,45857.6,50306.8,63287.4,42997.8,281.248733521,18,1,0.46,62743.5,61973.3,58883.6,64896.5,None, None, None, None, None
769.503133085,H74 C42 O10 P1 ,PG,36,4,0,PG 36:4:0,0.81,5483116.4,5709578.4,5896755.4,5762518.6,279.233062744,18,2,0.39,732814.8,802936.7,784328.3,858851.2,279.233062744,18,2,0.39,732814.8,802936.7,784328.3,858851.2,None, None, None, None, None
771.518651273,H76 C42 O10 P1 ,PG,36,3,0,PG 36:3:0,0.64,3972700.0,4239659.0,4373094.8,4176356.2,255.233020782,16,0,0.26,503308.6,597985.4,554726.9,553914.8,305.24874115,20,3,0.45,1437862.3,1572005.5,1502958.2,1547426.9,None, None, None, None, None
771.518651273,H76 C42 O10 P1 ,PG,36,3,0,PG 36:3:0,0.64,3972700.0,4239659.0,4373094.8,4176356.2,277.217407227,18,3,0.37,119884.7,172206.8,158499.2,139475.3,283.264389038,18,0,0.47,51735.7,66461.2,68159.9,61260.6,None, None, None, None, None
771.518651273,H76 C42 O10 P1 ,PG,36,3,0,PG 36:3:0,0.64,3972700.0,4239659.0,4373094.8,4176356.2,279.233070374,18,2,0.41,3596088.2,3873958.6,3815855.4,3893031.2,281.248710632,18,1,0.37,1826685.4,1958791.6,1848149.0,1988365.9,None, None, None, None, None
773.53432205,H78 C42 O10 P1 ,PG,36,2,0,PG 36:2:0,0.66,17928062.1,19192645.4,19582415.3,19134689.7,255.233001709,16,0,0.18,116161.6,216457.6,249586.1,213979.7,307.264343262,20,2,0.29,537725.4,585336.4,589980.9,531153.9,None, None, None, None, None
773.53432205,H78 C42 O10 P1 ,PG,36,2,0,PG 36:2:0,0.66,17928062.1,19192645.4,19582415.3,19134689.7,279.233070374,18,2,0.41,18883174.5,21310578.1,21136942.0,21316834.0,283.264389038,18,0,0.47,6969053.1,7710976.6,7514672.5,7538552.8,None, None, None, None, None
773.53432205,H78 C42 O10 P1 ,PG,36,2,0,PG 36:2:0,0.66,17928062.1,19192645.4,19582415.3,19134689.7,281.248718262,18,1,0.40,8011338.8,8669877.9,9038446.4,8919978.6,281.248718262,18,1,0.40,8011338.8,8669877.9,9038446.4,8919978.6,None, None, None, None, None
783.518788603,H76 C43 O10 P1 ,PG,37,4,0,PG 37:4:0,0.80,51022.5,72947.6,80435.3,63627.7,241.217137655,15,0,-0.69,512.0,0.0,470.9,733.2,331.264480591,22,4,0.68,39829.5,41476.2,42615.6,44307.0,None, None, None, None, None
783.518788603,H76 C43 O10 P1 ,PG,37,4,0,PG 37:4:0,0.80,51022.5,72947.6,80435.3,63627.7,255.233016968,16,0,0.24,16823.3,18822.1,20989.9,18534.3,317.24861145,21,4,0.02,8040.3,9572.1,9851.3,9254.0,None, None, None, None, None
783.518788603,H76 C43 O10 P1 ,PG,37,4,0,PG 37:4:0,0.80,51022.5,72947.6,80435.3,63627.7,267.233072917,17,1,0.44,1098.2,0.0,784.0,615.0,305.248695374,20,3,0.30,4522.9,4418.0,4197.3,4953.8,None, None, None, None, None
783.518788603,H76 C43 O10 P1 ,PG,37,4,0,PG 37:4:0,0.80,51022.5,72947.6,80435.3,63627.7,269.248817444,17,0,0.79,21007.0,22107.4,23009.7,21971.0,303.233123779,20,4,0.56,67636.1,69396.6,69675.1,72311.8,None, None, None, None, None
783.518788603,H76 C43 O10 P1 ,PG,37,4,0,PG 37:4:0,0.80,51022.5,72947.6,80435.3,63627.7,279.233047485,18,2,0.33,5166.5,6344.2,5484.9,6423.4,293.248908997,19,2,1.04,411.9,690.2,466.5,497.3,None, None, None, None, None
783.518788603,H76 C43 O10 P1 ,PG,37,4,0,PG 37:4:0,0.80,51022.5,72947.6,80435.3,63627.7,281.24874115,18,1,0.48,17063.6,18690.0,18813.0,20733.4,291.233192444,19,3,0.81,771.6,1060.0,881.0,1096.5,None, None, None, None, None
783.518788603,H76 C43 O10 P1 ,PG,37,4,0,PG 37:4:0,0.80,51022.5,72947.6,80435.3,63627.7,283.264419556,18,0,0.58,4003.7,5602.8,6657.3,4536.6,289.217559814,19,4,0.88,1579.8,2333.7,2311.4,2762.3,None, None, None, None, None
787.549824979,H80 C43 O10 P1 ,PG,37,2,0,PG 37:2:0,0.46,76932.2,101600.9,90323.9,95563.9,241.217330933,15,0,0.11,0.0,0.0,565.6,0.0,335.295837402,22,2,0.84,0.0,0.0,768.9,0.0,None, None, None, None, None
787.549824979,H80 C43 O10 P1 ,PG,37,2,0,PG 37:2:0,0.46,76932.2,101600.9,90323.9,95563.9,255.232963562,16,0,0.03,225306.0,210229.5,204371.5,223933.0,321.279937744,21,2,0.10,0.0,0.0,460.9,0.0,None, None, None, None, None
787.549824979,H80 C43 O10 P1 ,PG,37,2,0,PG 37:2:0,0.46,76932.2,101600.9,90323.9,95563.9,267.233093262,17,1,0.52,0.0,0.0,798.8,0.0,309.280151367,20,1,0.80,0.0,0.0,893.6,0.0,None, None, None, None, None
787.549824979,H80 C43 O10 P1 ,PG,37,2,0,PG 37:2:0,0.46,76932.2,101600.9,90323.9,95563.9,269.248840332,17,0,0.87,0.0,0.0,2132.3,0.0,307.26448822,20,2,0.76,4560.4,5746.3,3883.5,6232.0,None, None, None, None, None
787.549824979,H80 C43 O10 P1 ,PG,37,2,0,PG 37:2:0,0.46,76932.2,101600.9,90323.9,95563.9,279.233078003,18,2,0.44,107984.4,109547.7,111687.6,116926.5,297.279968262,19,0,0.21,34004.2,32437.8,31173.0,32280.2,None, None, None, None, None
787.549824979,H80 C43 O10 P1 ,PG,37,2,0,PG 37:2:0,0.46,76932.2,101600.9,90323.9,95563.9,281.248725891,18,1,0.43,155778.1,154938.9,148800.2,158308.0,295.264297485,19,1,0.14,16250.2,16530.1,17572.1,18179.2,None, None, None, None, None
787.549824979,H80 C43 O10 P1 ,PG,37,2,0,PG 37:2:0,0.46,76932.2,101600.9,90323.9,95563.9,283.264411926,18,0,0.55,7592.9,8884.1,11273.8,11271.3,293.248916626,19,2,1.06,8924.9,10266.0,9933.7,8853.4,None, None, None, None, None
789.565739896,H82 C43 O10 P1 ,PG,37,1,0,PG 37:1:0,0.80,52180.7,63775.5,69909.4,73009.9,255.232791901,16,0,-0.64,475585.6,484436.3,444523.1,492329.8,323.295806885,21,1,0.78,0.0,554.1,521.0,0.0,None, None, None, None, None
789.565739896,H82 C43 O10 P1 ,PG,37,1,0,PG 37:1:0,0.80,52180.7,63775.5,69909.4,73009.9,269.24887085,17,0,0.99,961.6,1190.9,954.3,1373.2,309.280075073,20,1,0.55,2522.6,2733.6,2454.7,2717.5,None, None, None, None, None
789.565739896,H82 C43 O10 P1 ,PG,37,1,0,PG 37:1:0,0.80,52180.7,63775.5,69909.4,73009.9,281.248725891,18,1,0.43,92983.4,98764.6,97851.4,100852.7,297.279975891,19,0,0.24,27221.4,28122.6,28960.4,29640.3,None, None, None, None, None
789.565739896,H82 C43 O10 P1 ,PG,37,1,0,PG 37:1:0,0.80,52180.7,63775.5,69909.4,73009.9,283.264404297,18,0,0.53,29639.0,31883.9,30215.4,31338.5,295.264320374,19,1,0.22,31808.6,34287.4,36691.5,34621.0,None, None, None, None, None
793.503300932,H74 C44 O10 P1 ,PG,38,6,0,PG 38:6:0,1.00,1485579.4,1572024.8,1592653.2,1558387.1,253.217357635,16,1,0.21,45409.6,46292.7,41901.3,43544.4,329.24886322,22,5,0.78,8680.4,9431.4,11145.6,10609.7,None, None, None, None, None
793.503300932,H74 C44 O10 P1 ,PG,38,6,0,PG 38:6:0,1.00,1485579.4,1572024.8,1592653.2,1558387.1,255.233009338,16,0,0.21,595526.8,619793.6,640752.9,637696.9,327.233131409,22,6,0.54,415771.9,437802.3,436588.9,455976.1,None, None, None, None, None
793.503300932,H74 C44 O10 P1 ,PG,38,6,0,PG 38:6:0,1.00,1485579.4,1572024.8,1592653.2,1558387.1,279.233100891,18,2,0.52,20187.7,17375.8,21369.9,16922.0,303.23311615,20,4,0.53,21984.2,25651.4,28437.4,26187.6,None, None, None, None, None
799.550343778,H80 C44 O10 P1 ,PG,38,3,0,PG 38:3:0,1.10,862792.0,890934.9,888886.5,898911.9,255.233036041,16,0,0.32,28852.1,36522.8,34398.2,34567.1,333.280097961,22,3,0.58,33640.2,41669.9,38555.8,44440.6,None, None, None, None, None
799.550343778,H80 C44 O10 P1 ,PG,38,3,0,PG 38:3:0,1.10,862792.0,890934.9,888886.5,898911.9,279.233085632,18,2,0.47,176883.6,168824.8,166967.8,177279.0,309.280014038,20,1,0.35,33582.9,37443.4,41773.1,34207.7,None, None, None, None, None
799.550343778,H80 C44 O10 P1 ,PG,38,3,0,PG 38:3:0,1.10,862792.0,890934.9,888886.5,898911.9,281.248748779,18,1,0.51,150679.6,161846.9,160770.7,168978.8,307.264358521,20,2,0.34,74616.9,74424.3,72802.8,68599.4,None, None, None, None, None
799.550343778,H80 C44 O10 P1 ,PG,38,3,0,PG 38:3:0,1.10,862792.0,890934.9,888886.5,898911.9,283.264411926,18,0,0.55,497517.0,538693.5,564042.9,564304.8,305.24874115,20,3,0.45,863373.3,985327.4,949138.1,983084.4,None, None, None, None, None
801.565984037,H82 C44 O10 P1 ,PG,38,2,0,PG 38:2:0,1.09,219672.0,247445.4,226139.5,221365.7,255.233020782,16,0,0.26,74486.5,105095.4,155241.6,136822.0,335.295837402,22,2,0.84,4543.0,5454.8,6308.3,6477.4,None, None, None, None, None
801.565984037,H82 C44 O10 P1 ,PG,38,2,0,PG 38:2:0,1.09,219672.0,247445.4,226139.5,221365.7,279.233100891,18,2,0.52,125556.2,122635.9,130171.8,131692.7,311.295707703,20,0,0.49,14815.1,16782.4,15307.1,18268.2,None, None, None, None, None
801.565984037,H82 C44 O10 P1 ,PG,38,2,0,PG 38:2:0,1.09,219672.0,247445.4,226139.5,221365.7,281.248725891,18,1,0.43,205820.6,210252.1,214018.4,225037.4,309.280075073,20,1,0.55,57756.8,61889.3,60761.5,65675.0,None, None, None, None, None
801.565984037,H82 C44 O10 P1 ,PG,38,2,0,PG 38:2:0,1.09,219672.0,247445.4,226139.5,221365.7,283.264396667,18,0,0.50,48746.7,50935.7,48556.7,54029.6,307.264450073,20,2,0.63,144460.1,156183.5,150854.5,162745.0,None, None, None, None, None
803.581563261,H84 C44 O10 P1 ,PG,38,1,0,PG 38:1:0,1.00,54945.4,57563.3,53872.9,59687.9,255.233001709,16,0,0.18,644123.0,678573.8,660284.3,710530.9,337.311309814,22,1,0.31,0.0,0.0,6733.8,0.0,None, None, None, None, None
803.581563261,H84 C44 O10 P1 ,PG,38,1,0,PG 38:1:0,1.00,54945.4,57563.3,53872.9,59687.9,281.248718262,18,1,0.40,247206.4,261761.6,254467.0,257720.9,311.295753479,20,0,0.64,12485.4,10586.5,11921.5,11695.7,None, None, None, None, None
803.581563261,H84 C44 O10 P1 ,PG,38,1,0,PG 38:1:0,1.00,54945.4,57563.3,53872.9,59687.9,283.264358521,18,0,0.36,26596.5,30679.4,35870.2,36512.1,309.280044556,20,1,0.45,68823.2,71935.9,81017.7,83782.2,None, None, None, None, None
809.534398344,H78 C45 O10 P1 ,PG,39,5,0,PG 39:5:0,0.73,30500.1,0.0,0.0,0.0,241.21723938,15,0,-0.27,728.1,0.0,0.0,506.8,357.280105591,24,5,0.56,974.3,1137.2,1491.0,916.2,None, None, None, None, None
809.534398344,H78 C45 O10 P1 ,PG,39,5,0,PG 39:5:0,0.73,30500.1,0.0,0.0,0.0,255.233016968,16,0,0.24,74670.6,68836.4,77180.5,58061.2,343.264343262,23,5,0.26,0.0,641.5,0.0,0.0,None, None, None, None, None
809.534398344,H78 C45 O10 P1 ,PG,39,5,0,PG 39:5:0,0.73,30500.1,0.0,0.0,0.0,267.233146667,17,1,0.72,1615.9,1427.2,1268.8,1581.9,331.264472961,22,4,0.66,14019.9,16052.2,14184.0,15603.5,None, None, None, None, None
809.534398344,H78 C45 O10 P1 ,PG,39,5,0,PG 39:5:0,0.73,30500.1,0.0,0.0,0.0,269.248825073,17,0,0.82,6839.5,7121.4,8103.9,8131.2,329.248817444,22,5,0.64,47941.2,52994.9,51687.4,53636.5,None, None, None, None, None
809.534398344,H78 C45 O10 P1 ,PG,39,5,0,PG 39:5:0,0.73,30500.1,0.0,0.0,0.0,281.248725891,18,1,0.43,73565.2,78602.5,80212.2,80651.8,317.248667399,21,4,0.20,547.8,1251.3,0.0,810.1,None, None, None, None, None
809.534398344,H78 C45 O10 P1 ,PG,39,5,0,PG 39:5:0,0.73,30500.1,0.0,0.0,0.0,295.264350891,19,1,0.32,1535.6,1634.1,1757.5,1554.3,303.233062744,20,4,0.35,6819.0,7664.1,8087.3,8316.2,None, None, None, None, None
811.549779203,H80 C45 O10 P1 ,PG,39,4,0,PG 39:4:0,0.39,0.0,0.0,0.0,35958.8,255.233001709,16,0,0.18,127035.6,133793.4,133670.2,90413.7,345.279998779,23,4,0.27,0.0,0.0,0.0,1649.1,None, None, None, None, None
811.549779203,H80 C45 O10 P1 ,PG,39,4,0,PG 39:4:0,0.39,0.0,0.0,0.0,35958.8,269.248916626,17,0,1.16,1637.9,0.0,0.0,1806.8,331.26448822,22,4,0.70,42864.5,45869.9,39780.8,48177.0,None, None, None, None, None
811.549779203,H80 C45 O10 P1 ,PG,39,4,0,PG 39:4:0,0.39,0.0,0.0,0.0,35958.8,283.264373779,18,0,0.42,5716.4,6619.3,5610.1,6348.1,317.24861145,21,4,0.02,3205.4,3538.6,4248.2,3955.5,None, None, None, None, None
811.549779203,H80 C45 O10 P1 ,PG,39,4,0,PG 39:4:0,0.39,0.0,0.0,0.0,35958.8,297.279998779,19,0,0.31,9584.5,11163.5,12391.5,10423.5,303.233039856,20,4,0.28,20585.4,23198.7,22518.7,21429.6,None, None, None, None, None
819.518498686,H76 C46 O10 P1 ,PG,40,7,0,PG 40:7:0,0.41,84243.4,98002.2,93914.6,92214.0,279.23299408,18,2,0.14,689829.7,665720.5,655191.4,658970.2,329.248794556,22,5,0.57,3206.5,2081.6,0.0,0.0,None, None, None, None, None
819.518498686,H76 C46 O10 P1 ,PG,40,7,0,PG 40:7:0,0.41,84243.4,98002.2,93914.6,92214.0,281.248710632,18,1,0.37,124377.0,113831.4,112975.7,120503.9,327.23311615,22,6,0.49,12031.2,10642.6,10896.0,11948.3,None, None, None, None, None
821.534642484,H78 C46 O10 P1 ,PG,40,6,0,PG 40:6:0,1.01,501774.3,531139.9,558471.8,516282.8,281.248718262,18,1,0.40,1527938.5,1609101.6,1573633.0,1498136.7,329.248779297,22,5,0.53,41393.2,47014.3,51290.9,53284.4,None, None, None, None, None
821.534642484,H78 C46 O10 P1 ,PG,40,6,0,PG 40:6:0,1.01,501774.3,531139.9,558471.8,516282.8,283.264358521,18,0,0.36,180831.9,198331.9,212485.3,219978.4,327.233108521,22,6,0.47,124511.1,142984.3,143210.5,145425.3,None, None, None, None, None
821.534642484,H78 C46 O10 P1 ,PG,40,6,0,PG 40:6:0,1.01,501774.3,531139.9,558471.8,516282.8,303.23311615,20,4,0.53,11940.0,14476.5,15697.8,17570.0,307.264373779,20,2,0.39,0.0,0.0,7836.7,0.0,None, None, None, None, None
823.55019119,H80 C46 O10 P1 ,PG,40,5,0,PG 40:5:0,0.89,956527.3,1089816.8,1076137.8,1061781.7,255.233013153,16,0,0.23,215928.1,202593.6,209933.5,187859.9,357.280174255,24,5,0.75,16784.2,14250.1,15176.7,16118.9,None, None, None, None, None
823.55019119,H80 C46 O10 P1 ,PG,40,5,0,PG 40:5:0,0.89,956527.3,1089816.8,1076137.8,1061781.7,281.248733521,18,1,0.46,634143.9,562631.3,572084.3,563297.1,331.26449585,22,4,0.73,21268.2,19981.4,21294.4,24495.6,None, None, None, None, None
823.55019119,H80 C46 O10 P1 ,PG,40,5,0,PG 40:5:0,0.89,956527.3,1089816.8,1076137.8,1061781.7,283.264396667,18,0,0.50,467055.5,492358.7,473520.6,507038.1,329.248825073,22,5,0.67,555547.5,602573.6,631394.2,627023.2,None, None, None, None, None
823.55019119,H80 C46 O10 P1 ,PG,40,5,0,PG 40:5:0,0.89,956527.3,1089816.8,1076137.8,1061781.7,303.233062744,20,4,0.35,32488.9,37143.8,39273.3,43754.3,309.280105591,20,1,0.65,11212.5,11472.3,12530.1,10941.4,None, None, None, None, None
,,,,,,,,,,,,,,,,,,,,,,,,,,,,,,,,
,,,,,,,,,,,,,,,,,,,,,,,,,,,,,,,,
###,PGCOCO,,,,,,,,,,,,,,,,,,,,,,,,,,,,,,,
,,,,,,,,,,,,,,,,,,,,,,,,,,,,,,,,
,,,,,,,,,,,,,,,,,,,,,,,,,,,,,,,,
###,PGCO,,,,,,,,,,,,,,,,,,,,,,,,,,,,,,,
741.472768095,H70 C40 O10 P1 ,PG,34,4,0,PG 34:4:0,2.10,69445.6,64074.4,58912.1,78071.6,281.248748779,18,1,0.51,16917.9,19029.2,18476.6,18052.6,249.186008453,16,3,0.01,1256.2,1201.4,1003.4,964.6,205.195652008,1398.9,1324.9,1575.9,1238.1
741.472768095,H70 C40 O10 P1 ,PG,34,4,0,PG 34:4:0,2.10,69445.6,64074.4,58912.1,78071.6,227.201381683,14,0,-1.20,7134.4,8526.0,8958.7,8616.7,303.233093262,20,4,0.46,15397.6,15850.3,15678.2,16464.6,259.243225098,1452.1,1399.1,1692.3,1671.3
743.488225248,H72 C40 O10 P1 ,PG,34,3,0,PG 34:3:0,1.84,1360865.7,1531880.3,1493744.2,1507638.7,255.233016968,16,0,0.24,282974.0,285615.2,293423.4,278918.6,277.217407227,18,3,0.37,715234.1,756466.9,737529.0,771914.1,233.22725296,8707.8,5906.0,9812.3,10315.8
757.503407743,H74 C41 O10 P1 ,PG,35,3,0,PG 35:3:0,1.18,53796.8,53909.4,52851.0,49505.8,255.233028412,16,0,0.29,9764.9,10495.1,12728.7,10105.8,291.233222961,19,3,0.92,14381.6,15410.7,14421.7,14871.1,247.24307251,0.0,400.6,0.0,0.0
767.487584379,H72 C42 O10 P1 ,PG,36,5,0,PG 36:5:0,0.94,118578.7,119628.2,151266.0,137817.9,279.233078003,18,2,0.44,47021.1,51366.2,49274.0,53942.2,277.217407227,18,3,0.37,12187.9,14400.3,13434.5,14210.1,233.227291107,1198.9,1289.0,1131.9,1364.6
767.487584379,H72 C42 O10 P1 ,PG,36,5,0,PG 36:5:0,0.94,118578.7,119628.2,151266.0,137817.9,255.233028412,16,0,0.29,14529.7,15752.1,15935.3,16320.6,301.217430115,20,5,0.41,7255.5,7339.6,7964.9,7535.4,257.227554321,2424.2,2289.8,2140.6,2273.6
767.487584379,H72 C42 O10 P1 ,PG,36,5,0,PG 36:5:0,0.94,118578.7,119628.2,151266.0,137817.9,253.217353821,16,1,0.19,30954.3,32316.2,32273.0,33223.2,303.233123779,20,4,0.56,54683.1,62011.1,60473.3,62395.7,259.243232727,5755.5,5923.2,5839.1,5571.9
767.487584379,H72 C42 O10 P1 ,PG,36,5,0,PG 36:5:0,0.94,118578.7,119628.2,151266.0,137817.9,227.201377869,14,0,-1.22,4581.8,5090.0,4650.3,5023.6,329.248809814,22,5,0.62,5585.6,5590.6,5819.8,5710.6,285.258979797,1368.0,1444.2,1744.8,1823.1
769.503133085,H74 C42 O10 P1 ,PG,36,4,0,PG 36:4:0,0.81,5483116.4,5709578.4,5896755.4,5762518.6,255.233009338,16,0,0.21,2086892.3,2160582.1,2235350.9,2340988.8,303.233131409,20,4,0.58,3984972.6,4327915.1,4211327.5,4522822.9,259.243217468,395213.2,411642.0,454620.2,416947.7
771.518651273,H76 C42 O10 P1 ,PG,36,3,0,PG 36:3:0,0.64,3972700.0,4239659.0,4373094.8,4176356.2,255.233020782,16,0,0.26,503308.6,597985.4,554726.9,553914.8,305.24874115,20,3,0.45,1437862.3,1572005.5,1502958.2,1547426.9,261.258789062,14252.9,0.0,0.0,0.0
783.518788603,H76 C43 O10 P1 ,PG,37,4,0,PG 37:4:0,0.80,51022.5,72947.6,80435.3,63627.7,283.264419556,18,0,0.58,4003.7,5602.8,6657.3,4536.6,289.217559814,19,4,0.88,1579.8,2333.7,2311.4,2762.3,245.227310181,0.0,0.0,358.7,0.0
783.518788603,H76 C43 O10 P1 ,PG,37,4,0,PG 37:4:0,0.80,51022.5,72947.6,80435.3,63627.7,269.248817444,17,0,0.79,21007.0,22107.4,23009.7,21971.0,303.233123779,20,4,0.56,67636.1,69396.6,69675.1,72311.8,259.243232727,5888.9,6757.0,6619.1,7444.7
783.518788603,H76 C43 O10 P1 ,PG,37,4,0,PG 37:4:0,0.80,51022.5,72947.6,80435.3,63627.7,255.233016968,16,0,0.24,16823.3,18822.1,20989.9,18534.3,317.24861145,21,4,0.02,8040.3,9572.1,9851.3,9254.0,273.25898234,545.6,0.0,623.2,504.0
783.518788603,H76 C43 O10 P1 ,PG,37,4,0,PG 37:4:0,0.80,51022.5,72947.6,80435.3,63627.7,241.217137655,15,0,-0.69,512.0,0.0,470.9,733.2,331.264480591,22,4,0.68,39829.5,41476.2,42615.6,44307.0,287.274604797,898.7,1182.0,1227.0,1137.0
793.503300932,H74 C44 O10 P1 ,PG,38,6,0,PG 38:6:0,1.00,1485579.4,1572024.8,1592653.2,1558387.1,255.233009338,16,0,0.21,595526.8,619793.6,640752.9,637696.9,327.233131409,22,6,0.54,415771.9,437802.3,436588.9,455976.1,283.243301392,247063.7,290774.4,267229.8,280757.9
793.503300932,H74 C44 O10 P1 ,PG,38,6,0,PG 38:6:0,1.00,1485579.4,1572024.8,1592653.2,1558387.1,253.217357635,16,1,0.21,45409.6,46292.7,41901.3,43544.4,329.24886322,22,5,0.78,8680.4,9431.4,11145.6,10609.7,285.259185791,0.0,0.0,4922.4,0.0
799.550343778,H80 C44 O10 P1 ,PG,38,3,0,PG 38:3:0,1.10,862792.0,890934.9,888886.5,898911.9,283.264411926,18,0,0.55,497517.0,538693.5,564042.9,564304.8,305.24874115,20,3,0.45,863373.3,985327.4,949138.1,983084.4,261.258850098,10565.1,8024.2,7049.6,0.0
809.534398344,H78 C45 O10 P1 ,PG,39,5,0,PG 39:5:0,0.73,30500.1,0.0,0.0,0.0,295.264350891,19,1,0.32,1535.6,1634.1,1757.5,1554.3,303.233062744,20,4,0.35,6819.0,7664.1,8087.3,8316.2,259.243286133,0.0,0.0,859.3,676.7
809.534398344,H78 C45 O10 P1 ,PG,39,5,0,PG 39:5:0,0.73,30500.1,0.0,0.0,0.0,269.248825073,17,0,0.82,6839.5,7121.4,8103.9,8131.2,329.248817444,22,5,0.64,47941.2,52994.9,51687.4,53636.5,285.258934021,14478.0,13845.7,14727.9,15493.1
811.549779203,H80 C45 O10 P1 ,PG,39,4,0,PG 39:4:0,0.39,0.0,0.0,0.0,35958.8,297.279998779,19,0,0.31,9584.5,11163.5,12391.5,10423.5,303.233039856,20,4,0.28,20585.4,23198.7,22518.7,21429.6,259.243133545,2543.5,0.0,0.0,2432.0
811.549779203,H80 C45 O10 P1 ,PG,39,4,0,PG 39:4:0,0.39,0.0,0.0,0.0,35958.8,269.248916626,17,0,1.16,1637.9,0.0,0.0,1806.8,331.26448822,22,4,0.70,42864.5,45869.9,39780.8,48177.0,287.274627686,0.0,0.0,0.0,1705.5
819.518498686,H76 C46 O10 P1 ,PG,40,7,0,PG 40:7:0,0.41,84243.4,98002.2,93914.6,92214.0,281.248710632,18,1,0.37,124377.0,113831.4,112975.7,120503.9,327.23311615,22,6,0.49,12031.2,10642.6,10896.0,11948.3,283.243301392,6188.1,6089.6,8061.4,6624.1
819.518498686,H76 C46 O10 P1 ,PG,40,7,0,PG 40:7:0,0.41,84243.4,98002.2,93914.6,92214.0,279.23299408,18,2,0.14,689829.7,665720.5,655191.4,658970.2,329.248794556,22,5,0.57,3206.5,2081.6,0.0,0.0,285.259567261,2329.6,0.0,0.0,1860.4
821.534642484,H78 C46 O10 P1 ,PG,40,6,0,PG 40:6:0,1.01,501774.3,531139.9,558471.8,516282.8,283.264358521,18,0,0.36,180831.9,198331.9,212485.3,219978.4,327.233108521,22,6,0.47,124511.1,142984.3,143210.5,145425.3,283.243278503,77352.0,85395.2,94150.5,87504.8
821.534642484,H78 C46 O10 P1 ,PG,40,6,0,PG 40:6:0,1.01,501774.3,531139.9,558471.8,516282.8,281.248718262,18,1,0.40,1527938.5,1609101.6,1573633.0,1498136.7,329.248779297,22,5,0.53,41393.2,47014.3,51290.9,53284.4,285.258972168,12254.8,19739.9,9898.7,13371.9
823.55019119,H80 C46 O10 P1 ,PG,40,5,0,PG 40:5:0,0.89,956527.3,1089816.8,1076137.8,1061781.7,283.264396667,18,0,0.50,467055.5,492358.7,473520.6,507038.1,329.248825073,22,5,0.67,555547.5,602573.6,631394.2,627023.2,285.25894165,184476.7,193472.5,186023.8,205509.0
,,,,,,,,,,,,,,,,,,,,,,,,,,,,,,,,
#NCE,35,,,,,,,,,,,,,,,,,,,,,,,,,,,,,,,
###,PCFAS,,,,,,,,,,,,,,,,,,,,,,,,,,,,,,,
691.456303861,H68 C36 O10 P1 ,PG,30,1,0,PG 30:1:0,1.08,27346.8,0.0,0.0,26468.6,199.169708252,12,0,-3.25,911.2,904.4,841.3,909.8,281.24874115,18,1,0.48,3840.0,4577.5,5088.6,4109.2,None, None, None, None, None
691.456303861,H68 C36 O10 P1 ,PG,30,1,0,PG 30:1:0,1.08,27346.8,0.0,0.0,26468.6,225.185695648,14,1,-1.37,9291.2,10282.3,10000.5,9998.2,255.233013153,16,0,0.23,9891.4,11679.9,14422.3,9506.7,None, None, None, None, None
691.456303861,H68 C36 O10 P1 ,PG,30,1,0,PG 30:1:0,1.08,27346.8,0.0,0.0,26468.6,227.201377869,14,0,-1.22,7016.7,7036.9,6869.2,7110.7,253.217353821,16,1,0.19,13977.8,14721.6,14407.2,14313.0,None, None, None, None, None
693.471913603,H70 C36 O10 P1 ,PG,30,0,0,PG 30:0:0,1.01,44577.0,64318.8,55220.0,62906.5,227.201366425,14,0,-1.27,51331.0,50686.4,50259.4,51727.9,255.233005524,16,0,0.20,49956.4,53784.8,55046.1,52656.0,None, None, None, None, None
693.471913603,H70 C36 O10 P1 ,PG,30,0,0,PG 30:0:0,1.01,44577.0,64318.8,55220.0,62906.5,241.217197418,15,0,-0.45,1366.2,1284.5,1508.4,1380.0,241.217197418,15,0,-0.45,1366.2,1284.5,1508.4,1380.0,None, None, None, None, None
707.487279203,H72 C37 O10 P1 ,PG,31,0,0,PG 31:0:0,0.59,26375.1,0.0,0.0,32973.8,227.201358795,14,0,-1.30,907.2,1115.0,1111.7,1060.3,269.248886108,17,0,1.04,780.1,861.8,776.7,682.5,None, None, None, None, None
707.487279203,H72 C37 O10 P1 ,PG,31,0,0,PG 31:0:0,0.59,26375.1,0.0,0.0,32973.8,241.217201233,15,0,-0.43,21577.8,22714.9,22846.7,23393.2,255.232940674,16,0,-0.06,143322.8,155704.4,151502.6,151583.4,None, None, None, None, None
717.471989896,H70 C38 O10 P1 ,PG,32,2,0,PG 32:2:0,1.09,241561.8,252364.9,229582.1,236436.6,225.18572998,14,1,-1.22,2612.3,2691.8,2717.2,2754.3,281.248703003,18,1,0.35,8196.2,10038.7,11269.2,9909.3,None, None, None, None, None
717.471989896,H70 C38 O10 P1 ,PG,32,2,0,PG 32:2:0,1.09,241561.8,252364.9,229582.1,236436.6,227.201366425,14,0,-1.27,68316.7,73865.7,74931.1,72178.5,279.23298645,18,2,0.11,199610.5,209097.2,208611.6,210199.5,None, None, None, None, None
717.471989896,H70 C38 O10 P1 ,PG,32,2,0,PG 32:2:0,1.09,241561.8,252364.9,229582.1,236436.6,251.201694489,16,2,0.16,20155.3,20337.2,20259.1,20413.6,255.232997894,16,0,0.17,17061.8,19116.3,20799.7,17036.6,None, None, None, None, None
717.471989896,H70 C38 O10 P1 ,PG,32,2,0,PG 32:2:0,1.09,241561.8,252364.9,229582.1,236436.6,253.217330933,16,1,0.10,79557.6,81971.7,85130.9,84928.8,253.217330933,16,1,0.10,79557.6,81971.7,85130.9,84928.8,None, None, None, None, None
719.48782852,H72 C38 O10 P1 ,PG,32,1,0,PG 32:1:0,1.35,2919417.0,3173809.0,3204920.3,3137816.9,227.201374054,14,0,-1.24,217720.0,212608.6,210708.6,231118.5,281.248733521,18,1,0.46,662783.4,713774.6,667944.7,710147.5,None, None, None, None, None
719.48782852,H72 C38 O10 P1 ,PG,32,1,0,PG 32:1:0,1.35,2919417.0,3173809.0,3204920.3,3137816.9,253.217323303,16,1,0.07,2930767.2,3081324.1,3043936.5,3084834.5,255.232990265,16,0,0.14,1250212.2,1339546.7,1263105.2,1312556.1,None, None, None, None, None
721.503407743,H74 C38 O10 P1 ,PG,32,0,0,PG 32:0:0,1.24,1609259.2,1689152.7,1799422.5,1680431.8,227.201370239,14,0,-1.25,5047.9,7888.4,12950.4,9667.2,283.264450073,18,0,0.69,11899.6,11658.5,12857.3,11422.9,None, None, None, None, None
721.503407743,H74 C38 O10 P1 ,PG,32,0,0,PG 32:0:0,1.24,1609259.2,1689152.7,1799422.5,1680431.8,255.232933044,16,0,-0.09,2763520.5,2948695.2,2981167.3,2866789.9,255.232933044,16,0,-0.09,2763520.5,2948695.2,2981167.3,2866789.9,None, None, None, None, None
731.487843778,H72 C39 O10 P1 ,PG,33,2,0,PG 33:2:0,1.34,135238.3,164511.1,155213.4,180280.2,239.201534271,15,1,-0.51,2066.0,1901.2,1832.9,1711.5,281.248664856,18,1,0.21,156164.9,165403.7,164563.0,171422.6,None, None, None, None, None
731.487843778,H72 C39 O10 P1 ,PG,33,2,0,PG 33:2:0,1.34,135238.3,164511.1,155213.4,180280.2,241.217201233,15,0,-0.43,59845.6,62799.2,63106.7,64251.6,279.232940674,18,2,-0.05,329531.9,351914.6,344387.0,352298.5,None, None, None, None, None
731.487843778,H72 C39 O10 P1 ,PG,33,2,0,PG 33:2:0,1.34,135238.3,164511.1,155213.4,180280.2,253.217357635,16,1,0.21,8069.3,9216.2,7905.0,9125.7,267.233161926,17,1,0.77,6312.8,7719.6,6854.0,6691.1,None, None, None, None, None
731.487843778,H72 C39 O10 P1 ,PG,33,2,0,PG 33:2:0,1.34,135238.3,164511.1,155213.4,180280.2,255.233032227,16,0,0.30,14943.4,19863.5,24315.3,18555.7,265.217498779,17,2,0.73,15194.5,15469.6,14928.1,16637.8,None, None, None, None, None
733.503728178,H74 C39 O10 P1 ,PG,33,1,0,PG 33:1:0,1.66,382103.9,389447.2,396450.4,377230.4,241.217197418,15,0,-0.45,89282.3,95171.1,88705.9,92957.0,281.248695374,18,1,0.32,417713.4,439015.2,446383.1,456123.0,None, None, None, None, None
733.503728178,H74 C39 O10 P1 ,PG,33,1,0,PG 33:1:0,1.66,382103.9,389447.2,396450.4,377230.4,253.217350006,16,1,0.18,16239.7,18172.7,18906.2,18055.7,269.248825073,17,0,0.82,8541.6,7471.3,6598.0,8545.9,None, None, None, None, None
733.503728178,H74 C39 O10 P1 ,PG,33,1,0,PG 33:1:0,1.66,382103.9,389447.2,396450.4,377230.4,255.233009338,16,0,0.21,137041.4,142918.9,143661.6,144235.0,267.233139038,17,1,0.69,250535.1,259736.5,258735.6,283135.9,None, None, None, None, None
735.519353178,H76 C39 O10 P1 ,PG,33,0,0,PG 33:0:0,1.62,37108.5,42318.7,43697.0,47348.3,241.217201233,15,0,-0.43,2640.2,2778.0,3193.9,2815.7,283.264358521,18,0,0.36,7216.4,7989.0,9161.4,7244.4,None, None, None, None, None
735.519353178,H76 C39 O10 P1 ,PG,33,0,0,PG 33:0:0,1.62,37108.5,42318.7,43697.0,47348.3,255.233013153,16,0,0.23,40699.0,42307.6,43937.1,39921.0,269.248809814,17,0,0.76,45287.0,48858.4,45578.0,47619.8,None, None, None, None, None
741.472768095,H70 C40 O10 P1 ,PG,34,4,0,PG 34:4:0,2.10,69445.6,64074.4,58912.1,78071.6,227.201381683,14,0,-1.20,8028.9,8351.0,8720.4,9059.8,303.233070374,20,4,0.38,9467.8,9037.7,9092.5,9416.4,None, None, None, None, None
741.472768095,H70 C40 O10 P1 ,PG,34,4,0,PG 34:4:0,2.10,69445.6,64074.4,58912.1,78071.6,249.186012268,16,3,0.03,490.3,536.9,637.3,612.7,281.248748779,18,1,0.51,17597.2,18658.0,18988.6,18812.6,None, None, None, None, None
741.472768095,H70 C40 O10 P1 ,PG,34,4,0,PG 34:4:0,2.10,69445.6,64074.4,58912.1,78071.6,251.201667786,16,2,0.05,2499.6,2433.3,3221.9,2611.2,279.233078003,18,2,0.44,28681.2,30538.9,30355.0,30256.7,None, None, None, None, None
741.472768095,H70 C40 O10 P1 ,PG,34,4,0,PG 34:4:0,2.10,69445.6,64074.4,58912.1,78071.6,253.217365265,16,1,0.24,4956.7,4842.2,5128.1,5526.2,277.217399597,18,3,0.34,8862.9,8982.7,9484.8,9297.0,None, None, None, None, None
741.472768095,H70 C40 O10 P1 ,PG,34,4,0,PG 34:4:0,2.10,69445.6,64074.4,58912.1,78071.6,255.233032227,16,0,0.30,6425.1,7367.4,8201.4,6834.2,275.201728821,18,4,0.27,834.4,856.7,751.1,885.8,None, None, None, None, None
743.488225248,H72 C40 O10 P1 ,PG,34,3,0,PG 34:3:0,1.84,1360865.7,1531880.3,1493744.2,1507638.7,251.201660156,16,2,0.02,0.0,6273.0,9865.8,5346.5,281.248718262,18,1,0.40,55759.5,61827.2,52538.1,57810.9,None, None, None, None, None
743.488225248,H72 C40 O10 P1 ,PG,34,3,0,PG 34:3:0,1.84,1360865.7,1531880.3,1493744.2,1507638.7,253.217353821,16,1,0.19,370132.8,384250.1,371390.6,375212.2,279.233070374,18,2,0.41,1024128.3,1077616.1,1059091.0,1055792.3,None, None, None, None, None
743.488225248,H72 C40 O10 P1 ,PG,34,3,0,PG 34:3:0,1.84,1360865.7,1531880.3,1493744.2,1507638.7,255.233016968,16,0,0.24,271248.0,305245.7,300279.9,289512.4,277.217407227,18,3,0.37,564717.2,573038.3,583767.2,566158.7,None, None, None, None, None
745.503682401,H74 C40 O10 P1 ,PG,34,2,0,PG 34:2:0,1.57,41921530.8,44761666.6,45168371.9,44732489.2,253.217350006,16,1,0.18,1048532.2,1128151.2,1169400.1,1379655.7,281.248718262,18,1,0.40,3265882.1,3327824.2,3091922.3,3608937.4,None, None, None, None, None
745.503682401,H74 C40 O10 P1 ,PG,34,2,0,PG 34:2:0,1.57,41921530.8,44761666.6,45168371.9,44732489.2,255.233020782,16,0,0.26,19315923.4,18974007.6,18205675.1,20236667.3,279.233055115,18,2,0.36,53403343.4,54187569.7,51353006.3,56962914.2,None, None, None, None, None
747.518483427,H76 C40 O10 P1 ,PG,34,1,0,PG 34:1:0,0.43,91021476.1,97692665.7,98646057.8,97368568.1,255.233013153,16,0,0.23,44198177.1,45893723.2,44323081.6,44037010.7,281.248718262,18,1,0.40,132525814.3,133572759.4,130603849.5,129284492.1,None, None, None, None, None
757.503407743,H74 C41 O10 P1 ,PG,35,3,0,PG 35:3:0,1.18,53796.8,53909.4,52851.0,49505.8,235.170135498,15,3,-0.93,396.2,352.2,0.0,0.0,311.295837402,20,0,0.91,0.0,416.4,737.7,0.0,None, None, None, None, None
757.503407743,H74 C41 O10 P1 ,PG,35,3,0,PG 35:3:0,1.18,53796.8,53909.4,52851.0,49505.8,241.217185974,15,0,-0.49,1064.0,1181.3,1588.9,1554.0,305.248733521,20,3,0.42,7214.6,7528.7,7697.4,8073.1,None, None, None, None, None
757.503407743,H74 C41 O10 P1 ,PG,35,3,0,PG 35:3:0,1.18,53796.8,53909.4,52851.0,49505.8,253.217292786,16,1,-0.05,611.9,832.9,655.7,782.2,293.24887085,19,2,0.91,647.3,856.7,635.3,697.9,None, None, None, None, None
757.503407743,H74 C41 O10 P1 ,PG,35,3,0,PG 35:3:0,1.18,53796.8,53909.4,52851.0,49505.8,255.233024597,16,0,0.27,9259.4,11610.1,13696.1,10905.0,291.233215332,19,3,0.89,9415.3,10856.6,10528.4,10028.9,None, None, None, None, None
757.503407743,H74 C41 O10 P1 ,PG,35,3,0,PG 35:3:0,1.18,53796.8,53909.4,52851.0,49505.8,265.217506409,17,2,0.76,1681.6,1696.1,1818.1,1828.2,281.24874115,18,1,0.48,18121.8,20113.7,21758.9,20320.5,None, None, None, None, None
757.503407743,H74 C41 O10 P1 ,PG,35,3,0,PG 35:3:0,1.18,53796.8,53909.4,52851.0,49505.8,267.233154297,17,1,0.74,19799.9,21154.5,21246.5,22222.7,279.233078003,18,2,0.44,125107.7,133233.1,131255.4,135773.0,None, None, None, None, None
757.503407743,H74 C41 O10 P1 ,PG,35,3,0,PG 35:3:0,1.18,53796.8,53909.4,52851.0,49505.8,269.248847961,17,0,0.90,1798.0,1966.7,1953.2,1987.6,277.217422485,18,3,0.42,4616.0,4599.1,4975.0,4714.2,None, None, None, None, None
759.51869705,H76 C41 O10 P1 ,PG,35,2,0,PG 35:2:0,0.71,388841.5,396622.0,382540.0,365902.7,253.217334747,16,1,0.12,5926.0,4729.5,5695.7,6431.3,295.264289856,19,1,0.12,5033.7,5122.7,4552.5,5574.9,None, None, None, None, None
759.51869705,H76 C41 O10 P1 ,PG,35,2,0,PG 35:2:0,0.71,388841.5,396622.0,382540.0,365902.7,255.233024597,16,0,0.27,24149.3,22634.0,30171.3,25456.8,293.248893738,19,2,0.98,25384.0,26072.2,24873.0,27017.7,None, None, None, None, None
759.51869705,H76 C41 O10 P1 ,PG,35,2,0,PG 35:2:0,0.71,388841.5,396622.0,382540.0,365902.7,265.217536926,17,2,0.87,3727.8,3563.1,3553.1,4089.4,283.264350891,18,0,0.34,5266.2,7717.5,10106.6,5828.8,None, None, None, None, None
759.51869705,H76 C41 O10 P1 ,PG,35,2,0,PG 35:2:0,0.71,388841.5,396622.0,382540.0,365902.7,267.233177185,17,1,0.83,48830.0,52541.3,53615.7,53157.5,281.248695374,18,1,0.32,202005.4,205652.1,205405.6,225139.4,None, None, None, None, None
759.51869705,H76 C41 O10 P1 ,PG,35,2,0,PG 35:2:0,0.71,388841.5,396622.0,382540.0,365902.7,269.248832703,17,0,0.84,131174.7,137205.6,137673.2,145802.5,279.233024597,18,2,0.25,490774.6,518240.8,522622.3,538865.7,None, None, None, None, None
761.534276273,H78 C41 O10 P1 ,PG,35,1,0,PG 35:1:0,0.61,592018.4,639734.9,628157.7,617309.2,255.233020782,16,0,0.26,124537.0,135130.9,126306.5,128363.2,295.264305115,19,1,0.17,195754.9,218526.9,212921.7,214746.4,None, None, None, None, None
761.534276273,H78 C41 O10 P1 ,PG,35,1,0,PG 35:1:0,0.61,592018.4,639734.9,628157.7,617309.2,267.233161926,17,1,0.77,41004.6,52555.3,43909.1,49246.8,283.264389038,18,0,0.47,21916.6,27616.1,26869.1,25903.2,None, None, None, None, None
761.534276273,H78 C41 O10 P1 ,PG,35,1,0,PG 35:1:0,0.61,592018.4,639734.9,628157.7,617309.2,269.248825073,17,0,0.82,210561.6,233367.0,223113.8,225416.2,281.248725891,18,1,0.43,711150.0,765268.8,743734.6,737014.6,None, None, None, None, None
767.487584379,H72 C42 O10 P1 ,PG,36,5,0,PG 36:5:0,0.94,118578.7,119628.2,151266.0,137817.9,227.201370239,14,0,-1.25,4847.5,5038.0,5039.4,5008.9,329.248832703,22,5,0.69,2348.6,2712.1,2725.9,2709.0,None, None, None, None, None
767.487584379,H72 C42 O10 P1 ,PG,36,5,0,PG 36:5:0,0.94,118578.7,119628.2,151266.0,137817.9,253.217350006,16,1,0.18,30204.8,31551.8,31909.0,34245.7,303.233100891,20,4,0.48,32106.4,34675.7,36249.8,36619.0,None, None, None, None, None
767.487584379,H72 C42 O10 P1 ,PG,36,5,0,PG 36:5:0,0.94,118578.7,119628.2,151266.0,137817.9,255.233013153,16,0,0.23,17319.7,18884.0,19749.8,20761.6,301.217430115,20,5,0.41,3021.8,3447.3,3178.6,4046.6,None, None, None, None, None
767.487584379,H72 C42 O10 P1 ,PG,36,5,0,PG 36:5:0,0.94,118578.7,119628.2,151266.0,137817.9,277.217414856,18,3,0.40,10494.6,11069.0,10575.9,11328.2,279.233070374,18,2,0.41,44344.8,46816.6,46044.5,51716.6,None, None, None, None, None
769.503133085,H74 C42 O10 P1 ,PG,36,4,0,PG 36:4:0,0.81,5483116.4,5709578.4,5896755.4,5762518.6,255.233005524,16,0,0.20,2002307.9,2246939.8,2185001.8,2367122.6,303.233100891,20,4,0.48,2233050.5,2443859.7,2416181.8,2445426.3,None, None, None, None, None
769.503133085,H74 C42 O10 P1 ,PG,36,4,0,PG 36:4:0,0.81,5483116.4,5709578.4,5896755.4,5762518.6,277.217422485,18,3,0.42,46198.5,39913.8,35417.2,39362.4,281.248748779,18,1,0.51,58787.1,74413.4,69267.8,61991.5,None, None, None, None, None
769.503133085,H74 C42 O10 P1 ,PG,36,4,0,PG 36:4:0,0.81,5483116.4,5709578.4,5896755.4,5762518.6,279.233055115,18,2,0.36,634172.1,694356.5,768804.0,750114.9,279.233055115,18,2,0.36,634172.1,694356.5,768804.0,750114.9,None, None, None, None, None
771.518651273,H76 C42 O10 P1 ,PG,36,3,0,PG 36:3:0,0.64,3972700.0,4239659.0,4373094.8,4176356.2,255.233009338,16,0,0.21,495384.5,581658.7,570064.0,612138.9,305.24874115,20,3,0.45,1141076.3,1179894.4,1315394.8,1317700.6,None, None, None, None, None
771.518651273,H76 C42 O10 P1 ,PG,36,3,0,PG 36:3:0,0.64,3972700.0,4239659.0,4373094.8,4176356.2,277.217407227,18,3,0.37,96685.7,121959.0,100482.7,111168.4,283.264335632,18,0,0.28,65740.2,66597.8,54990.9,68467.5,None, None, None, None, None
771.518651273,H76 C42 O10 P1 ,PG,36,3,0,PG 36:3:0,0.64,3972700.0,4239659.0,4373094.8,4176356.2,279.233055115,18,2,0.36,3224105.7,3546137.1,3612573.0,3765900.8,281.248710632,18,1,0.37,1730527.9,1914875.4,1939277.2,2022898.6,None, None, None, None, None
773.53432205,H78 C42 O10 P1 ,PG,36,2,0,PG 36:2:0,0.66,17928062.1,19192645.4,19582415.3,19134689.7,255.233009338,16,0,0.21,209807.7,288455.9,194458.9,207084.1,307.264396667,20,2,0.46,545111.2,583650.6,617343.5,618711.6,None, None, None, None, None
773.53432205,H78 C42 O10 P1 ,PG,36,2,0,PG 36:2:0,0.66,17928062.1,19192645.4,19582415.3,19134689.7,279.233070374,18,2,0.41,17644317.3,20773381.7,18867541.7,19772710.2,283.264396667,18,0,0.50,6990531.5,7909133.1,7481773.6,7876495.8,None, None, None, None, None
773.53432205,H78 C42 O10 P1 ,PG,36,2,0,PG 36:2:0,0.66,17928062.1,19192645.4,19582415.3,19134689.7,281.248725891,18,1,0.43,7792250.0,8962194.6,8447278.9,8704422.2,281.248725891,18,1,0.43,7792250.0,8962194.6,8447278.9,8704422.2,None, None, None, None, None
783.518788603,H76 C43 O10 P1 ,PG,37,4,0,PG 37:4:0,0.80,51022.5,72947.6,80435.3,63627.7,241.217152913,15,0,-0.63,0.0,644.3,548.1,722.5,331.264480591,22,4,0.68,27723.7,29285.4,30359.9,31462.4,None, None, None, None, None
783.518788603,H76 C43 O10 P1 ,PG,37,4,0,PG 37:4:0,0.80,51022.5,72947.6,80435.3,63627.7,255.233016968,16,0,0.24,18780.9,22880.7,24451.4,21405.1,317.24861908,21,4,0.04,4821.6,5751.9,5602.7,6080.0,None, None, None, None, None
783.518788603,H76 C43 O10 P1 ,PG,37,4,0,PG 37:4:0,0.80,51022.5,72947.6,80435.3,63627.7,267.23311615,17,1,0.60,842.0,734.6,736.7,710.9,305.248725891,20,3,0.40,3450.3,4076.1,3953.4,4020.4,None, None, None, None, None
783.518788603,H76 C43 O10 P1 ,PG,37,4,0,PG 37:4:0,0.80,51022.5,72947.6,80435.3,63627.7,269.248825073,17,0,0.82,21328.9,22322.2,21761.4,23365.5,303.233085632,20,4,0.43,38794.1,39575.2,40771.2,43255.1,None, None, None, None, None
783.518788603,H76 C43 O10 P1 ,PG,37,4,0,PG 37:4:0,0.80,51022.5,72947.6,80435.3,63627.7,279.233070374,18,2,0.41,5618.7,6217.7,5784.8,6926.9,293.248924255,19,2,1.09,600.0,482.5,582.5,670.1,None, None, None, None, None
783.518788603,H76 C43 O10 P1 ,PG,37,4,0,PG 37:4:0,0.80,51022.5,72947.6,80435.3,63627.7,281.24874115,18,1,0.48,18947.7,20732.9,20839.5,23746.3,291.233192444,19,3,0.81,539.5,602.6,551.6,506.3,None, None, None, None, None
783.518788603,H76 C43 O10 P1 ,PG,37,4,0,PG 37:4:0,0.80,51022.5,72947.6,80435.3,63627.7,283.264419556,18,0,0.58,5220.4,8084.8,10380.1,6181.0,289.217475891,19,4,0.59,1045.7,888.4,1284.0,1063.7,None, None, None, None, None
787.549824979,H80 C43 O10 P1 ,PG,37,2,0,PG 37:2:0,0.46,76932.2,101600.9,90323.9,95563.9,241.217330933,15,0,0.11,0.0,0.0,873.4,0.0,335.295761108,22,2,0.61,704.7,0.0,741.3,0.0,None, None, None, None, None
787.549824979,H80 C43 O10 P1 ,PG,37,2,0,PG 37:2:0,0.46,76932.2,101600.9,90323.9,95563.9,255.232952118,16,0,-0.01,241956.5,240386.4,231817.1,244036.3,321.279907227,21,2,0.01,0.0,0.0,715.0,0.0,None, None, None, None, None
787.549824979,H80 C43 O10 P1 ,PG,37,2,0,PG 37:2:0,0.46,76932.2,101600.9,90323.9,95563.9,267.233078003,17,1,0.46,700.5,0.0,481.8,0.0,309.280075073,20,1,0.55,1321.0,0.0,889.9,0.0,None, None, None, None, None
787.549824979,H80 C43 O10 P1 ,PG,37,2,0,PG 37:2:0,0.46,76932.2,101600.9,90323.9,95563.9,269.248789469,17,0,0.68,1352.9,1930.3,1319.9,0.0,307.264442444,20,2,0.61,4482.5,3646.7,4313.2,5514.4,None, None, None, None, None
787.549824979,H80 C43 O10 P1 ,PG,37,2,0,PG 37:2:0,0.46,76932.2,101600.9,90323.9,95563.9,279.233070374,18,2,0.41,95778.4,101981.2,102636.9,106050.6,297.279983521,19,0,0.26,30877.8,32630.2,34615.7,35619.1,None, None, None, None, None
787.549824979,H80 C43 O10 P1 ,PG,37,2,0,PG 37:2:0,0.46,76932.2,101600.9,90323.9,95563.9,281.248718262,18,1,0.40,160341.9,166891.4,160181.6,164813.1,295.264305115,19,1,0.17,16866.8,19598.7,16805.1,15880.6,None, None, None, None, None
787.549824979,H80 C43 O10 P1 ,PG,37,2,0,PG 37:2:0,0.46,76932.2,101600.9,90323.9,95563.9,283.264396667,18,0,0.50,10072.5,11763.2,13331.5,10603.6,293.248908997,19,2,1.04,8652.8,8150.8,9139.6,9937.8,None, None, None, None, None
789.565739896,H82 C43 O10 P1 ,PG,37,1,0,PG 37:1:0,0.80,52180.7,63775.5,69909.4,73009.9,255.232772827,16,0,-0.71,563228.2,546751.6,529531.8,577659.8,323.295654297,21,1,0.31,0.0,812.3,485.9,560.8,None, None, None, None, None
789.565739896,H82 C43 O10 P1 ,PG,37,1,0,PG 37:1:0,0.80,52180.7,63775.5,69909.4,73009.9,269.248832703,17,0,0.84,1281.4,1013.9,948.7,1019.1,309.280090332,20,1,0.60,2319.2,3230.1,2929.9,2847.7,None, None, None, None, None
789.565739896,H82 C43 O10 P1 ,PG,37,1,0,PG 37:1:0,0.80,52180.7,63775.5,69909.4,73009.9,281.248725891,18,1,0.43,100136.9,103696.6,103645.5,111479.5,297.279983521,19,0,0.26,29300.4,32045.9,30029.8,31882.8,None, None, None, None, None
789.565739896,H82 C43 O10 P1 ,PG,37,1,0,PG 37:1:0,0.80,52180.7,63775.5,69909.4,73009.9,283.264396667,18,0,0.50,31537.2,34221.7,36084.5,34597.4,295.264297485,19,1,0.14,32190.7,34314.8,34251.7,36101.3,None, None, None, None, None
793.503300932,H74 C44 O10 P1 ,PG,38,6,0,PG 38:6:0,1.00,1485579.4,1572024.8,1592653.2,1558387.1,253.21736908,16,1,0.25,52337.4,48902.3,44903.9,43766.9,329.249008179,22,5,1.22,7181.3,0.0,4895.3,0.0,None, None, None, None, None
793.503300932,H74 C44 O10 P1 ,PG,38,6,0,PG 38:6:0,1.00,1485579.4,1572024.8,1592653.2,1558387.1,255.233009338,16,0,0.21,574386.8,640370.8,610444.4,662285.3,327.233146667,22,6,0.58,126001.7,135549.0,137092.6,133322.6,None, None, None, None, None
793.503300932,H74 C44 O10 P1 ,PG,38,6,0,PG 38:6:0,1.00,1485579.4,1572024.8,1592653.2,1558387.1,279.233078003,18,2,0.44,15939.1,22020.3,17747.8,21047.8,303.233131409,20,4,0.58,10233.5,12521.9,13700.6,15071.2,None, None, None, None, None
799.550343778,H80 C44 O10 P1 ,PG,38,3,0,PG 38:3:0,1.10,862792.0,890934.9,888886.5,898911.9,255.233005524,16,0,0.20,36552.8,32795.0,38360.0,36560.5,333.280166626,22,3,0.78,28248.7,32756.0,29494.2,34830.0,None, None, None, None, None
799.550343778,H80 C44 O10 P1 ,PG,38,3,0,PG 38:3:0,1.10,862792.0,890934.9,888886.5,898911.9,279.233070374,18,2,0.41,165332.5,172072.7,170804.7,170142.4,309.280067444,20,1,0.52,37254.6,37008.0,34967.8,38677.2,None, None, None, None, None
799.550343778,H80 C44 O10 P1 ,PG,38,3,0,PG 38:3:0,1.10,862792.0,890934.9,888886.5,898911.9,281.24874115,18,1,0.48,153322.5,166606.7,172493.5,180541.4,307.264350891,20,2,0.31,73221.3,67740.4,83596.6,71077.7,None, None, None, None, None
799.550343778,H80 C44 O10 P1 ,PG,38,3,0,PG 38:3:0,1.10,862792.0,890934.9,888886.5,898911.9,283.264404297,18,0,0.53,519277.2,532547.9,571403.8,558996.3,305.248748779,20,3,0.47,748933.9,772370.1,778043.4,819677.2,None, None, None, None, None
801.565984037,H82 C44 O10 P1 ,PG,38,2,0,PG 38:2:0,1.09,219672.0,247445.4,226139.5,221365.7,255.233016968,16,0,0.24,80302.8,113989.3,151914.7,127449.0,335.295837402,22,2,0.84,5551.4,5480.8,5951.2,5886.1,None, None, None, None, None
801.565984037,H82 C44 O10 P1 ,PG,38,2,0,PG 38:2:0,1.09,219672.0,247445.4,226139.5,221365.7,279.233100891,18,2,0.52,120191.9,123197.8,119371.9,123711.6,311.295730591,20,0,0.56,16672.7,17924.7,14801.7,17047.9,None, None, None, None, None
801.565984037,H82 C44 O10 P1 ,PG,38,2,0,PG 38:2:0,1.09,219672.0,247445.4,226139.5,221365.7,281.248718262,18,1,0.40,212881.3,219495.5,213231.7,221723.2,309.280067444,20,1,0.52,59158.1,63500.1,61453.5,63843.5,None, None, None, None, None
801.565984037,H82 C44 O10 P1 ,PG,38,2,0,PG 38:2:0,1.09,219672.0,247445.4,226139.5,221365.7,283.264381409,18,0,0.44,53917.5,56906.6,55717.9,55392.2,307.264442444,20,2,0.61,140177.2,152989.8,142499.9,151992.4,None, None, None, None, None
803.581563261,H84 C44 O10 P1 ,PG,38,1,0,PG 38:1:0,1.00,54945.4,57563.3,53872.9,59687.9,255.23299408,16,0,0.15,724706.8,772602.6,795338.1,859606.7,337.31149292,22,1,0.85,8561.2,0.0,6250.6,0.0,None, None, None, None, None
803.581563261,H84 C44 O10 P1 ,PG,38,1,0,PG 38:1:0,1.00,54945.4,57563.3,53872.9,59687.9,281.248695374,18,1,0.32,268092.0,275123.5,268426.5,276254.6,311.295753479,20,0,0.64,11845.2,13965.3,13770.9,13247.6,None, None, None, None, None
803.581563261,H84 C44 O10 P1 ,PG,38,1,0,PG 38:1:0,1.00,54945.4,57563.3,53872.9,59687.9,283.264343262,18,0,0.31,33184.0,38541.7,38610.9,36643.6,309.280044556,20,1,0.45,69850.2,82610.7,80117.1,86901.0,None, None, None, None, None
809.534398344,H78 C45 O10 P1 ,PG,39,5,0,PG 39:5:0,0.73,30500.1,0.0,0.0,0.0,241.217197418,15,0,-0.45,547.6,974.8,711.7,670.1,357.280075073,24,5,0.47,0.0,0.0,742.6,535.2,None, None, None, None, None
809.534398344,H78 C45 O10 P1 ,PG,39,5,0,PG 39:5:0,0.73,30500.1,0.0,0.0,0.0,267.233139038,17,1,0.69,2061.1,1779.7,1919.4,1622.4,331.26448822,22,4,0.70,8478.3,10032.5,9663.3,10760.1,None, None, None, None, None
809.534398344,H78 C45 O10 P1 ,PG,39,5,0,PG 39:5:0,0.73,30500.1,0.0,0.0,0.0,269.248840332,17,0,0.87,7368.1,8071.8,8853.6,7655.8,329.248802185,22,5,0.60,20717.0,24772.1,23027.1,24065.1,None, None, None, None, None
809.534398344,H78 C45 O10 P1 ,PG,39,5,0,PG 39:5:0,0.73,30500.1,0.0,0.0,0.0,281.248733521,18,1,0.46,78935.8,83888.1,90807.1,89634.7,317.248641968,21,4,0.12,551.3,0.0,0.0,591.2,None, None, None, None, None
809.534398344,H78 C45 O10 P1 ,PG,39,5,0,PG 39:5:0,0.73,30500.1,0.0,0.0,0.0,295.264297485,19,1,0.14,1720.0,1539.0,1493.9,1562.2,303.233078003,20,4,0.40,4258.9,4338.7,4400.5,5122.9,None, None, None, None, None
811.549779203,H80 C45 O10 P1 ,PG,39,4,0,PG 39:4:0,0.39,0.0,0.0,0.0,35958.8,255.233005524,16,0,0.20,154738.3,150560.9,161799.8,104787.0,345.280059814,23,4,0.45,0.0,0.0,0.0,1022.9,None, None, None, None, None
811.549779203,H80 C45 O10 P1 ,PG,39,4,0,PG 39:4:0,0.39,0.0,0.0,0.0,35958.8,269.24887085,17,0,0.99,0.0,0.0,0.0,1568.4,331.264472961,22,4,0.66,29884.2,36146.1,31455.3,33276.2,None, None, None, None, None
811.549779203,H80 C45 O10 P1 ,PG,39,4,0,PG 39:4:0,0.39,0.0,0.0,0.0,35958.8,297.279968262,19,0,0.21,9289.3,10592.5,10422.7,10590.2,303.233009338,20,4,0.18,12131.3,13441.5,8878.6,13002.9,None, None, None, None, None
819.518498686,H76 C46 O10 P1 ,PG,40,7,0,PG 40:7:0,0.41,84243.4,98002.2,93914.6,92214.0,281.248710632,18,1,0.37,125022.6,132462.4,125168.7,128538.7,327.233085632,22,6,0.40,4198.5,3311.5,3352.7,2918.3,None, None, None, None, None
821.534642484,H78 C46 O10 P1 ,PG,40,6,0,PG 40:6:0,1.01,501774.3,531139.9,558471.8,516282.8,281.248718262,18,1,0.40,1841524.2,1684736.7,1744303.6,1681795.6,329.248786926,22,5,0.55,17727.5,22486.5,19525.6,25119.4,None, None, None, None, None
821.534642484,H78 C46 O10 P1 ,PG,40,6,0,PG 40:6:0,1.01,501774.3,531139.9,558471.8,516282.8,283.264389038,18,0,0.47,197031.5,220411.0,217341.1,216575.8,327.23311615,22,6,0.49,41821.6,39350.5,44163.8,41316.1,None, None, None, None, None
821.534642484,H78 C46 O10 P1 ,PG,40,6,0,PG 40:6:0,1.01,501774.3,531139.9,558471.8,516282.8,303.233113607,20,4,0.52,7598.2,9823.6,0.0,10748.0,307.264373779,20,2,0.39,6530.2,0.0,0.0,8704.1,None, None, None, None, None
823.55019119,H80 C46 O10 P1 ,PG,40,5,0,PG 40:5:0,0.89,956527.3,1089816.8,1076137.8,1061781.7,255.232997894,16,0,0.17,239415.0,257469.1,239585.6,218653.5,357.28012085,24,5,0.60,8478.4,9124.8,9292.2,0.0,None, None, None, None, None
823.55019119,H80 C46 O10 P1 ,PG,40,5,0,PG 40:5:0,0.89,956527.3,1089816.8,1076137.8,1061781.7,281.248725891,18,1,0.43,659599.9,643254.6,623451.2,575192.1,331.264457703,22,4,0.61,8147.2,11021.5,11945.5,14879.6,None, None, None, None, None
823.55019119,H80 C46 O10 P1 ,PG,40,5,0,PG 40:5:0,0.89,956527.3,1089816.8,1076137.8,1061781.7,283.264381409,18,0,0.44,460679.9,500603.4,497586.1,506755.8,329.248786926,22,5,0.55,244310.9,267182.9,254202.0,269431.7,None, None, None, None, None
823.55019119,H80 C46 O10 P1 ,PG,40,5,0,PG 40:5:0,0.89,956527.3,1089816.8,1076137.8,1061781.7,303.233039856,20,4,0.28,25312.9,16489.7,25742.2,20270.2,309.28012085,20,1,0.70,12257.3,12980.5,9771.7,11272.4,None, None, None, None, None
,,,,,,,,,,,,,,,,,,,,,,,,,,,,,,,,
,,,,,,,,,,,,,,,,,,,,,,,,,,,,,,,,
###,PGCOCO,,,,,,,,,,,,,,,,,,,,,,,,,,,,,,,
,,,,,,,,,,,,,,,,,,,,,,,,,,,,,,,,
,,,,,,,,,,,,,,,,,,,,,,,,,,,,,,,,
###,PGCO,,,,,,,,,,,,,,,,,,,,,,,,,,,,,,,
741.472768095,H70 C40 O10 P1 ,PG,34,4,0,PG 34:4:0,2.10,69445.6,64074.4,58912.1,78071.6,281.248748779,18,1,0.51,17597.2,18658.0,18988.6,18812.6,249.186012268,16,3,0.03,490.3,536.9,637.3,612.7,205.195617676,837.9,939.7,1071.0,1078.5
741.472768095,H70 C40 O10 P1 ,PG,34,4,0,PG 34:4:0,2.10,69445.6,64074.4,58912.1,78071.6,227.201381683,14,0,-1.20,8028.9,8351.0,8720.4,9059.8,303.233070374,20,4,0.38,9467.8,9037.7,9092.5,9416.4,259.243247986,1309.3,1208.2,1112.6,1162.2
743.488225248,H72 C40 O10 P1 ,PG,34,3,0,PG 34:3:0,1.84,1360865.7,1531880.3,1493744.2,1507638.7,255.233016968,16,0,0.24,271248.0,305245.7,300279.9,289512.4,277.217407227,18,3,0.37,564717.2,573038.3,583767.2,566158.7,233.227237701,9761.4,11099.7,11642.5,10435.5
757.503407743,H74 C41 O10 P1 ,PG,35,3,0,PG 35:3:0,1.18,53796.8,53909.4,52851.0,49505.8,255.233024597,16,0,0.27,9259.4,11610.1,13696.1,10905.0,291.233215332,19,3,0.89,9415.3,10856.6,10528.4,10028.9,247.243133545,0.0,431.9,0.0,0.0
767.487584379,H72 C42 O10 P1 ,PG,36,5,0,PG 36:5:0,0.94,118578.7,119628.2,151266.0,137817.9,279.233070374,18,2,0.41,44344.8,46816.6,46044.5,51716.6,277.217414856,18,3,0.40,10494.6,11069.0,10575.9,11328.2,233.227279663,683.3,1085.1,713.0,939.8
767.487584379,H72 C42 O10 P1 ,PG,36,5,0,PG 36:5:0,0.94,118578.7,119628.2,151266.0,137817.9,255.233013153,16,0,0.23,17319.7,18884.0,19749.8,20761.6,301.217430115,20,5,0.41,3021.8,3447.3,3178.6,4046.6,257.227546692,1014.8,1291.6,938.4,1344.0
767.487584379,H72 C42 O10 P1 ,PG,36,5,0,PG 36:5:0,0.94,118578.7,119628.2,151266.0,137817.9,253.217350006,16,1,0.18,30204.8,31551.8,31909.0,34245.7,303.233100891,20,4,0.48,32106.4,34675.7,36249.8,36619.0,259.243232727,4269.3,4346.2,3921.8,4687.7
767.487584379,H72 C42 O10 P1 ,PG,36,5,0,PG 36:5:0,0.94,118578.7,119628.2,151266.0,137817.9,227.201370239,14,0,-1.25,4847.5,5038.0,5039.4,5008.9,329.248832703,22,5,0.69,2348.6,2712.1,2725.9,2709.0,285.25894165,911.8,830.0,709.9,1264.2
769.503133085,H74 C42 O10 P1 ,PG,36,4,0,PG 36:4:0,0.81,5483116.4,5709578.4,5896755.4,5762518.6,255.233005524,16,0,0.20,2002307.9,2246939.8,2185001.8,2367122.6,303.233100891,20,4,0.48,2233050.5,2443859.7,2416181.8,2445426.3,259.243225098,271096.5,320844.8,320850.7,316024.9
783.518788603,H76 C43 O10 P1 ,PG,37,4,0,PG 37:4:0,0.80,51022.5,72947.6,80435.3,63627.7,269.248825073,17,0,0.82,21328.9,22322.2,21761.4,23365.5,303.233085632,20,4,0.43,38794.1,39575.2,40771.2,43255.1,259.243209839,4624.6,5529.4,4579.2,5390.2
783.518788603,H76 C43 O10 P1 ,PG,37,4,0,PG 37:4:0,0.80,51022.5,72947.6,80435.3,63627.7,255.233016968,16,0,0.24,18780.9,22880.7,24451.4,21405.1,317.24861908,21,4,0.04,4821.6,5751.9,5602.7,6080.0,273.259048462,451.9,0.0,595.6,0.0
783.518788603,H76 C43 O10 P1 ,PG,37,4,0,PG 37:4:0,0.80,51022.5,72947.6,80435.3,63627.7,241.217152913,15,0,-0.63,0.0,644.3,548.1,722.5,331.264480591,22,4,0.68,27723.7,29285.4,30359.9,31462.4,287.274627686,966.6,1237.8,1258.8,1194.9
793.503300932,H74 C44 O10 P1 ,PG,38,6,0,PG 38:6:0,1.00,1485579.4,1572024.8,1592653.2,1558387.1,255.233009338,16,0,0.21,574386.8,640370.8,610444.4,662285.3,327.233146667,22,6,0.58,126001.7,135549.0,137092.6,133322.6,283.243293762,122937.6,127496.1,133888.1,127979.5
799.550343778,H80 C44 O10 P1 ,PG,38,3,0,PG 38:3:0,1.10,862792.0,890934.9,888886.5,898911.9,283.264404297,18,0,0.53,519277.2,532547.9,571403.8,558996.3,305.248748779,20,3,0.47,748933.9,772370.1,778043.4,819677.2,261.258768717,10180.6,9981.0,0.0,7890.6
809.534398344,H78 C45 O10 P1 ,PG,39,5,0,PG 39:5:0,0.73,30500.1,0.0,0.0,0.0,295.264297485,19,1,0.14,1720.0,1539.0,1493.9,1562.2,303.233078003,20,4,0.40,4258.9,4338.7,4400.5,5122.9,259.243245443,0.0,832.3,834.5,957.7
809.534398344,H78 C45 O10 P1 ,PG,39,5,0,PG 39:5:0,0.73,30500.1,0.0,0.0,0.0,269.248840332,17,0,0.87,7368.1,8071.8,8853.6,7655.8,329.248802185,22,5,0.60,20717.0,24772.1,23027.1,24065.1,285.258926392,8287.0,9499.4,9244.8,9216.2
809.534398344,H78 C45 O10 P1 ,PG,39,5,0,PG 39:5:0,0.73,30500.1,0.0,0.0,0.0,267.233139038,17,1,0.69,2061.1,1779.7,1919.4,1622.4,331.26448822,22,4,0.70,8478.3,10032.5,9663.3,10760.1,287.274536133,0.0,0.0,649.7,0.0
819.518498686,H76 C46 O10 P1 ,PG,40,7,0,PG 40:7:0,0.41,84243.4,98002.2,93914.6,92214.0,281.248710632,18,1,0.37,125022.6,132462.4,125168.7,128538.7,327.233085632,22,6,0.40,4198.5,3311.5,3352.7,2918.3,283.243438721,0.0,3890.6,0.0,0.0
821.534642484,H78 C46 O10 P1 ,PG,40,6,0,PG 40:6:0,1.01,501774.3,531139.9,558471.8,516282.8,283.264389038,18,0,0.47,197031.5,220411.0,217341.1,216575.8,327.23311615,22,6,0.49,41821.6,39350.5,44163.8,41316.1,283.243301392,38696.0,42687.0,32889.8,41768.1
821.534642484,H78 C46 O10 P1 ,PG,40,6,0,PG 40:6:0,1.01,501774.3,531139.9,558471.8,516282.8,281.248718262,18,1,0.40,1841524.2,1684736.7,1744303.6,1681795.6,329.248786926,22,5,0.55,17727.5,22486.5,19525.6,25119.4,285.259043376,7353.7,8049.5,7216.5,0.0
823.55019119,H80 C46 O10 P1 ,PG,40,5,0,PG 40:5:0,0.89,956527.3,1089816.8,1076137.8,1061781.7,283.264381409,18,0,0.44,460679.9,500603.4,497586.1,506755.8,329.248786926,22,5,0.55,244310.9,267182.9,254202.0,269431.7,285.258926392,99163.3,105901.4,102966.2,107919.8
